position,gap,merit
25056082543,456,19.044132
42652618807,464,18.957071
36172730507,444,18.262909
63816175897,450,18.087345
87241771051,432,17.148336
49914935591,414,16.806322
50308422937,414,16.800968
82490815543,420,16.709133
87468331943,420,16.670277
10726905041,382,16.539646
22367085353,394,16.533186
49306638713,406,16.489771
44293346579,402,16.398726
47394165089,402,16.353586
40267027987,398,16.298918
47203303559,400,16.274897
98276144503,410,16.198462
20678048681,384,16.166830
85057565909,406,16.132498
50806026269,396,16.064074
16161670163,376,15.995978
64636853131,398,15.989040
58148879143,396,15.976585
4302407713,354,15.958569
29422943237,384,15.930278
23323809121,380,15.917737
94746870943,402,15.905375
35238645973,386,15.894318
53241806041,390,15.790682
54258843929,390,15.778594
86842077349,396,15.722174
42450871423,384,15.691650
23064762037,374,15.673737
20404138151,372,15.670413
95100865553,396,15.665670
95695076819,396,15.661811
50791075879,386,15.658603
50840705593,386,15.657982
50929737083,384,15.575747
46422783479,382,15.553077
78263017253,390,15.548168
81794485027,390,15.520859
38116958197,378,15.514742
93493216139,390,15.438725
93722758691,390,15.437225
94336383259,390,15.433239
95170716799,390,15.427863
20108776463,366,15.427141
39208362227,376,15.414792
78522036973,386,15.386673
53478104833,380,15.383035
72482606681,384,15.355938
72871637653,384,15.352652
61529901889,380,15.296189
62355664339,380,15.287985
81106631447,384,15.287214
63180852487,380,15.279903
11705478217,354,15.269597
44266005211,374,15.256910
3842611109,336,15.224688
16792321697,358,15.205451
25425617681,364,15.192606
96258637997,384,15.183684
20068818557,360,15.175509
67789610509,378,15.156573
27056880701,364,15.153276
4275912997,336,15.151335
30985870829,366,15.151015
80511361753,380,15.132410
54316321837,374,15.130618
54946824721,374,15.123557
32590442167,366,15.119415
73808951071,378,15.105048
85462740871,380,15.096531
34434091163,366,15.085124
88621262971,380,15.074796
79268240137,378,15.062099
53236891619,372,15.061937
55053046949,372,15.041508
62931636991,374,15.041032
98427818779,380,15.012293
57775523669,372,15.012209
99096005497,380,15.008282
89899049951,378,14.986944
60588893461,372,14.983459
69672631117,374,14.979730
95058170731,378,14.953859
11291402183,346,14.947742
51430518781,368,14.920835
45744558649,366,14.910574
59942358941,370,14.909346
35877724963,362,14.895046
92669139209,376,14.889732
24355072873,356,14.885428
32331295273,360,14.876462
21901153861,354,14.867825
16808773627,350,14.865047
8605261787,340,14.862972
57133794889,368,14.857484
2300942869,320,14.844652
51447584809,366,14.839545
78287193371,372,14.830378
23586140783,354,14.821685
80934509459,372,14.810741
14066075693,346,14.807187
36452315071,360,14.803076
37680716831,360,14.782928
97292866687,374,14.782029
17002876991,348,14.772900
38423358793,360,14.771091
19656062197,350,14.766904
5893180453,332,14.757483
26495188103,354,14.749859
30553665679,356,14.745627
10420858013,340,14.739623
12010745911,342,14.735620
40830835511,360,14.734350
36455872949,358,14.720778
41984598569,360,14.717565
65595440467,366,14.694798
76331775241,368,14.685720
87543565541,370,14.685219
66929052977,366,14.682934
22625831317,350,14.679756
69199214137,366,14.663312
69221356397,366,14.663123
70865436209,366,14.649347
47416681157,360,14.644719
6291356339,330,14.626076
75269608849,366,14.614079
22161939949,348,14.608564
14785772999,342,14.604817
51228538783,360,14.598799
25826558323,350,14.598742
13071556577,340,14.596218
13088173499,340,14.595423
13102977119,340,14.594714
89477655391,368,14.593183
39580415107,356,14.589207
69249279893,364,14.582762
60472788919,362,14.581804
30750893153,352,14.576061
81168116243,366,14.570187
27154561717,350,14.568273
94796393977,368,14.559843
83340051577,366,14.554886
73296368687,364,14.549654
37873942037,354,14.533494
33360043949,352,14.527071
22495638527,346,14.515501
19724087611,344,14.511642
25995596969,348,14.511372
14992102427,340,14.510821
79218274523,364,14.504608
60253846021,360,14.503362
23014220153,346,14.501636
35066524421,352,14.497223
5837935699,326,14.496851
61434735613,360,14.492029
81309565313,364,14.489564
53815514939,358,14.488749
18391148801,342,14.469983
64228993373,360,14.466127
64649807003,360,14.462332
37425662693,352,14.458451
74940444673,362,14.456892
99181133873,366,14.454854
33268831051,350,14.446163
87839575673,364,14.445145
29028147017,348,14.444910
44825168123,354,14.433641
68843888293,360,14.425904
17231203559,340,14.425124
69181360799,360,14.423079
20092280939,342,14.416023
80986510321,362,14.412234
20232428191,342,14.411801
93869808281,364,14.407184
71861785981,360,14.401146
23912414437,344,14.394712
21281576761,342,14.381164
87359723203,362,14.368899
50408143031,354,14.364890
9589542323,330,14.357852
78469060933,360,14.350651
52134963071,354,14.345283
39705908797,350,14.341461
60911369107,356,14.335944
93765062983,362,14.328656
4373000039,318,14.325153
94776641941,362,14.322573
11690514571,332,14.321429
71900083181,358,14.320834
35962711417,348,14.317600
15656276717,336,14.313624
63436099333,356,14.312536
63750576523,356,14.309691
20865354527,340,14.308948
7852076137,326,14.308259
49218989531,352,14.297584
24540617551,342,14.295510
87212919823,360,14.290467
57315567811,354,14.290421
87346520869,360,14.289599
87425779499,360,14.289084
88353213563,360,14.283102
10915392541,330,14.277408
89573563883,360,14.275332
90269098589,360,14.270956
29977498813,344,14.259829
92189819633,360,14.259054
92508256583,360,14.257108
92647116539,360,14.256261
26238495089,342,14.255647
13020477103,332,14.255175
93645925871,360,14.250210
82623496259,358,14.241637
41186336131,348,14.238153
27103165919,342,14.236406
35938533923,346,14.235709
23648357561,340,14.233946
97860682057,360,14.225420
18311813189,336,14.218724
99041183957,360,14.218682
65582648557,354,14.213113
75595379773,356,14.212337
75887633137,356,14.210148
28618260113,342,14.204244
67493176627,354,14.196746
50949283459,350,14.196424
33558409303,344,14.193438
22076314651,338,14.191085
33741761983,344,14.190248
52675520077,350,14.177263
29987497811,342,14.176726
436273291,282,14.175285
61237225823,352,14.171822
61910567051,352,14.165585
46786083821,348,14.164276
72362889787,354,14.157191
36054297061,344,14.151549
13670661349,330,14.139715
57669478147,350,14.125438
7961074763,322,14.124151
66830180981,352,14.122128
58080021913,350,14.121394
67034672813,352,14.120398
67646634623,352,14.115252
51271655417,348,14.111691
70194077819,352,14.094359
14769172681,330,14.093043
61405003057,350,14.089747
53526074347,348,14.087110
40518278587,344,14.083920
35167811941,342,14.083696
13086861509,328,14.080351
54176640779,348,14.080224
54270769081,348,14.079235
72193807823,352,14.078525
96374677159,356,14.075871
35708677469,342,14.074850
97152263569,356,14.071399
85017318941,354,14.066530
85030291097,354,14.066445
2433630413,304,14.065837
55623844721,348,14.065222
8814551063,322,14.061338
99383804503,356,14.058780
24072190843,336,14.056035
75294663611,352,14.054884
49148447009,346,14.054693
56879633927,348,14.052542
11909571889,326,14.051355
88036719217,354,14.047050
58146540901,348,14.040052
58462488787,348,14.036983
89700618001,354,14.036622
14154570389,328,14.033104
90392548877,354,14.032346
33347149529,340,14.032054
91846784401,354,14.023475
4024713971,310,14.017179
80729632163,352,14.015880
10958688203,324,14.015418
94217941151,354,14.009329
34909973957,340,14.005580
26313748739,336,14.003876
17255317943,330,14.000025
62715290581,348,13.997337
72617040631,350,13.995261
97026324601,354,13.993064
17468497531,330,13.992736
73355626429,350,13.989600
73670233939,350,13.987207
17645691251,330,13.986751
41784035273,342,13.984424
64347013139,348,13.982891
99197474777,354,13.980834
86031729803,352,13.980469
75344165527,350,13.974660
31987173859,338,13.973524
8946149977,320,13.964963
18516866713,330,13.958241
90969327893,352,13.949551
79072439923,350,13.947762
59362386833,346,13.947718
69025754701,348,13.943567
92306682311,352,13.941487
69320484899,348,13.941187
19187736551,330,13.937261
69817485697,348,13.937199
81207395623,350,13.932970
61343723027,346,13.929282
70987296619,348,13.927930
16927488107,328,13.926510
72661176667,348,13.914950
54997857637,344,13.909916
73374104357,348,13.909519
73485525499,348,13.908676
73773206461,348,13.906505
47999366111,342,13.905574
23467357279,332,13.903502
74246205191,348,13.902953
48297852401,342,13.902070
64691655113,346,13.899547
74857481869,348,13.898401
9995440597,320,13.897698
48881012233,342,13.895291
49510049453,342,13.888076
90333507577,350,13.874148
21617945183,330,13.867416
79394832317,348,13.865813
12297880229,322,13.859779
80846941139,348,13.855807
19131566891,328,13.854507
70149253463,346,13.854469
81183069277,348,13.853518
3917587543,306,13.853211
60881031823,344,13.852988
81557279471,348,13.850983
19328817377,328,13.848508
39807292927,338,13.848307
53193209171,342,13.847726
53676744509,342,13.842653
1453168433,292,13.840822
19679426537,328,13.838004
63022593553,344,13.833729
22976970209,330,13.831979
30827138843,334,13.829276
98588631871,350,13.826220
55468172293,342,13.824284
41782297717,338,13.820887
55815566773,342,13.820796
15204335513,324,13.819668
15237430673,324,13.818387
86886797399,348,13.816174
56302438679,342,13.815947
75337722233,346,13.814997
75859513799,346,13.811191
87684647707,348,13.811161
15514453543,324,13.807776
42790229737,338,13.807429
42912327937,338,13.805822
88623810641,348,13.805324
43027957237,338,13.804305
49830929717,340,13.803238
6570018659,312,13.801779
89617513147,348,13.799220
37662640189,336,13.797672
67423296727,344,13.796281
37912691857,336,13.793923
90788970127,348,13.792117
28465431019,332,13.791983
38267555749,336,13.788650
91476831917,348,13.787992
33308274143,334,13.785092
92070687281,348,13.784459
59646735079,342,13.783817
24978096491,330,13.783732
45114222457,338,13.777662
10568995049,318,13.777452
25389550811,330,13.774333
52531906883,340,13.773722
29704209079,332,13.767619
61643254591,342,13.765551
95497204169,348,13.764536
10834396109,318,13.762664
96051701381,348,13.761385
22767252371,328,13.753434
11026595581,318,13.752198
63510898901,342,13.749033
98372945647,348,13.748403
55258261901,340,13.745546
35829068201,334,13.743711
74489887447,344,13.741351
48292662787,338,13.739532
55862779877,340,13.739503
75242431921,344,13.735835
5490459409,308,13.733889
36575805443,334,13.732055
87918536423,346,13.730335
65824892131,342,13.729280
56916566639,340,13.729135
1294268779,288,13.726566
66283048141,342,13.725459
13382863147,320,13.723751
57530156693,340,13.723193
24043663199,328,13.722048
77885523517,344,13.716926
67442985989,342,13.715909
28224134669,330,13.713748
7723190779,312,13.703749
28733785961,330,13.703557
8948419063,314,13.702969
92462246909,346,13.702934
44758994827,336,13.700553
80462678977,344,13.699143
44877480899,336,13.699076
44894541347,336,13.698864
69577188509,342,13.698793
52001939167,338,13.698326
52022601511,338,13.698106
93954530237,346,13.694251
12195797189,318,13.692521
94797029273,346,13.689414
96124659623,346,13.681886
46836903929,336,13.675248
54586673527,338,13.671450
98378318837,346,13.669359
98685702887,346,13.667675
99188362079,346,13.664932
47797917103,336,13.663954
55461729877,338,13.662661
17296263329,322,13.659257
31217196089,330,13.656547
31225923809,330,13.656388
20428709297,324,13.647733
13168606019,318,13.647424
9853578463,314,13.645588
89129644027,344,13.643561
89137997521,344,13.643511
49645962227,336,13.642906
67230382259,340,13.637426
78050414801,342,13.636026
7492602191,310,13.634055
37630732351,332,13.633888
78635130593,342,13.631969
50775956689,336,13.630451
91787612863,344,13.627679
32954957159,330,13.625999
28773183749,328,13.619730
80452191143,342,13.619568
93843591931,344,13.615730
12109172609,316,13.610582
39235038091,332,13.610554
14030447087,318,13.610394
52691018249,336,13.610010
70725813077,340,13.609757
70906853789,340,13.608365
53028648737,336,13.606490
45997340111,334,13.603863
53335184333,336,13.603314
61920478327,338,13.602093
649580447,276,13.601529
83186655973,342,13.601463
72117116189,340,13.599153
53764217497,336,13.598904
72596341673,340,13.595551
84256830793,342,13.594553
72865748159,340,13.593538
19468408493,322,13.591052
14530310507,318,13.590033
22595619583,324,13.590021
30373353167,328,13.589190
85203309193,342,13.588519
99091663327,344,13.586468
54995312189,336,13.586454
35450795729,330,13.585049
41129411251,332,13.584294
85899262289,342,13.584128
41370970309,332,13.581039
55702518059,336,13.579438
86774318039,342,13.578662
64945575889,338,13.576034
9573635311,312,13.575677
87328165583,342,13.575233
65389076869,338,13.572324
65763645721,338,13.569211
88709336971,342,13.566782
57630899059,336,13.560786
43067106793,332,13.558754
23890971691,324,13.558320
1948819423,290,13.557427
1692327137,288,13.553343
78555412409,340,13.552798
43591974913,332,13.552050
15571917709,318,13.549942
50741608301,334,13.549689
38036099947,330,13.545796
38286349253,330,13.542151
10207571981,312,13.537909
39029481061,330,13.531476
61241122913,336,13.527613
45833582563,332,13.524367
25448893033,324,13.522573
83979194753,340,13.516826
62851793507,336,13.513489
98112954143,342,13.512774
85170273401,340,13.509262
98906759801,342,13.508473
98921741731,342,13.508392
73627234987,338,13.507961
99050480939,342,13.507698
85570377443,340,13.506746
2114305891,290,13.505966
85768422197,340,13.505507
85967512637,340,13.504263
6962870749,306,13.501674
75065383201,338,13.497526
41569816543,330,13.496579
27094777273,324,13.487296
66159733813,336,13.485669
20285972401,320,13.483225
66658255789,336,13.481607
89889639617,340,13.480376
20461806793,320,13.478323
91451717327,340,13.471174
68011632889,336,13.470743
32460661957,326,13.469240
43782783679,330,13.468010
43827051953,330,13.467455
79390809439,338,13.467397
43874473081,330,13.466860
37875299711,328,13.466043
68932376003,336,13.463485
4758959041,300,13.463000
69424817767,336,13.459645
93728348723,340,13.458062
69812130533,336,13.456647
69824310217,336,13.456553
60209302187,334,13.456297
44794816999,330,13.455461
70474438939,336,13.451560
70519406767,336,13.451217
71129922767,336,13.446576
18671164409,318,13.445949
61421731043,334,13.445498
96180613031,340,13.444318
96264842801,340,13.443852
71684099143,336,13.442401
53680088851,332,13.437863
72381589909,336,13.437196
46415559409,330,13.435989
40152882599,328,13.433836
98339582567,340,13.432528
98405326571,340,13.432173
19164018551,318,13.431152
30327543923,324,13.424308
16737312749,316,13.423443
7950903979,306,13.423083
47530868867,330,13.423013
74353847779,336,13.422765
41044009541,328,13.421769
64212775733,334,13.421488
41240638937,328,13.419145
10786740467,310,13.418994
41272173947,328,13.418725
35797327249,326,13.415009
48238366801,330,13.414950
41796006731,328,13.411805
76802303107,336,13.405414
66366146573,334,13.403722
49375059263,330,13.402261
42779482637,328,13.399062
27501272501,322,13.395737
49985020777,330,13.395581
2539418863,290,13.391702
37496202763,326,13.389462
37610377687,326,13.387791
92316151087,338,13.386942
92364041311,338,13.386667
68951404601,334,13.383197
32837972983,324,13.380219
28302770351,322,13.379746
32906852833,324,13.379061
69511027163,334,13.378863
9961734859,308,13.378498
51619454833,330,13.378108
51627191593,330,13.378027
94452746389,338,13.374822
1667186743,284,13.374522
81589120967,336,13.373155
33295259941,324,13.372581
70361267033,334,13.372352
70634157887,334,13.370279
82735945783,336,13.365729
96224127397,338,13.364995
5612345561,300,13.364079
39362177353,326,13.362807
53148860203,330,13.362291
96895846549,338,13.361320
13848153031,312,13.361073
2676091273,290,13.359363
97275090751,338,13.359257
21777379147,318,13.359022
62433399631,332,13.356202
97844183161,338,13.356177
21900799339,318,13.355851
72872773973,334,13.353601
8962039883,306,13.352962
54304416653,330,13.350664
85167284693,336,13.350348
19048112159,316,13.350101
6675573799,302,13.350001
25707404143,320,13.349996
63420968581,332,13.347775
3182598761,292,13.344934
54989691431,330,13.343894
1506814711,282,13.343893
47440466111,328,13.342694
86906597849,336,13.339633
35442321197,324,13.338179
55601879909,330,13.337923
35485061531,324,13.337517
87408300313,336,13.336585
64834310731,332,13.335958
87778430149,336,13.334349
88380086287,336,13.330734
88460754463,336,13.330252
35966080897,324,13.330129
88557323137,336,13.329675
88604142203,336,13.329395
41947771003,326,13.328051
23085057557,318,13.326376
89198735579,336,13.325860
42506583079,326,13.320844
77519760053,334,13.320678
90253198303,336,13.319652
67009049293,332,13.318307
42707877607,326,13.318273
90592473773,336,13.317671
9558541877,306,13.315520
1833266707,284,13.314977
91244374783,336,13.313887
91274600497,336,13.313712
9609466297,306,13.312443
58531521709,330,13.310299
92216676197,336,13.308297
6169169861,300,13.308001
80078415077,334,13.303449
80089847657,334,13.303373
59416265137,330,13.302250
80808163283,334,13.298643
17973902581,314,13.298218
38235105737,324,13.296660
38256277303,324,13.296359
38279832557,324,13.296023
60196662179,330,13.295257
94549959859,336,13.295139
6306815539,300,13.294987
44581197313,326,13.294956
18098522863,314,13.294328
81642726203,334,13.293205
52128933377,328,13.291737
38616785917,324,13.291243
60697784557,330,13.290817
24627121931,318,13.290361
38755881757,324,13.289283
60908916581,330,13.288959
82730789777,334,13.286204
96177652073,336,13.286166
21452771897,316,13.283383
61897269289,330,13.280351
84215952257,334,13.276808
62556571811,330,13.274691
84559050647,334,13.274662
39836985857,324,13.274302
25364653661,318,13.273992
98481395867,336,13.273742
8849103503,304,13.273033
62956268773,330,13.271290
7644905881,302,13.270464
99164599879,336,13.270118
29731030591,320,13.269498
99333574537,336,13.269225
40222207997,324,13.269072
85515097607,334,13.268733
40340184347,324,13.267480
25737346697,318,13.265914
63621450829,330,13.265683
63731896141,330,13.264758
6646984459,300,13.264107
19109147401,314,13.263814
86350553453,334,13.263610
35015341139,322,13.262462
64134860837,330,13.261398
35088070673,322,13.261329
64158466133,330,13.261202
64163323573,330,13.261162
35123551061,322,13.260777
64298005573,330,13.260044
9057837941,304,13.259536
2716820839,288,13.258003
26117091289,318,13.257813
75218625409,332,13.256845
35403624371,322,13.256440
48354964303,326,13.251044
12434517391,308,13.250878
35775654293,322,13.250738
1750915583,282,13.249760
65882700833,330,13.247085
66149766161,330,13.244933
66172519843,330,13.244751
19864850101,314,13.242119
42286834427,324,13.241925
77708183041,332,13.239632
66927885391,330,13.238720
90541771091,334,13.238692
67135417813,330,13.237076
57874919387,328,13.235653
67585661219,330,13.233527
67949741953,330,13.230677
79932222763,332,13.224750
5260030807,296,13.224084
15167862263,310,13.223877
17701199939,312,13.222076
93634321217,334,13.221092
51570539443,326,13.216457
51664325917,326,13.215484
81624783301,332,13.213720
81837647791,332,13.212351
15484759529,310,13.212223
28406189249,318,13.211536
60646842821,328,13.210713
70723979779,330,13.209484
33228778789,320,13.208577
70858853033,330,13.208477
15590093879,310,13.208406
7335508561,300,13.206554
71268930743,330,13.205427
71272214683,330,13.205402
71386054073,330,13.204559
39064925171,322,13.202949
2979886201,288,13.201834
61833993827,328,13.200407
72044632189,330,13.199709
21439091857,314,13.199665
24972914699,316,13.199082
97675920257,334,13.199014
72571940843,330,13.195860
18553663549,312,13.195774
46105588231,324,13.195298
53900070733,326,13.192827
46502732153,324,13.190691
4113302399,292,13.190292
63248039927,328,13.188406
34612395673,320,13.186373
74209378487,330,13.184096
47112880007,324,13.183695
2267555923,284,13.183568
29908299331,318,13.183313
18983122993,312,13.183015
55004953867,326,13.182002
74518862791,330,13.181905
74563614253,330,13.181589
86941742071,332,13.180616
35019810349,320,13.180017
40880092859,322,13.178407
75145388749,330,13.177498
75169527859,330,13.177329
75605475263,330,13.174287
30422627681,318,13.174001
75676157069,330,13.173796
88149749143,332,13.173399
75844954439,330,13.172624
35654143477,320,13.170280
41605963121,322,13.168921
76529612119,330,13.167900
48658977421,324,13.166395
19574575961,312,13.165947
89694342523,332,13.164326
56912582953,326,13.163855
77140427363,330,13.163724
36135180031,320,13.163019
57128504203,326,13.161842
36388790257,320,13.159233
77970506219,330,13.158107
77981856553,330,13.158031
19888726549,312,13.157107
23257903783,314,13.154636
78612890071,330,13.153803
12788720363,306,13.148945
79806220931,330,13.145908
32070537407,318,13.145274
68709473549,328,13.144631
68738694371,328,13.144407
80073918937,330,13.144156
20391424381,312,13.143272
93670646263,332,13.141723
27726534587,316,13.141667
59466372397,326,13.140564
20513463479,312,13.139970
17618417699,310,13.139930
94082667103,332,13.139440
94205530603,332,13.138762
2842739597,286,13.138532
23955910717,314,13.138361
37868029807,320,13.137706
81122116667,330,13.137350
81368456761,330,13.135764
81594399287,330,13.134315
82020352573,330,13.131593
95525434909,332,13.131531
51995020327,324,13.131011
82160403883,330,13.130702
38385842167,320,13.130384
32974623107,318,13.130185
52080923107,324,13.130133
28355379803,316,13.129421
70727221727,328,13.129402
52157929283,324,13.129347
33329510419,318,13.124384
83265777713,330,13.123723
21131518763,312,13.123563
15588427597,308,13.123251
97182061939,332,13.122606
18202892663,310,13.121778
1855047443,280,13.120176
53173494757,324,13.119095
53174564057,324,13.119084
72131747651,328,13.119077
9941232013,302,13.119052
72342503147,328,13.117546
9977510833,302,13.116976
72579095417,328,13.115833
72631754177,328,13.115453
98756880493,332,13.114274
46114310309,322,13.113745
85148074639,330,13.112066
8645089303,300,13.111741
53944526551,324,13.111452
6392296159,296,13.109899
85650160459,330,13.109004
34295461901,318,13.108927
99842708599,332,13.108612
63179213623,326,13.108562
34377538661,318,13.107635
8806019549,300,13.101180
34995116269,318,13.098022
40901830633,320,13.096269
75505974359,328,13.095131
64963282819,326,13.093901
88800983717,330,13.090219
4184418361,290,13.089812
5692630483,294,13.088517
56561771377,324,13.086362
9047808547,300,13.085700
26406348253,314,13.085040
35887785299,318,13.084448
77695137161,328,13.080206
9148138613,300,13.079409
91101826349,330,13.076949
5816189473,294,13.076016
91266677963,330,13.076013
1997191529,280,13.074943
78714992501,328,13.073406
58062224113,324,13.072538
23221523999,312,13.071706
31685474039,316,13.069125
79451505701,328,13.068556
14772831823,306,13.067957
79705038731,328,13.066896
1282463543,274,13.065009
58956194251,324,13.064485
80149625321,328,13.064002
27503427151,314,13.062881
69132920797,326,13.061265
59329579753,324,13.061159
93976312939,330,13.060871
5125076603,292,13.060546
14982260023,306,13.060105
9466071647,300,13.059957
51227158379,322,13.057829
15092502629,306,13.056020
59949218683,324,13.055691
81522407579,328,13.055171
70024517023,326,13.054563
81727382969,328,13.053866
95564644381,330,13.052213
95644506719,330,13.051782
95797496191,330,13.050957
5217119231,292,13.050157
51996771611,322,13.049937
96273111541,330,13.048401
44785459891,320,13.047831
82832665667,328,13.046891
96811640287,330,13.045524
97144373899,330,13.043755
52680086093,322,13.043036
38903904239,318,13.041146
13325094941,304,13.039983
97891311431,330,13.039806
97962699113,330,13.039431
98074677523,330,13.038842
98579297833,330,13.036199
84869662181,328,13.034296
98962286083,330,13.034203
9907846561,300,13.034075
39526969367,318,13.032654
53891737421,322,13.031034
99743509423,330,13.030156
13600393823,304,13.028554
10055451983,300,13.025706
8650524881,298,13.023972
74279565823,326,13.023797
11840616043,302,13.020159
87477457559,328,13.018639
75058865437,326,13.018370
18834054511,308,13.018339
25615863649,312,13.018184
75167615767,326,13.017617
87692508461,328,13.017370
64543708013,324,13.016958
75278392117,326,13.016851
75472167853,326,13.015515
40853343481,318,13.015049
47644094863,320,13.014995
47661195103,320,13.014805
6471612677,294,13.014210
30271018891,314,13.010983
30344317753,314,13.009680
41550488519,318,13.006042
76885547737,326,13.005881
56532676121,322,13.005853
19274704711,308,13.005626
56563463261,322,13.005567
89771410151,328,13.005277
56761396691,322,13.003732
191913031,248,13.002979
66407343413,324,13.002089
57347705579,322,12.998338
57489776933,322,12.997040
26681434463,312,12.996083
49585914223,320,12.993883
26857144481,312,12.992531
92096134979,328,12.992106
19796677909,308,12.990968
36655147589,316,12.990847
4246908539,288,12.990846
19825268731,308,12.990177
26988930911,312,12.989882
42855666517,318,12.989611
58435846433,322,12.988482
68301461491,324,12.987431
14653093877,304,12.987059
58630440221,322,12.986741
68398370933,324,12.986693
58677609119,322,12.986320
43317070967,318,12.983931
68901514223,324,12.982879
17306570549,306,12.980208
2337682871,280,12.979532
43709019769,318,12.979157
17360065829,306,12.978509
69512041891,324,12.978292
81392826199,326,12.976388
20417193319,308,12.974079
81810266803,326,12.973746
32466577417,314,12.973343
27878176301,312,12.972374
51658576153,320,12.972313
11063821753,300,12.971881
15106146353,304,12.970186
38278787153,316,12.967741
96658085309,328,12.967274
28151191631,312,12.967120
96753676637,328,12.966767
60925440971,322,12.966660
61074921521,322,12.965381
44885978009,318,12.965096
52418364631,320,12.964639
61269366413,322,12.963722
28353810613,312,12.963256
61370410979,322,12.962862
38642550917,316,12.962709
61414847891,322,12.962484
97725474527,328,12.961646
38759632187,316,12.961101
83880005467,326,12.960859
15373413917,304,12.960489
52933677943,320,12.959502
72076828627,324,12.959482
52949137849,320,12.959350
72239561447,324,12.958314
72255663763,324,12.958198
21052506961,308,12.957354
98551639379,328,12.957335
84651757423,326,12.956141
28745141969,312,12.955877
39181493033,316,12.955349
72736472101,324,12.954762
62346651929,322,12.954631
84935666887,326,12.954418
53488163539,320,12.954036
72880315693,324,12.953738
99376091459,328,12.953073
73056523483,324,12.952488
39396041837,316,12.952449
62704115249,322,12.951653
11475026663,300,12.951445
46107700447,318,12.950917
21507079747,308,12.945720
11603081759,300,12.945243
4594292047,288,12.944937
86582776729,326,12.944538
54715368271,320,12.942151
74535514931,324,12.942119
47013727361,318,12.940661
54882376069,320,12.940557
75015152843,324,12.938803
47514146917,318,12.935088
64857826961,322,12.934083
16225436147,304,12.930753
41047307453,316,12.930686
4715263829,288,12.929832
65400186353,322,12.929758
41156841779,316,12.929276
4052332847,286,12.927980
30365344883,312,12.926444
77018197873,324,12.925201
16433366021,304,12.923753
48608225201,318,12.923121
30648181301,312,12.921481
48805295999,318,12.920997
48929621101,318,12.919662
91081980529,326,12.918552
66926748653,322,12.917789
49109941591,318,12.917730
30873732469,312,12.917559
30925619719,312,12.916660
19435255963,306,12.916649
78557016493,324,12.915009
22762204177,308,12.914930
26577660401,310,12.914871
36269742583,314,12.914238
78682348027,324,12.914188
12292390937,300,12.913086
9034630489,296,12.912045
67774160231,322,12.911273
22983201217,308,12.909699
23000866951,308,12.909285
42789340199,316,12.908731
23051484229,308,12.908094
68381750753,322,12.906654
50159494477,318,12.906644
68674821821,322,12.904442
80281613381,324,12.903839
80337722863,324,12.903481
50494509601,318,12.903157
80799221357,324,12.900537
80993537353,324,12.899303
50991283939,318,12.898034
7943472583,294,12.897217
51122240111,318,12.896692
69749406863,322,12.896418
23607813661,308,12.895206
37636555507,314,12.894620
81869010467,324,12.893785
95614866727,326,12.893737
37746631441,314,12.893073
82024148443,324,12.892814
12750877157,300,12.892764
60170244247,320,12.892598
82151160841,324,12.892019
70347382421,322,12.892010
82224767057,324,12.891560
60509170039,320,12.889681
60705301681,320,12.888000
20495290169,306,12.887759
96780166117,326,12.887562
60884921743,320,12.886468
83105978927,324,12.886094
61009516609,320,12.885406
28168856957,310,12.883661
71726359379,322,12.881997
71754418919,322,12.881796
20755984663,306,12.880902
71958725939,322,12.880330
45235953899,316,12.879477
20832334363,306,12.878911
72488583179,322,12.876552
99004244923,326,12.875997
72701313239,322,12.875043
20989472639,306,12.874840
99325493107,326,12.874350
85344491747,324,12.872487
45905285873,316,12.871771
8312070521,294,12.871605
62828888203,320,12.870178
33898790911,312,12.867760
86429287067,324,12.866031
39730956277,314,12.866007
86525841343,324,12.865460
21357688787,306,12.865425
74090843543,322,12.865304
63564692293,320,12.864154
39965634613,314,12.862903
21458845547,306,12.862870
40092122827,314,12.861238
87303149123,324,12.860892
46876766543,316,12.860801
64211068063,320,12.858924
87692947427,324,12.858619
64358851021,320,12.857737
29569186343,310,12.857736
29612583971,310,12.856954
55183144771,318,12.856836
21713178547,306,12.856503
4605131903,286,12.853680
88578452441,324,12.853494
21859314229,306,12.852880
88727980633,324,12.852633
29961228623,310,12.850716
89207981623,324,12.849883
13833827771,300,12.847755
90112550833,324,12.844744
3429782399,282,12.844008
11954485559,298,12.842407
41567302201,314,12.842232
77796829889,322,12.840263
30583444667,310,12.839775
41776032841,314,12.839601
77901044021,322,12.839579
91043512831,324,12.839512
35787970993,312,12.839043
26306471119,308,12.837034
49112033843,316,12.836465
42197419603,314,12.834334
22692722147,306,12.832712
92430499501,324,12.831824
79159661369,322,12.831378
79263158651,322,12.830709
58147499801,318,12.829695
79502054561,322,12.829171
49839680333,316,12.828800
36497470661,312,12.828679
79770219689,322,12.827451
58402744031,318,12.827428
7694376623,292,12.827409
31327889927,310,12.826998
50084363039,316,12.826250
42875269207,314,12.825979
22992108229,306,12.825663
58619631439,318,12.825510
58643891557,318,12.825296
93722445797,324,12.824774
1391048317,270,12.824578
80378235299,322,12.823571
31626494621,310,12.821965
94273960141,324,12.821796
31641260843,310,12.821717
9085929473,294,12.821635
69108435283,320,12.821056
31751131703,310,12.819880
19891917491,304,12.819659
81015854609,322,12.819537
81065924759,322,12.819222
4892873639,286,12.818763
94857717077,324,12.818665
37228273111,312,12.818230
59458605929,318,12.818164
14636472307,300,12.816798
23385069683,306,12.816559
6711370957,290,12.816507
95661137827,324,12.814388
32110536533,310,12.813915
32173952303,310,12.812870
82173961151,322,12.812298
82177552283,322,12.812275
17263496779,302,12.811887
23612323393,306,12.811369
17289460753,302,12.811069
60447049807,318,12.809650
27719011339,308,12.809112
44283383323,314,12.809072
9301453463,294,12.808539
96812493971,324,12.808328
70852484107,320,12.808266
38077249633,312,12.806366
38086961699,312,12.806232
60930166007,318,12.805544
61243650077,318,12.802898
20534643761,304,12.802491
97941358253,324,12.802461
71687567893,320,12.802261
52493472407,316,12.801839
61405796009,318,12.801536
44939866393,314,12.801388
52695560339,316,12.799846
61680989141,318,12.799232
3706757143,282,12.798738
98857859453,324,12.797750
61868816869,318,12.797666
98939934761,324,12.797331
62203519951,318,12.794888
99782358677,324,12.793047
99942174407,324,12.792238
99981255281,324,12.792041
39183077363,312,12.791336
62702527837,318,12.790775
39321446383,312,12.789487
18042426931,302,12.787945
86204507531,322,12.787932
28846741447,308,12.787903
46128044407,314,12.787783
13209022571,298,12.787414
33815829611,310,12.786566
3792188111,282,12.785516
1485079237,270,12.784858
86814493973,322,12.784353
63494951437,318,12.784317
63563393689,318,12.783764
39847552163,312,12.782523
63718138261,318,12.782515
74524280503,320,12.782416
63757252439,318,12.782199
87291982829,322,12.781569
87297855431,322,12.781535
21534487781,304,12.776909
75585434131,320,12.775201
34639862657,310,12.773881
15876701249,300,12.772415
6218175409,288,12.771198
21785543543,304,12.770688
18629233921,302,12.770638
89429730989,322,12.769306
76732606429,320,12.767523
41049706993,312,12.766976
65794929631,318,12.766055
41174461441,312,12.765391
65888067481,318,12.765330
90225293393,322,12.764823
30131045047,308,12.764817
77156967583,320,12.764714
10064365567,294,12.764701
66126103607,318,12.763483
90583746479,322,12.762816
25859011279,306,12.762803
77556149719,320,12.762088
48557313523,314,12.761109
30345080527,308,12.761074
90904766759,322,12.761027
48594760393,314,12.760710
66539325109,318,12.760292
56926815839,316,12.759927
57035071763,316,12.758948
78044632357,320,12.758892
91458133301,322,12.757958
78471671287,320,12.756117
67124109401,318,12.755814
78560569999,320,12.755542
16380793301,300,12.755441
67399151647,318,12.753722
26330557667,306,12.753190
78991023667,320,12.752764
5500736459,286,12.751833
92594573411,322,12.751719
30927776227,308,12.751025
42334740499,312,12.750894
92771598599,322,12.750755
4719258001,284,12.749766
58062152627,316,12.749761
58130216693,316,12.749158
68113573037,318,12.748331
42589704713,312,12.747766
58342367459,316,12.747284
10394432611,294,12.746842
49913798113,314,12.746837
1851255463,272,12.746536
93586644779,322,12.746340
68650662781,318,12.744318
16731763133,300,12.743954
68714695141,318,12.743842
14311100501,298,12.743592
68790031451,318,12.743282
94582854683,322,12.741000
10514389057,294,12.740504
59120474657,316,12.740475
59173475993,316,12.740015
31649578501,308,12.738858
43422473491,312,12.737687
43559817649,312,12.736045
69880859239,318,12.735253
23284582733,304,12.735087
27269293859,306,12.734598
70004588999,318,12.734351
5672756213,286,12.734349
95969207693,322,12.733668
82206757201,320,12.732516
32047932661,308,12.732272
60079120889,316,12.732218
12496602919,296,12.731882
37546526177,310,12.731609
70411649299,318,12.731395
17126907121,300,12.731330
96437210861,322,12.731219
70657732447,318,12.729617
70927844821,318,12.727673
60684401573,316,12.727077
97253647031,322,12.726976
83205195319,320,12.726403
71249353447,318,12.725369
97575979763,322,12.725312
14854300247,298,12.723323
44675728861,312,12.722908
38212172081,310,12.722427
7950624931,290,12.721242
44865811499,312,12.720705
98586284441,322,12.720135
32805847897,308,12.719981
52626351787,314,12.719511
38453867453,310,12.719136
6831972241,288,12.718107
10969158427,294,12.717169
11000781307,294,12.715586
99569611241,322,12.715149
24230071007,304,12.713888
99881907761,322,12.713577
99891160979,322,12.713531
45561216013,312,12.712733
73142301607,318,12.712030
85604752771,320,12.712029
85637631439,320,12.711836
62523334997,316,12.711793
33350485951,308,12.711337
24362500451,304,12.710991
73373211917,318,12.710429
85941508897,320,12.710047
4326694903,282,12.709533
8139682069,290,12.708141
86346153601,320,12.707676
63030136607,316,12.707666
13075933267,296,12.707113
46129378219,312,12.706317
28813665917,306,12.705470
33763346641,308,12.704886
8197436629,290,12.704206
74431325599,318,12.703159
46421120969,312,12.703055
39678991901,310,12.702790
28975551887,306,12.702515
74563291889,318,12.702260
74571647729,318,12.702204
39820903259,310,12.700932
87563775349,320,12.700614
54645444031,314,12.700143
88291369921,320,12.696444
55121233753,314,12.695691
88915546099,320,12.692896
40457316257,310,12.692687
75995434297,318,12.692615
76004727101,318,12.692553
89214739519,320,12.691205
76281243007,318,12.690714
47584203493,312,12.690269
29718928289,306,12.689171
25389673667,304,12.689079
89815644181,320,12.687827
89930892757,320,12.687181
11593098233,294,12.686810
29859446359,306,12.686689
76950317341,318,12.686292
18624420979,300,12.686202
21825754009,302,12.685688
90199635661,320,12.685681
41120954837,310,12.684237
15972115829,298,12.684030
41206025657,310,12.683165
48343900459,312,12.682099
78045937867,318,12.679141
22120069723,302,12.678554
57005747401,314,12.678458
48791651333,312,12.677348
57147271483,314,12.677189
66951085337,316,12.676901
7366534759,288,12.675938
92078491837,320,12.675322
41835731393,310,12.675299
22276773091,302,12.674798
78810621899,318,12.674213
57594884107,314,12.673197
42015481397,310,12.673078
57610558867,314,12.673058
30708187369,306,12.671965
92806195597,320,12.671371
79357668451,318,12.670720
57877896673,314,12.670691
93117774247,320,12.669689
11964196661,294,12.669582
19218162827,300,12.669389
36146677921,308,12.669240
79596586661,318,12.669203
42366098561,310,12.668774
79752180559,318,12.668218
14061667309,296,12.667590
6394774277,286,12.666780
80227336667,318,12.665220
68584169993,316,12.664657
58573176853,314,12.664588
16597706537,298,12.663321
50339694623,312,12.661280
69101102753,316,12.660847
80942545367,318,12.660745
69159577787,316,12.660418
59154538711,314,12.659545
43162889039,310,12.659134
95214979423,320,12.658526
50666996591,312,12.657950
31545011959,306,12.657871
81423451159,318,12.657760
81428035057,318,12.657731
69589631159,316,12.657274
81521724467,318,12.657152
95706657043,320,12.655948
43445864249,310,12.655757
69811266167,316,12.655662
59636737207,314,12.655403
31695442759,306,12.655380
81854703691,318,12.655099
50989287989,312,12.654695
4770329929,282,12.653865
37230304879,308,12.653865
31810190749,306,12.653489
1579307057,268,12.653296
59966824447,314,12.652588
51236231273,312,12.652216
82350568529,318,12.652058
9011566723,290,12.651726
27281722817,304,12.651125
7706774687,288,12.650796
96757311433,320,12.650486
43908906227,310,12.650282
27351995903,304,12.649771
27354159047,304,12.649730
82773893557,318,12.649477
97001476081,320,12.649225
97032383017,320,12.649066
37609298257,308,12.648602
44057087177,310,12.648542
32159636329,306,12.647776
83186076539,318,12.646978
27520426301,304,12.646541
83260330271,318,12.646530
83266348369,318,12.646493
6633716813,286,12.646233
60759563341,314,12.645896
27603032861,304,12.644964
52005261379,312,12.644576
37905564919,308,12.644527
60976938331,314,12.644077
37975454977,308,12.643571
98180476453,320,12.643188
387096383,250,12.642747
61159362841,314,12.642556
44725020479,310,12.640782
98734537399,320,12.640377
14830066507,296,12.638812
99197012659,320,12.638044
32860213907,306,12.636519
20439499811,300,12.636508
23946387253,302,12.636468
9273396313,290,12.635937
20469387949,300,12.635731
99858633289,320,12.634727
32976423433,306,12.634678
99879993613,320,12.634621
4215925193,280,12.634162
38798845201,308,12.632448
85816276319,318,12.631341
20653741253,300,12.630960
86059850641,318,12.629919
86139650477,318,12.629454
86140773221,318,12.629448
12888403687,294,12.629086
73627990613,316,12.628739
86385929261,318,12.628022
33422951603,306,12.627665
63063083701,314,12.626973
24384094843,302,12.626898
39233586649,308,12.626678
9436259467,290,12.626359
39284997091,308,12.625999
74174014679,316,12.625011
74256672899,316,12.624450
33649092619,306,12.624152
20946093593,300,12.623490
87347318029,318,12.622475
33762558409,306,12.622399
6926231399,286,12.622149
87519647737,318,12.621488
74907717749,316,12.620049
39743007721,308,12.620003
39761507749,308,12.619762
74966883947,316,12.619651
34063175119,306,12.617785
24851755933,302,12.616877
88331861857,318,12.616861
5094779299,282,12.616613
47036017817,310,12.614867
64605408697,314,12.614716
1438780087,266,12.614370
47085798299,310,12.614324
47275614233,310,12.612259
25123935451,302,12.611137
3197327113,276,12.611043
29519734973,304,12.609752
89653839599,318,12.609429
55787973799,312,12.608697
4416073451,280,12.607776
34765241569,306,12.607180
55963762609,312,12.607095
55975498949,312,12.606988
47769707303,310,12.606926
21611123539,300,12.606910
47817395963,310,12.606415
25368660469,302,12.606034
13456783927,294,12.605718
40869814669,308,12.605562
4434991949,280,12.605350
90487435859,318,12.604804
29835583703,304,12.604188
21762690659,300,12.603209
9848639443,290,12.602888
66208458793,314,12.602306
56721681241,312,12.600245
48407278289,310,12.600132
91400729107,318,12.599789
35264049823,306,12.599785
30108118847,304,12.599438
78068084867,316,12.599256
78166964483,316,12.598619
56951512129,312,12.598188
91746829157,318,12.597901
57015730943,312,12.597615
66844861207,314,12.597469
91940273779,318,12.596850
91953977957,318,12.596776
13709006081,294,12.595690
2802722033,274,12.595468
92285500117,318,12.594981
35689208249,306,12.593570
67532044183,314,12.592302
57641816171,312,12.592062
57654985001,312,12.591947
18967273841,298,12.591914
67825014553,314,12.590117
93210102241,318,12.590010
79589723483,316,12.589566
79663650719,316,12.589100
36001706953,306,12.589053
36051041207,306,12.588344
68163907927,314,12.587602
13933267693,294,12.586939
49682777297,310,12.586826
13965680537,294,12.585687
68667014413,314,12.583892
80651629139,316,12.582921
42747841879,308,12.582427
80770546553,316,12.582183
31153872047,304,12.581634
3367208077,276,12.581283
944193067,260,12.581148
31190988233,304,12.581014
22713803221,300,12.580601
81089043107,316,12.580212
428045741,250,12.578781
22818938413,300,12.578164
69497273977,314,12.577834
26811353791,302,12.576997
36864443617,306,12.576800
31454802887,304,12.576630
31462129091,304,12.576509
95813283967,318,12.576295
36907011539,306,12.576203
59502738461,312,12.575935
3403741987,276,12.575097
59618377321,312,12.574951
43427486437,308,12.574324
50914770659,310,12.574321
23005291471,300,12.573876
96470607547,318,12.572895
14326597771,294,12.571956
51186080069,310,12.571610
16811359447,296,12.571500
37289047447,306,12.570883
51278363561,310,12.570693
23151535951,300,12.570538
6489917233,284,12.569979
82827083873,316,12.569600
27231092683,302,12.568866
82987481327,316,12.568632
83136354467,316,12.567737
37554166913,306,12.567225
3453569377,276,12.566775
32073887801,304,12.566497
83369650733,316,12.566336
98165877791,318,12.564241
10587880111,290,12.563372
10602632017,290,12.562613
84012996443,316,12.562496
71740781527,314,12.561847
44514346627,308,12.561647
61213581599,312,12.561583
14627855423,294,12.560778
61384577539,312,12.560172
9083244727,288,12.560131
32514143891,304,12.559420
99414895927,318,12.557968
44872610239,308,12.557542
61723018531,312,12.557392
45045657751,308,12.555572
32763012617,304,12.555464
45367883371,308,12.551925
62441819863,312,12.551543
62564549111,312,12.550551
20527094531,298,12.550004
62785179389,312,12.548775
62862948151,312,12.548150
20620478639,298,12.547606
39044014747,306,12.547177
10926046009,290,12.546283
45884324389,308,12.546137
28489240639,302,12.545283
15081686203,294,12.544403
46083886609,308,12.543920
74582498593,314,12.542355
54252957791,310,12.542014
33680907503,304,12.541152
39548739677,306,12.540572
87839730647,316,12.540290
24573050287,300,12.539228
63994399031,312,12.539154
4260928879,278,12.537910
64370298851,312,12.536203
88702734299,316,12.535426
55005973901,310,12.535024
46921489807,308,12.534724
40091480797,306,12.533571
55191926717,310,12.533313
18090115909,296,12.532479
64912104533,312,12.531982
15498287027,294,12.529836
65328044759,312,12.528769
9630976337,288,12.528139
90141380039,316,12.527431
2298027073,270,12.525912
9675156479,288,12.525645
40743097537,306,12.525300
77234729521,314,12.524873
25281335129,300,12.524353
40823254957,306,12.524293
90823999559,316,12.523685
15698585323,294,12.522982
25357313467,300,12.522784
40962659137,306,12.522545
56604610289,310,12.520519
78011313427,314,12.519876
91752751157,316,12.518638
91911665543,316,12.517779
25611134903,300,12.517580
56979458009,310,12.517182
66937333193,312,12.516537
41545739003,306,12.515306
67134275563,312,12.515062
78782164387,314,12.514970
67168241783,312,12.514808
67291940689,312,12.513885
79119309343,314,12.512840
93040228367,316,12.511731
11650692661,290,12.511524
41920817509,306,12.510708
57720589217,310,12.510654
42028349147,306,12.509398
42089655169,306,12.508652
9998754329,288,12.507749
42191917309,306,12.507411
68176928773,312,12.507330
93921714119,316,12.507061
42253605019,306,12.506664
30689766193,302,12.506629
58184823659,310,12.506611
80184857107,314,12.506173
68411186339,312,12.505610
58407298799,310,12.504686
94446749513,316,12.504302
10085475761,288,12.503059
49974199537,308,12.502652
49974896611,308,12.502645
58689404099,310,12.502256
50081611819,308,12.501563
42709927327,306,12.501176
95056862039,316,12.501117
95142986717,316,12.500669
42829866029,306,12.499743
69341408821,312,12.498844
26558562731,300,12.498636
59153266259,310,12.498288
69470167213,312,12.497915
59229267731,310,12.497641
69540148589,312,12.497412
95856094667,316,12.496978
69647728873,312,12.496637
43095771809,306,12.496585
26680911769,300,12.496243
22738994441,298,12.496149
43169611577,306,12.495711
43231377799,306,12.494982
22813151507,298,12.494443
82108000501,314,12.494379
82183191631,314,12.493924
19481084773,296,12.493295
26849314691,300,12.492970
19502320759,296,12.492720
3936495053,276,12.492330
26927332973,300,12.491460
43545573679,306,12.491288
70416075871,312,12.491148
37252009181,304,12.489230
43741810499,306,12.488996
70740213853,312,12.488853
70802210233,312,12.488414
83133457153,314,12.488212
70872460283,312,12.487919
31820374681,302,12.487919
8836727957,286,12.487893
83205540631,314,12.487781
60522245129,310,12.486770
23155197917,298,12.486651
27191256317,300,12.486389
19765991347,296,12.485643
71214224233,312,12.485515
71300791589,312,12.484907
8892591797,286,12.484458
10440531547,288,12.484307
83793519091,314,12.484284
71427561889,312,12.484020
98500972043,316,12.483541
60944935379,310,12.483270
32165546419,302,12.482350
98991041027,316,12.481093
23425094489,298,12.480592
23457402401,298,12.479871
61475355353,310,12.478915
99610890623,316,12.478017
44711956379,306,12.477824
61647073559,310,12.477514
84959194741,314,12.477431
84977258557,314,12.477325
27724537991,300,12.476303
27733177357,300,12.476142
52738702837,308,12.475386
61909335437,310,12.475383
85371630703,314,12.475030
72729756899,312,12.475001
6568271119,282,12.474832
62012367281,310,12.474548
62084937281,310,12.473961
72896412311,312,12.473860
4068539549,276,12.473702
7729703563,284,12.473463
85802180251,314,12.472537
62422218527,310,12.471242
86104802197,314,12.470794
73601928133,312,12.469059
38759444771,304,12.468909
73673932009,312,12.468572
17400887767,294,12.468306
62958096941,310,12.466955
38957478557,304,12.466304
14882424509,292,12.466142
63101636387,310,12.465814
74140016683,312,12.465429
63213725537,310,12.464924
87141609811,314,12.464868
12720728707,290,12.464273
45998371717,306,12.463408
74453154233,312,12.463331
46007508667,306,12.463307
46068011039,306,12.462640
20831533,210,12.461452
516540413,250,12.460958
63735686039,310,12.460803
10933294481,288,12.459399
9313274759,286,12.459318
75067859821,312,12.459239
75269593639,312,12.457904
39652169087,304,12.457274
54685563277,308,12.457095
17787106973,294,12.456709
75499541063,312,12.456387
46849264447,306,12.454110
46957000373,306,12.452947
64885025831,310,12.451859
40114264391,304,12.451363
17978130383,294,12.451074
34217544499,302,12.450525
89718261337,314,12.450466
34289510023,302,12.449447
47287869947,306,12.449389
47326913,220,12.448660
24908803391,298,12.448573
15403961141,292,12.447837
47437538537,306,12.447788
40519038953,304,12.446245
21354355573,296,12.445068
77396911213,312,12.444056
56132625511,308,12.443951
77427364939,312,12.443860
77646275981,312,12.442459
91186594537,314,12.442457
66128188097,310,12.442373
77664986281,312,12.442339
56358125251,308,12.441935
78050079011,312,12.439885
11338189069,288,12.439830
48337694803,306,12.438277
41172482411,304,12.438098
92047387027,314,12.437826
25432569179,298,12.437761
630045389,252,12.437503
41251910657,304,12.437118
78649898123,312,12.436090
92461834447,314,12.435613
92579010217,314,12.434989
6019133711,280,12.434381
48828220933,306,12.433174
4377889303,276,12.432527
93050901007,314,12.432487
21885434869,296,12.432228
57505642657,308,12.431812
8344517683,284,12.431675
79383814693,312,12.431487
67607736761,310,12.431333
93274656637,314,12.431304
93379726441,314,12.430750
30316918249,300,12.430096
79730388631,312,12.429330
41906291543,304,12.429114
67913296679,310,12.429085
57876692557,308,12.428586
41961193301,304,12.428449
25896795059,298,12.428378
93895029601,314,12.428042
93981440233,314,12.427590
93982611973,314,12.427584
80084941883,312,12.427134
42104170991,304,12.426721
26006669999,298,12.426184
80250663979,312,12.426110
68319989123,310,12.426110
68323481969,310,12.426085
49523279233,306,12.426039
35911260409,302,12.425776
42297744017,304,12.424391
13737503743,290,12.423214
80812487629,312,12.422658
30836524709,300,12.421350
468991867,248,12.421057
81076590811,312,12.421044
13817610181,290,12.420120
69195170309,310,12.419774
58920118447,308,12.419631
95539165303,314,12.419510
7264435153,282,12.419484
42744471761,304,12.419059
95681550247,314,12.418778
81548188399,312,12.418178
59097185839,308,12.418128
7285038353,282,12.417935
26431884377,298,12.417786
13878908941,290,12.417767
50346824707,306,12.417722
81955240519,312,12.415717
69813481163,310,12.415349
69818181023,310,12.415316
69902148047,310,12.414718
26627902097,298,12.413964
82295286949,312,12.413671
82302777553,312,12.413627
96699675073,314,12.413582
36798179773,302,12.413315
50808060437,306,12.413128
50846368927,306,12.412748
50936355397,306,12.411859
70350135959,310,12.411543
16499394311,292,12.411489
31454326019,300,12.411156
51013806917,306,12.411094
31471410367,300,12.410877
14079802909,290,12.410130
82958681629,312,12.409707
83101873429,312,12.408856
70772467349,310,12.408569
83268172811,312,12.407869
60337905391,308,12.407735
60390983287,308,12.407295
60522711751,308,12.406206
51516559649,306,12.406158
51546985639,306,12.405862
83616472483,312,12.405810
83623469051,312,12.405768
43891814027,304,12.405635
83661872561,312,12.405542
98331799417,314,12.405373
19621558027,294,12.405118
14216446141,290,12.405003
98447591377,314,12.404796
60763522051,308,12.404222
71408165141,310,12.404129
2839693433,270,12.404119
44073423671,304,12.403544
60888951271,308,12.403192
51842968519,306,12.402983
84203662021,312,12.402359
32011146611,300,12.402152
61093851079,308,12.401514
71790411089,310,12.401480
71897341079,310,12.400742
61214734279,308,12.400527
44350278803,304,12.400376
44410670081,304,12.399688
84670260431,312,12.399635
52317198623,306,12.398407
52323115259,306,12.398350
72315015359,310,12.397869
85065155353,312,12.397343
61645230259,308,12.397029
2877207623,270,12.396646
7590755929,282,12.395497
32431068001,300,12.395473
85407653603,312,12.395364
61856411437,308,12.395323
61949641561,308,12.394572
62051706991,308,12.393751
5517187801,278,12.393489
2096150383,266,12.393209
23590607389,296,12.393174
85788849203,312,12.393171
27785116967,298,12.392003
7651900649,282,12.391128
53101308913,306,12.390938
53156499349,306,12.390416
86382665543,312,12.389776
62568441769,308,12.389616
86569292489,312,12.388715
53368675109,306,12.388418
86671826513,312,12.388132
86672984029,312,12.388125
45463408817,304,12.387851
17270675381,292,12.387434
73865812259,310,12.387357
45565847927,304,12.386714
53568813229,306,12.386541
62994745939,308,12.386233
74041118651,310,12.386184
33143168749,300,12.384359
45795541871,304,12.384177
63257490181,308,12.384160
53850016313,306,12.383917
87681856643,312,12.382436
87695722033,312,12.382359
28314379319,298,12.382287
39148218199,302,12.381808
33327848761,300,12.381519
54116683963,306,12.381441
20562799493,294,12.380642
54218954687,306,12.380496
54245608117,306,12.380249
63815210629,308,12.379790
33477768263,300,12.379227
17547444581,292,12.379085
63958715371,308,12.378674
33561839203,300,12.377946
64193216359,308,12.376853
88865524721,312,12.375850
88943087719,312,12.375422
75674048873,310,12.375397
64404197041,308,12.375221
4853255467,276,12.375064
75794899979,310,12.374609
89241966953,312,12.373775
5729052781,278,12.372704
55222706057,306,12.371314
89787330349,312,12.370786
89816790929,312,12.370625
89829406123,312,12.370556
65042341927,308,12.370320
12914936117,288,12.370257
40070696641,302,12.369997
12930375859,288,12.369622
90089135489,312,12.369140
7968752471,282,12.369076
90243841319,312,12.368299
55592607809,306,12.367976
34226298647,300,12.367941
90369355669,312,12.367618
76875812621,310,12.367618
76880822927,310,12.367586
17954341451,292,12.367065
29172254399,298,12.366949
90530491763,312,12.366744
65620717891,308,12.365924
90908617483,312,12.364701
77336076899,310,12.364674
40500627883,302,12.364592
65940374527,308,12.363511
91276921283,312,12.362720
18114986303,292,12.362402
29457077561,298,12.361965
77781241481,310,12.361843
66190761631,308,12.361630
40739851969,302,12.361611
29513756291,298,12.360979
29534051357,298,12.360627
4986264523,276,12.360080
34806383957,300,12.359378
91916284909,312,12.359302
78280532873,310,12.358690
92203014221,312,12.357778
92203341271,312,12.357776
56746709333,306,12.357713
41062487899,302,12.357621
56816815219,306,12.357097
92471846563,312,12.356353
25336083889,296,12.356246
78746260193,310,12.355768
9608166457,284,12.355412
48520666037,304,12.355084
92837106991,312,12.354424
25430157793,296,12.354335
522624379,248,12.354059
57169337969,306,12.354011
13327281221,288,12.353580
57238382519,306,12.353409
29985541319,298,12.352854
41457654691,302,12.352779
57311495093,306,12.352773
79277012723,310,12.352461
25532999413,296,12.352254
93295896671,312,12.352013
8224062659,282,12.351990
15735242311,290,12.351375
93457540699,312,12.351166
21772504693,294,12.350910
48932636957,304,12.350840
41630644579,302,12.350677
79728966287,310,12.349664
35485642333,300,12.349545
67842699061,308,12.349413
57699607697,306,12.349408
11431287173,286,12.349080
49128590081,304,12.348835
21867217513,294,12.348659
5092338613,276,12.348439
93993363329,312,12.348372
94044756991,312,12.348104
35648485409,300,12.347218
7059848567,280,12.346937
58027528399,306,12.346584
68276103877,308,12.346260
21970817993,294,12.346208
58170028879,306,12.345363
94643660509,312,12.345002
18735013103,292,12.344812
1649329259,262,12.344728
94720290689,312,12.344607
94742477149,312,12.344493
35843173213,300,12.344450
80604872981,310,12.344290
94789296233,312,12.344252
94860476551,312,12.343885
22086021577,294,12.343496
49663038137,304,12.343410
94958097023,312,12.343383
68682150139,308,12.343327
68718130291,308,12.343067
95160181643,312,12.342344
95434303963,312,12.340940
95484307693,312,12.340685
11617728497,286,12.340460
22225011733,294,12.340246
22234362707,294,12.340029
95647930409,312,12.339849
30784662221,298,12.339400
69236629927,308,12.339350
22289163877,294,12.338754
58981697849,306,12.338465
59089315517,306,12.337558
81721813253,310,12.337529
30959566697,298,12.336506
69661626169,308,12.336326
96364194919,312,12.336209
81942867359,310,12.336203
96411998983,312,12.335967
50408367323,304,12.335949
26400109753,296,12.335063
50510088197,304,12.334940
96637966889,312,12.334826
26425125277,296,12.334577
69936574051,308,12.334379
11760125303,286,12.333976
36604743311,300,12.333780
59589561583,306,12.333365
22533417677,294,12.333112
70166903029,308,12.332756
31190055497,298,12.332719
59743527169,306,12.332083
31239492467,298,12.331911
97272536741,312,12.331635
82781208221,310,12.331208
59963559937,306,12.330256
36892444921,300,12.329811
51039251141,304,12.329725
19290952463,292,12.329570
51078007223,304,12.329346
97805727763,312,12.328971
36962048911,300,12.328856
22745064061,294,12.328278
37005057163,300,12.328267
37018800199,300,12.328079
37024591811,300,12.328000
2349533317,266,12.327666
70946042929,308,12.327305
70986634399,308,12.327023
14021521331,288,12.326731
4503874031,274,12.326682
37128849397,300,12.326575
51381030341,304,12.326389
98373179621,312,12.326153
37213012373,300,12.325429
71284387987,308,12.324958
98727361619,312,12.324403
83964934667,310,12.324247
71398632787,308,12.324168
51634994921,304,12.323925
84093128927,310,12.323501
37482051287,300,12.321782
23044330087,294,12.321524
12039686723,286,12.321492
84444864557,310,12.321456
27127838119,296,12.321101
99418850263,312,12.321006
16673410843,290,12.320984
31938788411,298,12.320623
61139229929,306,12.320617
72042226411,308,12.319745
99829995569,312,12.318998
44351582641,302,12.318780
37708941643,300,12.318728
99972568291,312,12.318304
27282164263,296,12.318192
85095759701,310,12.317697
85105270403,310,12.317642
61521346009,306,12.317527
61561205527,306,12.317205
23256542311,294,12.316792
23306924983,294,12.315675
72754216981,308,12.314900
85679481299,310,12.314352
52650853037,304,12.314199
52710413291,304,12.313635
16938849853,290,12.312721
73170176251,308,12.312094
38225395121,300,12.311852
44978358343,302,12.311733
16971764857,290,12.311707
38246421757,300,12.311573
62393573413,306,12.310551
5457937279,276,12.310252
53079838727,304,12.310153
62540688913,306,12.309384
73821518647,308,12.307734
45354423643,302,12.307555
73945072777,308,12.306911
1496441623,260,12.306903
73969719991,308,12.306747
87040224311,310,12.306648
53486639957,304,12.306348
53509850363,304,12.306132
63090656747,306,12.305050
87393391301,310,12.304670
87560273861,310,12.303739
74434671169,308,12.303667
87576589337,310,12.303648
45741270739,302,12.303296
87652208027,310,12.303226
74676368047,308,12.302073
33131939441,298,12.301970
3402493979,270,12.301930
39025665457,300,12.301392
63636412913,306,12.300790
88097230373,310,12.300755
20400373751,292,12.300528
28262924863,296,12.300115
9059438303,282,12.299870
88371580043,310,12.299236
1516828981,260,12.299025
75224520541,308,12.298481
75225536137,308,12.298474
88552974173,310,12.298236
64017563749,306,12.297837
39330051503,300,12.297474
75455370979,308,12.296976
20546615291,292,12.296827
75480008491,308,12.296816
20552164583,292,12.296688
75535436839,308,12.296455
54589898423,304,12.296185
39474358277,300,12.295628
216668839,236,12.295587
28555300177,296,12.294856
17540812363,290,12.294494
75924698419,308,12.293933
7787711219,280,12.293743
64583927489,306,12.293486
54900575273,304,12.293364
89559738077,310,12.292723
64721436497,306,12.292436
55016280983,304,12.292317
89686811219,310,12.292032
39783589589,300,12.291697
89797580261,310,12.291430
24446866043,294,12.291089
24451848511,294,12.290984
39843247567,300,12.290942
76395793801,308,12.290898
89935092083,310,12.290685
39887970671,300,12.290377
39941559913,300,12.289701
39944410279,300,12.289665
76618893487,308,12.289468
76632041389,308,12.289384
47045289493,302,12.289224
76679415451,308,12.289082
65316305669,306,12.287919
76877542639,308,12.287816
40093358749,300,12.287791
90518454683,310,12.287535
40140101941,300,12.287205
1316355581,258,12.286807
55683466277,304,12.286328
24687395567,294,12.286060
55753445927,304,12.285705
65643715447,306,12.285453
29091424249,296,12.285364
77341389787,308,12.284867
77380716937,308,12.284618
40378525087,300,12.284225
77443852669,308,12.284219
40386834847,300,12.284122
15207468169,288,12.284041
40433214383,300,12.283545
47598523663,302,12.283380
65964252833,306,12.283051
34392953159,298,12.283029
56077374131,304,12.282829
56130637943,304,12.282358
40560476401,300,12.281964
47801560663,302,12.281253
91744724837,310,12.280985
56379247583,304,12.280166
34597564577,298,12.280026
56399141651,304,12.279990
25056026243,294,12.278455
13070246249,286,12.278049
11105949961,284,12.278029
9437960591,282,12.277949
66764697707,306,12.277106
66782165473,306,12.276978
56746828217,304,12.276942
25141941233,294,12.276700
189695893,234,12.276420
21403581929,292,12.275703
78806634997,308,12.275679
92776410473,310,12.275546
41111282549,300,12.275186
56953075913,304,12.275144
92865188501,310,12.275082
92891999927,310,12.274941
15483563309,288,12.274622
18228899317,290,12.274470
92995476071,310,12.274400
93107655149,310,12.273814
93118793249,310,12.273756
41230055249,300,12.273737
13178484743,286,12.273703
67293999629,306,12.273218
29796206569,296,12.273170
67417531967,306,12.272315
57281592101,304,12.272294
11255659267,284,12.270926
13255703093,286,12.270626
21615518129,292,12.270620
57538219121,304,12.270080
367876771,242,12.269778
48963450451,302,12.269271
4247918923,272,12.269001
3613509769,270,12.268296
21737188511,292,12.267727
13329794039,286,12.267693
708730541,250,12.267539
68119276549,306,12.267220
94389511439,310,12.267173
41787675661,300,12.266994
68189607119,306,12.266713
41818279247,300,12.266627
94499373557,310,12.266608
94572280001,310,12.266234
68280365089,306,12.266059
21816059633,292,12.265861
41924073599,300,12.265361
25746285211,294,12.264536
25764671701,294,12.264171
5940263083,276,12.263931
15808563917,288,12.263764
18610476169,290,12.263717
8238625823,280,12.263436
42095585837,300,12.263313
68762514097,306,12.262600
42159726773,300,12.262550
80966985091,308,12.262461
95317939667,310,12.262424
58441086593,304,12.262374
42200911729,300,12.262061
42263699273,300,12.261316
95609625143,310,12.260942
69027406289,306,12.260711
95708151113,310,12.260442
11494632271,284,12.259797
95943353531,310,12.259253
58840828667,304,12.259003
96049198043,310,12.258718
69372387547,306,12.258263
69426284633,306,12.257881
2660792707,266,12.256997
42652689109,300,12.256726
81931034347,308,12.256685
69674688407,306,12.256127
42703767061,300,12.256127
22242975731,292,12.255883
82114828651,308,12.255592
96732992333,310,12.255280
42784466701,300,12.255182
96823961891,310,12.254825
96827222441,310,12.254808
36370072559,298,12.254795
96877621091,310,12.254556
22304295653,292,12.254467
42849636707,300,12.254420
82317728167,308,12.254389
69936982879,306,12.254283
82349006101,308,12.254204
18966544297,290,12.253896
97167469559,310,12.253109
43002522971,300,12.252637
82624905277,308,12.252573
43042701671,300,12.252170
36575825387,298,12.251953
82805426257,308,12.251510
97546157873,310,12.251225
97636424777,310,12.250777
97655828051,310,12.250681
59872830131,304,12.250414
60024359723,304,12.249166
83235016999,308,12.248988
83308991989,308,12.248555
98130904199,310,12.248332
43410637301,300,12.247912
98216618879,310,12.247910
70869311957,306,12.247788
83508572617,308,12.247390
83538109867,308,12.247218
83607036241,308,12.246817
71045295749,306,12.246572
98649303917,310,12.245783
16379896231,288,12.245252
98774449901,310,12.245170
83960624707,308,12.244761
31521315757,296,12.244596
98920749383,310,12.244453
51476001583,302,12.244377
43768971661,300,12.243803
3776759513,270,12.243714
51577856053,302,12.243397
43875661849,300,12.242586
11884157893,284,12.242186
71689312213,306,12.242151
60894927251,304,12.242064
71706530219,306,12.242033
16489110641,288,12.241793
3218901797,268,12.241744
37332540131,298,12.241646
71768720839,306,12.241609
8580995693,280,12.241606
71782037137,306,12.241518
99609644723,310,12.241098
26963986417,294,12.240937
26976061753,294,12.240709
7308121159,278,12.240089
72030110473,306,12.239829
72030194653,306,12.239828
84855545041,308,12.239602
44153944451,300,12.239429
72359023309,306,12.237598
32028788719,296,12.236511
19629669511,290,12.236128
61798659731,304,12.234805
61833354017,304,12.234529
72873281729,306,12.234134
27364097381,294,12.233435
86019605779,308,12.232979
2357882257,264,12.232965
27390746423,294,12.232940
52754865841,302,12.232207
52823743789,302,12.231561
62260507817,304,12.231139
73456261787,306,12.230237
2017158281,262,12.228730
32570373289,296,12.228035
7479824251,278,12.227587
62747255183,304,12.227308
45250944587,300,12.227186
10388124283,282,12.226885
6359729557,276,12.226861
62815491677,304,12.226774
32695287847,296,12.226102
45356556997,300,12.226025
87275364229,308,12.225942
74218843093,306,12.225191
45441565009,300,12.225092
53553938869,302,12.224763
74362712057,306,12.224245
63139833131,304,12.224242
10452667349,282,12.223602
45623785147,300,12.223099
63288224621,304,12.223088
27929909321,294,12.223026
74559127889,306,12.222958
87816916987,308,12.222940
20145091999,290,12.222761
32936239507,296,12.222395
87987985357,308,12.221996
17132898131,288,12.221895
14553611927,286,12.221645
17167351249,288,12.220854
88330476127,308,12.220112
75044087609,306,12.219792
75071836517,306,12.219612
20269565821,290,12.219588
17216411911,288,12.219374
23920396391,292,12.218597
75338020523,306,12.217885
46116675263,300,12.217750
555142307,246,12.217692
75367791503,306,12.217692
64100176643,304,12.216826
39292606571,298,12.215967
20447551627,290,12.215089
75825657097,306,12.214739
89363123671,308,12.214479
54689734201,302,12.214387
54710387899,302,12.214200
76048672979,306,12.213306
46637632073,300,12.212163
89916681289,308,12.211489
28586301641,294,12.211232
46740296327,300,12.211069
24281265539,292,12.210946
64884942527,304,12.210855
28624710911,294,12.210551
14867606297,286,12.210507
46890521077,300,12.209475
46890801791,300,12.209472
46913739589,300,12.209229
76746738217,306,12.208855
65159982743,304,12.208780
65232837167,304,12.208233
14933782349,286,12.208192
90542348011,308,12.208133
47062648663,300,12.207654
65315647847,304,12.207611
9160210307,280,12.206746
12725091727,284,12.206212
10822971673,282,12.205184
77329534319,306,12.205171
55747125019,302,12.204934
40217693291,298,12.204326
55913095093,302,12.203467
77650519487,306,12.203155
77665769327,306,12.203058
47502019127,300,12.203040
91622688601,308,12.202395
47579497051,300,12.202231
66081909893,304,12.201896
47637524503,300,12.201626
47663620531,300,12.201354
40479758399,298,12.201079
47707239227,300,12.200900
92042550631,308,12.200186
92072694751,308,12.200027
40569719867,298,12.199971
47823984133,300,12.199688
29253325457,294,12.199545
56367325711,302,12.199479
10949868899,282,12.199029
78376571947,306,12.198627
9301486433,280,12.198607
4830110269,272,12.198330
47959496369,300,12.198284
24892827569,292,12.198257
78524066809,306,12.197713
66709814411,304,12.197267
78656352937,306,12.196894
78756621499,306,12.196275
92897983429,308,12.195717
40983414089,298,12.194905
56904585763,302,12.194806
41045900981,298,12.194145
25105661219,292,12.193920
93255618787,308,12.193862
67235000621,304,12.193430
48458304353,300,12.193154
48470628179,300,12.193028
15403053557,286,12.192090
93622832119,308,12.191965
79461493883,306,12.191945
48642839249,300,12.191271
41291003669,298,12.191175
79785458507,306,12.189969
79798280669,306,12.189891
79804856623,306,12.189851
15493221587,286,12.189057
6823164329,276,12.188880
35210783269,296,12.188786
48887889047,300,12.188782
80016022633,306,12.188568
94327274221,308,12.188348
48966638093,300,12.187985
29961605467,294,12.187447
41605268279,298,12.187395
49233390029,300,12.185295
94943958271,308,12.185206
95118061471,308,12.184323
58139673793,302,12.184241
80737130603,306,12.184214
25590396911,292,12.184190
49387250287,300,12.183751
68584051247,304,12.183722
4212422257,270,12.183399
49472906389,300,12.182894
80957464219,306,12.182892
68733337811,304,12.182660
18494019289,288,12.182374
49525517339,300,12.182368
49559852197,300,12.182025
68833006787,304,12.181952
9606704141,280,12.181473
95785243399,308,12.180955
9622533029,280,12.180600
69036122777,304,12.180514
49743116719,300,12.180200
96001883101,308,12.179867
58697169109,302,12.179552
81575020939,306,12.179207
49923374783,300,12.178411
81721827127,306,12.178335
69426250121,304,12.177765
69462397337,304,12.177510
58942168633,302,12.177506
69498109937,304,12.177259
50064355559,300,12.177017
50109320243,300,12.176574
36082032769,296,12.176530
82118192083,306,12.175991
30654445231,294,12.175908
96819021991,308,12.175785
4272227221,270,12.175653
26049835451,292,12.175150
18763327777,288,12.174929
50377607149,300,12.173935
42756880979,298,12.173801
9756016607,280,12.173305
30824134333,294,12.173125
3642720617,268,12.172967
97419208009,308,12.172812
50615781077,300,12.171605
50717811637,300,12.170611
59805676291,302,12.170369
50805018281,300,12.169763
43131248621,298,12.169468
22358435527,290,12.169294
83267955269,306,12.169258
31109194141,294,12.168487
83439817609,306,12.168260
26406202931,292,12.168256
11617248103,282,12.167888
83513941939,306,12.167830
83518441387,306,12.167805
83553460853,306,12.167602
83572214827,306,12.167493
22443729163,290,12.167351
2649931771,264,12.167132
31199548753,294,12.167027
4345881427,270,12.166275
31254330253,294,12.166143
51188202413,300,12.166055
98901814327,308,12.165549
51261956891,300,12.165344
83944246499,306,12.165344
435917491,242,12.165106
99045829291,308,12.164850
31334772743,294,12.164849
31369097437,294,12.164298
84162304229,306,12.164090
22603671109,290,12.163727
60697427899,302,12.163115
51516285581,300,12.162903
16296818939,286,12.162845
84435156367,306,12.162525
22662695353,290,12.162396
71690267921,304,12.162130
84629710127,306,12.161412
84635895919,306,12.161377
84645666967,306,12.161322
26779352849,292,12.161145
7186212193,276,12.161038
61134290641,302,12.159602
61152109129,302,12.159459
11815363201,282,12.159016
85079079103,306,12.158854
72207023051,304,12.158637
10045894181,280,12.157827
27012175121,292,12.156762
61551597529,302,12.156273
11878141243,282,12.156239
31976569601,294,12.154653
31996951061,294,12.154332
27156908843,292,12.154058
61878045001,302,12.153685
52526942189,300,12.153330
7306451723,276,12.152154
1661688551,258,12.151984
32173582121,294,12.151567
86393683567,306,12.151450
19647180821,288,12.151283
37977869947,296,12.150933
62268372931,302,12.150610
3220593757,266,12.150096
38080002409,296,12.149593
73605246833,304,12.149318
32353733213,294,12.148763
1202442343,254,12.148681
38160066193,296,12.148546
73756797773,304,12.148318
87140933609,306,12.147295
23347751953,290,12.147224
53205863693,300,12.147011
16805148713,286,12.146977
53289426299,300,12.146239
62847080893,302,12.146090
16841235197,286,12.145871
87475315027,306,12.145449
45300698207,298,12.145128
87545099687,306,12.145064
19887350789,288,12.145058
87555498473,306,12.145007
53429733281,300,12.144946
87580547473,306,12.144870
19900404421,288,12.144722
53462779927,300,12.144642
63047435989,302,12.144534
32651903573,294,12.144159
4526858383,270,12.143950
87772335793,306,12.143815
16909241507,286,12.143793
63175075393,302,12.143547
87932513509,306,12.142937
53778301909,300,12.141749
74788904327,304,12.141576
2353644593,262,12.141304
16992815969,286,12.141252
45667725497,298,12.141135
88380385559,306,12.140489
32946259363,294,12.139659
45853269047,298,12.139130
88639572667,306,12.139078
32987839583,294,12.139027
75230966753,304,12.138719
75233619371,304,12.138701
8834842759,278,12.138694
2006225647,260,12.138460
38969801083,296,12.138085
28032520391,292,12.138025
54199705397,300,12.137916
39031074409,296,12.137303
88999866143,306,12.137125
89021678033,306,12.137008
64044911851,302,12.136873
39095571523,296,12.136482
89178549443,306,12.136160
54420030383,300,12.135923
12353976403,282,12.135691
64224200071,302,12.135509
75739604561,304,12.135454
54505717697,300,12.135151
1045132433,252,12.134398
46346746637,298,12.133839
54692008907,300,12.133476
54773260903,300,12.132748
20373759691,288,12.132694
39405942769,296,12.132548
76275177371,304,12.132041
76284576743,304,12.131982
76287301721,304,12.131965
89963257673,306,12.131945
20444386759,288,12.130926
20445414289,288,12.130900
3935862251,268,12.130322
20507962429,288,12.129339
391995671,240,12.129322
65048769649,302,12.129292
33642955391,294,12.129178
46787691449,298,12.129162
90502919359,306,12.129068
12524261011,282,12.128546
20559032027,288,12.128069
12549267161,282,12.127505
24289832257,290,12.127131
4673734271,270,12.126534
91247144839,306,12.125133
40020819439,296,12.124854
33975092381,294,12.124265
47263828691,298,12.124166
17572903937,286,12.123975
20725616057,288,12.123949
55766276429,300,12.123939
91487191027,306,12.123871
47311612571,298,12.123667
34066903963,294,12.122915
65933586703,302,12.122714
20778407159,288,12.122651
65948138713,302,12.122606
91905554549,306,12.121679
56063460391,300,12.121334
77996639951,304,12.121245
17673893099,286,12.121030
47601854771,298,12.120651
78168843227,304,12.120179
10793085833,280,12.120072
92235033613,306,12.119961
6586087127,274,12.119483
24671895907,290,12.119221
56311219499,300,12.119175
12769846403,282,12.118424
92533381879,306,12.118411
24717747529,290,12.118280
92656560697,306,12.117773
34420333613,294,12.117758
92666285317,306,12.117723
92671021013,306,12.117698
56520326453,300,12.117361
29207404871,292,12.117345
56587810913,300,12.116776
29242594721,292,12.116739
21033169667,288,12.116436
92981700893,306,12.116092
93034448783,306,12.115820
93041918917,306,12.115781
93045925073,306,12.115761
78935519123,304,12.115465
24866190841,290,12.115250
66995536423,302,12.114944
93208485077,306,12.114923
21096320989,288,12.114907
93229361543,306,12.114816
93233633837,306,12.114794
34628193427,294,12.114752
10907527223,280,12.114542
40875392377,296,12.114369
4052195087,268,12.114349
67202109313,302,12.113447
34788627767,294,12.112445
67385172889,302,12.112125
79627587803,304,12.111252
34872329717,294,12.111246
93947651827,306,12.111135
79667056907,304,12.111012
18038405597,286,12.110552
79782932651,304,12.110312
67749935479,302,12.109504
18096838007,286,12.108893
35049931381,294,12.108712
13017832679,282,12.108417
94520022613,306,12.108225
41395832827,296,12.108099
80271279383,304,12.107368
68104659349,302,12.106969
35185934447,294,12.106781
35219989487,294,12.106298
11083592369,280,12.106154
57849917977,300,12.105991
15428812831,284,12.105968
94968603913,306,12.105957
15429922063,284,12.105931
35246297161,294,12.105927
68259448501,302,12.105867
25386827419,290,12.104771
95248256599,306,12.104548
95276389133,306,12.104407
21548214517,288,12.104116
6779717597,274,12.103970
80839791821,304,12.103966
68558047693,302,12.103749
80904333071,304,12.103581
80907377951,304,12.103563
18286209737,286,12.103559
58178798903,300,12.103223
15511709557,284,12.103204
2520553103,262,12.102878
58244085833,300,12.102675
95632066417,306,12.102624
2975779853,264,12.102447
11169530753,280,12.102113
81161795021,304,12.102051
11183125271,280,12.101477
4895904389,270,12.101294
95988514813,306,12.100843
96106796633,306,12.100254
96109935169,306,12.100238
18420997757,286,12.099798
30254966309,292,12.099651
42178849849,296,12.098825
25723647583,290,12.098115
96550108073,306,12.098052
58802012299,300,12.098022
81892070873,304,12.097736
21824999087,288,12.097627
13292543461,282,12.097569
96674840173,306,12.097435
96694325617,306,12.097339
96749098253,306,12.097068
96756654343,306,12.097030
58965092833,300,12.096671
82093637411,304,12.096553
18544846367,286,12.096370
82138245953,304,12.096292
69633512461,302,12.096203
59091380279,300,12.095628
69721099891,302,12.095594
11315547923,280,12.095324
36014900011,294,12.095182
59151176411,300,12.095135
97162963829,306,12.095026
59174702759,300,12.094940
97180490287,306,12.094940
30544114499,292,12.094885
13369308541,282,12.094581
36073350293,294,12.094376
50232197009,298,12.094194
82513626347,304,12.094097
50253665069,298,12.093985
36107023613,294,12.093911
97421072953,306,12.093759
30643724219,292,12.093254
13407465139,282,12.093102
36202821931,294,12.092593
97799298797,306,12.091907
22088964481,288,12.091520
59649524243,300,12.091044
59664691283,300,12.090920
36344022023,294,12.090657
98057808587,306,12.090645
98130213749,306,12.090293
83188668287,304,12.090178
98168065283,306,12.090108
26155517809,290,12.089718
83299505903,304,12.089538
98291289869,306,12.089509
70614885883,302,12.089426
18799506827,286,12.089396
687704909,246,12.089124
83373450983,304,12.089111
98375077499,306,12.089102
83435735651,304,12.088753
9725955931,278,12.087974
43178020927,296,12.087258
98759215019,306,12.087241
83719468853,304,12.087121
98842033559,306,12.086841
18900285539,286,12.086664
71173468189,302,12.085614
31120423391,292,12.085527
99131577749,306,12.085444
9775133491,278,12.085323
99286322479,306,12.084701
99329882563,306,12.084491
13634151121,282,12.084414
60468609251,300,12.084402
99401230627,306,12.084148
26451590479,290,12.084047
8313692879,276,12.083445
36885439523,294,12.083309
36886498381,294,12.083295
11585316563,280,12.083025
99645483083,306,12.082977
36914165357,294,12.082923
43594446109,296,12.082522
60750246631,300,12.082141
43630155727,296,12.082119
31367011901,292,12.081581
60848919107,300,12.081351
43702701109,296,12.081300
16185990781,284,12.081296
84850130447,304,12.080677
16216843603,284,12.080317
8381641109,276,12.079140
61168049377,300,12.078807
61263383087,300,12.078050
61263484819,300,12.078049
7126196843,274,12.077378
3117495401,264,12.076690
61492500203,300,12.076235
37426549973,294,12.076081
37457718217,294,12.075668
22803365737,288,12.075383
7154652587,274,12.075257
26926081573,290,12.075102
72739654921,302,12.075096
61658649887,300,12.074923
61714131797,300,12.074486
44322434929,296,12.074360
31824147749,292,12.074352
37595260877,294,12.073851
9994361131,278,12.073683
61885315837,300,12.073140
11810347319,280,12.073003
37676266891,294,12.072783
61975445647,300,12.072433
86326362113,304,12.072402
22942179011,288,12.072311
73163305753,302,12.072293
86366338871,304,12.072181
37761707051,294,12.071661
37783765067,294,12.071371
37837334071,294,12.070669
37887146993,294,12.070017
62302746431,300,12.069874
62360770943,300,12.069422
86903910827,304,12.069206
5199128437,270,12.068789
73715032753,302,12.068668
62578925351,300,12.067727
87187256927,304,12.067647
8571714373,276,12.067297
27383951107,290,12.066629
38149608397,294,12.066597
74143901719,302,12.065871
38243663371,294,12.065378
38267790277,294,12.065065
53414981171,298,12.064115
45267925447,296,12.063972
63108056303,300,12.063641
5251314119,270,12.063403
14200543559,282,12.063374
87977684981,304,12.063325
53533400969,298,12.063033
19813739927,286,12.062603
12049062863,280,12.062594
63295179557,300,12.062204
32623802753,292,12.061975
63328078999,300,12.061953
12073601381,280,12.061538
88364575373,304,12.061225
63427163507,300,12.061194
88370757593,304,12.061192
45527492443,296,12.061162
27702648973,290,12.060822
14277257581,282,12.060594
14286265733,282,12.060268
88551771383,304,12.060212
75083520481,302,12.059804
63661539523,300,12.059406
63666653719,300,12.059367
38718510997,294,12.059271
63813717313,300,12.058249
7389828431,274,12.058070
63847610831,300,12.057992
7398477161,274,12.057449
38875480057,294,12.057270
63964430363,300,12.057106
54218316497,298,12.056828
45943232263,296,12.056696
12187538813,280,12.056660
54257272859,298,12.056478
23716981619,288,12.055527
64222841623,300,12.055153
64292810191,300,12.054625
64339678973,300,12.054272
89680034933,304,12.054158
64361248607,300,12.054110
89756157653,304,12.053752
64446818921,300,12.053466
23850676849,288,12.052691
6328324753,272,12.052302
39273395141,294,12.052237
64681820491,300,12.051703
33321443189,292,12.051441
54850393457,298,12.051177
3867838333,266,12.049305
33470104319,292,12.049228
65030829139,300,12.049099
65074072277,300,12.048778
17249507791,284,12.048678
8880985783,276,12.048625
65110330279,300,12.048508
12399729653,280,12.047706
24106569479,288,12.047311
55305200939,298,12.047154
77090603869,302,12.047112
3291711473,264,12.046723
91142484683,304,12.046432
91228490387,304,12.045980
91272694463,304,12.045750
91294805123,304,12.045634
55498356671,298,12.045456
65539440829,300,12.045330
91484924621,304,12.044641
65728703437,300,12.043936
55672033349,298,12.043935
39942298661,294,12.043898
7593483011,274,12.043662
12499232321,280,12.043564
65831716183,300,12.043179
65875965409,300,12.042853
65892255173,300,12.042734
47287035283,296,12.042555
65924215309,300,12.042500
91983005963,304,12.042050
3320877253,264,12.041876
47364975907,296,12.041748
55930822799,298,12.041678
1448248537,254,12.041555
66058348339,300,12.041517
28795894801,290,12.041440
78066033079,302,12.041073
47439244429,296,12.040980
47511940183,296,12.040231
24454067017,288,12.040102
66261486299,300,12.040033
24482361689,288,12.039520
4649775509,268,12.039487
92479682213,304,12.039482
78328161601,302,12.039464
40320454697,294,12.039250
66387277063,300,12.039117
40332982673,294,12.039098
6490571911,272,12.038798
20773055189,286,12.038596
66491052167,300,12.038363
24546513337,288,12.038203
92840483381,304,12.037626
47791316809,296,12.037360
20827021337,286,12.037282
66645784391,300,12.037239
47961219157,296,12.035623
66878532619,300,12.035556
40638345791,294,12.035380
15024194989,282,12.034348
56780474537,298,12.034347
93514632821,304,12.034179
29218737391,290,12.034156
67114220813,300,12.033857
67115886947,300,12.033846
24772693747,288,12.033590
15067919149,282,12.032855
67272661949,300,12.032720
56972484287,298,12.032706
21019201667,286,12.032630
34609591859,292,12.032605
79462385683,302,12.032568
67352715739,300,12.032146
93937217123,304,12.032031
79564306363,302,12.031953
94007083043,304,12.031677
40946196997,294,12.031663
48356096479,296,12.031611
57209583887,298,12.030688
67578872723,300,12.030528
5584076951,270,12.030378
67615962083,300,12.030263
67624408793,300,12.030203
94359014723,304,12.029898
94374780161,304,12.029819
57330619859,298,12.029662
9208047899,276,12.029633
4011238579,266,12.029469
29509636759,290,12.029210
67850699351,300,12.028592
67851584473,300,12.028585
41258365427,294,12.027925
48732205513,296,12.027823
80293547941,302,12.027581
94910849291,304,12.027122
15252930439,282,12.026593
68184721441,300,12.026224
12941816003,280,12.025565
68286682987,300,12.025503
68291814743,300,12.025467
57833035907,298,12.025427
7865082893,274,12.025086
68393650187,300,12.024749
35178056351,292,12.024532
29794388773,290,12.024421
15324297671,282,12.024199
12979907249,280,12.024047
95527677347,304,12.024041
58080911981,298,12.023352
68615503471,300,12.023189
13003362719,280,12.023115
81108270169,302,12.022747
49312520239,296,12.022040
58284727637,298,12.021652
68882034149,300,12.021320
284491601,234,12.020828
41867780401,294,12.020714
21525789533,286,12.020586
49459874923,296,12.020584
81626680771,302,12.019698
81628284181,302,12.019690
49582533379,296,12.019375
58587090389,298,12.019143
35580253463,292,12.018906
6737967913,272,12.018899
69246070447,300,12.018782
25521124781,288,12.018642
5711589497,270,12.018288
15503998703,282,12.018225
69365164811,300,12.017955
81943220389,302,12.017847
25565663309,288,12.017768
42129754867,294,12.017649
15531935399,282,12.017303
25591409071,288,12.017263
35700640499,292,12.017235
21687112703,286,12.016815
42253668053,294,12.016206
25646306591,288,12.016190
42303658303,294,12.015626
82346198839,302,12.015502
42352274953,294,12.015061
82497497653,302,12.014625
59143123517,298,12.014566
97489760531,304,12.014380
18450346897,284,12.014376
69897673283,300,12.014274
21797838989,286,12.014244
69907907939,300,12.014203
30420957559,290,12.014053
69945447301,300,12.013945
69952956077,300,12.013893
97594320011,304,12.013870
82632045451,302,12.013845
50222845753,296,12.013116
70069615453,300,12.013092
21852157427,286,12.012988
11234230939,278,12.012671
97939597571,304,12.012194
70259768233,300,12.011788
98130720461,304,12.011269
30597272851,290,12.011178
59619917927,298,12.010678
42734787071,294,12.010648
70427820481,300,12.010639
42743379571,294,12.010550
70467729833,300,12.010367
98323458437,304,12.010338
13331307629,280,12.010270
70490435143,300,12.010212
15770318479,282,12.009508
30757600441,290,12.008578
83595824839,302,12.008306
26062327979,288,12.008127
70800351547,300,12.008103
70825023691,300,12.007936
50794698853,296,12.007598
4179864697,266,12.007108
98996122283,304,12.007103
70951557023,300,12.007078
26119980661,288,12.007021
70984536751,300,12.006854
18726427567,284,12.006831
99118443467,304,12.006517
60164966189,298,12.006274
84080555563,302,12.005546
43182681923,294,12.005534
18776525923,284,12.005475
26204560387,288,12.005403
51032478829,296,12.005323
71265231923,300,12.004958
99527111231,304,12.004567
71328794917,300,12.004530
938102047,248,12.004239
84363085789,302,12.003945
36679824773,292,12.003868
71429098483,300,12.003855
84416318251,302,12.003644
8199787997,274,12.003133
60625013399,298,12.002590
31140542707,290,12.002429
26370735649,288,12.002240
71700579571,300,12.002033
22350847817,286,12.001613
3574492007,264,12.001588
43538048233,294,12.001518
31201167961,290,12.001463
60767103437,298,12.001459
4229496547,266,12.000713
13600912889,280,11.999965
22440332363,286,11.999601
3590722127,264,11.999117
61062353147,298,11.999117
72156168697,300,11.998993
4243339603,266,11.998944
61124749901,298,11.998623
37088004893,292,11.998409
43836472397,294,11.998173
26589553847,288,11.998108
72412607101,300,11.997291
37191058271,292,11.997042
72465795329,300,11.996938
51934296289,296,11.996800
26662112251,288,11.996746
85670416561,302,11.996613
9821953513,276,11.995887
13709555663,280,11.995874
2191208377,258,11.995693
37293101381,292,11.995691
61500164867,298,11.995666
37303443461,292,11.995554
85883661043,302,11.995428
52094195677,296,11.995306
72727572101,300,11.995209
61559030381,298,11.995204
44136165131,294,11.994837
22662502133,286,11.994643
72828211579,300,11.994545
37441963421,292,11.993728
86211004729,302,11.993615
31700921713,290,11.993576
22710949343,286,11.993569
61787802359,298,11.993413
11672451097,278,11.992840
2603727229,260,11.992504
73198167473,300,11.992116
73306952041,300,11.991404
86619902533,302,11.991362
73469004439,300,11.990346
86825007343,302,11.990236
1872852203,256,11.990223
31962919129,290,11.989494
73606649513,300,11.989449
62303571497,298,11.989402
87011250961,302,11.989216
52764727387,296,11.989092
9952401983,276,11.989012
32001334159,290,11.988899
6035744833,270,11.988829
62389517381,298,11.988737
11772246919,278,11.988438
44722585711,294,11.988381
7137894433,272,11.988356
6042553837,270,11.988229
44810827063,294,11.987418
62575899527,298,11.987299
44830628621,294,11.987202
87418444879,302,11.986995
32125664401,290,11.986978
693103883,244,11.986232
53090941237,296,11.986100
74165620121,300,11.985825
10024900687,276,11.985233
74276346299,300,11.985110
45029303927,294,11.985041
74337989629,300,11.984714
19571507467,284,11.984468
53276838259,296,11.984404
23152701629,286,11.983888
53421663499,296,11.983087
45211242001,294,11.983071
63168634847,298,11.982755
74646479707,300,11.982731
5168161199,268,11.982590
74698596407,300,11.982397
16640525893,282,11.982100
590850889,242,11.981934
74807011507,300,11.981703
74927967209,300,11.980929
8558481083,274,11.980662
88615698673,302,11.980526
6131701267,270,11.980438
27573168517,288,11.979979
19751176507,284,11.979847
14157448733,280,11.979375
45561268373,294,11.979305
16740247109,282,11.979059
75254288047,300,11.978850
32663915467,290,11.978750
63700137437,298,11.978719
75283737029,300,11.978663
89017951993,302,11.978374
10158282287,276,11.978358
89022769729,302,11.978348
75461442229,300,11.977536
54066838909,296,11.977265
54128672779,296,11.976712
16827378371,282,11.976418
8632689161,274,11.976141
32837559277,290,11.976128
89507500471,302,11.975768
38874195779,292,11.975264
75944343743,300,11.974486
89769529051,302,11.974380
27894650341,288,11.974205
76024254919,300,11.973984
1631577847,254,11.973895
46069497437,294,11.973893
23620867247,286,11.973844
89916449401,302,11.973604
23642412347,286,11.973387
89973433309,302,11.973304
5267257181,268,11.972423
76273750661,300,11.972418
76332431807,300,11.972051
2287052689,258,11.971864
46285298447,294,11.971615
28049427689,288,11.971451
7375838251,272,11.971054
46338848833,294,11.971051
76535305261,300,11.970782
76557421613,300,11.970645
46399978771,294,11.970408
39295490873,292,11.969973
39349998143,292,11.969292
33311039221,290,11.969051
46561145107,294,11.968719
46586691227,294,11.968451
76927903837,300,11.968339
46673025863,294,11.967549
17133198713,282,11.967264
20252561257,284,11.967193
39520600109,292,11.967170
77117325479,300,11.967165
46718917433,294,11.967071
12271702291,278,11.966994
14513773031,280,11.966649
33507496423,290,11.966147
17175344821,282,11.966016
17178948583,282,11.965910
24014201447,286,11.965570
848758777,246,11.965397
77405376827,300,11.965385
55427190859,296,11.965235
65547309491,298,11.964970
91580543203,302,11.964905
55498488967,296,11.964613
17223273961,282,11.964602
5348835911,268,11.964209
2319583157,258,11.964023
39800473283,292,11.963710
77682257423,300,11.963682
47053435981,294,11.963596
55629220303,296,11.963475
33692822269,290,11.963425
91868690209,302,11.963416
17266841759,282,11.963319
77744657189,300,11.963299
65781694967,298,11.963256
852466507,246,11.962860
77957296789,300,11.961996
55819485223,296,11.961824
33805870837,290,11.961772
10497177287,276,11.961322
12411268201,278,11.961171
78097007503,300,11.961142
12416777551,278,11.960943
28653646237,288,11.960855
20514227791,284,11.960723
14687761733,280,11.960557
78207122827,300,11.960470
47406498247,294,11.959958
17393132261,282,11.959621
17393366401,282,11.959615
47490747373,294,11.959095
92753179081,302,11.958877
92830979713,302,11.958480
40237288451,292,11.958362
56222099029,296,11.958351
40244816243,292,11.958270
66490416011,298,11.958111
17445582899,282,11.958095
78618720979,300,11.957968
78696319619,300,11.957498
56342271343,296,11.957320
17475323731,282,11.957231
66643128947,298,11.957010
78807871399,300,11.956822
66678552587,298,11.956756
34179907717,290,11.956346
47768998577,294,11.956253
66863821859,298,11.955424
34246885999,290,11.955380
56594766577,296,11.955160
79137508003,300,11.954833
47920958497,294,11.954709
47924352701,294,11.954675
8995548137,274,11.954627
47954080441,294,11.954373
14873108891,280,11.954154
56774146453,296,11.953632
14899655993,280,11.953243
29097370091,288,11.953226
79461038147,300,11.952890
48102591067,294,11.952870
79483983181,300,11.952752
56907315529,296,11.952502
48155852903,294,11.952332
67306060499,298,11.952264
34465185829,290,11.952250
57034438189,296,11.951425
94340377189,302,11.950847
48335844077,294,11.950521
24769336049,286,11.950091
67655276069,298,11.949783
79990706437,300,11.949727
34654888699,290,11.949546
17751673201,282,11.949282
34685053687,290,11.949118
20993154877,284,11.949109
80135780789,300,11.948864
67798623941,298,11.948769
80186152909,300,11.948565
80199895253,300,11.948483
57428429533,296,11.948104
48581182997,294,11.948062
29437693499,288,11.947460
48663419633,294,11.947240
68026982129,298,11.947158
48720128221,294,11.946675
10806482119,276,11.946287
48768305057,294,11.946195
15114232577,280,11.945951
3964583123,264,11.945341
80753847739,300,11.945209
95535488089,302,11.944897
57839529157,296,11.944665
21187198597,284,11.944486
80947945151,300,11.944067
80951696003,300,11.944045
35063575297,290,11.943776
35068314139,290,11.943709
95809655083,302,11.943543
95847910231,302,11.943355
49065021107,294,11.943252
81091308721,300,11.943226
81124632661,300,11.943030
12858489661,278,11.942982
58115144653,296,11.942374
49168853683,294,11.942225
49211841737,294,11.941802
96181336843,302,11.941714
21316022017,284,11.941441
12903131047,278,11.941203
81451364941,300,11.941120
12918031891,278,11.940612
49334000843,294,11.940599
29866064171,288,11.940304
35404079527,290,11.939024
15324512669,280,11.938914
10963333649,276,11.938841
96809912071,302,11.938640
69251123819,298,11.938622
81914719541,300,11.938424
6640450963,270,11.938215
18157759729,282,11.937840
96978595621,302,11.937818
41984052599,292,11.937587
58711442467,296,11.937457
25425794663,286,11.937044
82204215727,300,11.936749
42063051263,292,11.936669
58842850993,296,11.936381
15405979373,280,11.936215
18227241959,282,11.935910
30164359067,288,11.935387
49875206023,294,11.935310
82460148787,300,11.935272
35700327361,290,11.934930
42214083761,292,11.934920
97578667309,302,11.934908
82526309623,300,11.934892
42247291139,292,11.934537
69847258907,298,11.934524
18277986161,282,11.934505
82609371269,300,11.934414
82643752441,300,11.934216
35788292317,290,11.933721
82738934483,300,11.933670
1484623793,252,11.932707
82952230057,300,11.932447
82981282847,300,11.932281
25671293693,286,11.932259
98129746873,302,11.932252
42455880191,292,11.932135
70216882601,298,11.932001
13137739609,278,11.931968
42605718131,292,11.930417
50382061651,294,11.930413
83328040583,300,11.930303
83331795629,300,11.930282
36061197859,290,11.929992
42666070199,292,11.929728
30534435287,288,11.929358
1264052813,250,11.928853
42744377939,292,11.928834
98952406081,302,11.928317
70764919217,298,11.928288
70819602089,298,11.927919
13245008389,278,11.927805
99092757469,302,11.927649
1498086683,252,11.927608
18549540349,282,11.927062
50769186301,294,11.926709
99382191421,302,11.926275
50828922433,294,11.926140
50829402037,294,11.926135
50833854293,294,11.926093
26008927103,286,11.925757
84229737719,300,11.925199
84230565911,300,11.925194
84325496369,300,11.924660
15761850077,280,11.924606
43130453621,292,11.924454
51079636667,294,11.923760
84490944427,300,11.923731
84765602213,300,11.922194
122164969,222,11.922100
30987898199,288,11.922078
26209396883,286,11.921940
51295937947,294,11.921717
84866688551,300,11.921628
84870081977,300,11.921610
84908822359,300,11.921393
36701962267,290,11.921354
18783424481,282,11.920745
36755790847,290,11.920636
18793113623,282,11.920485
4911043747,266,11.920365
18808566781,282,11.920071
43536259271,292,11.919895
85235876027,300,11.919572
26337131987,286,11.919524
26339492789,286,11.919480
6880809763,270,11.919477
26351422709,286,11.919255
85382301677,300,11.918759
11404566689,276,11.918498
8169866071,272,11.917427
85668199583,300,11.917177
51786815953,294,11.917114
85687474589,300,11.917070
11439712619,276,11.916915
51811001953,294,11.916889
16006772801,280,11.916781
85789782913,300,11.916506
85799466301,300,11.916452
18949899791,282,11.916300
85859515673,300,11.916121
51908464441,294,11.915981
4188629623,264,11.915702
61444652443,296,11.915591
22450395967,284,11.915463
86013015761,300,11.915276
86062973147,300,11.915001
86128635353,300,11.914639
52087504517,294,11.914319
52170244603,294,11.913552
19055693383,282,11.913497
19065209161,282,11.913246
86478338929,300,11.912723
86533173589,300,11.912423
19098884921,282,11.912357
86557846369,300,11.912288
61872875677,296,11.912261
86623644763,300,11.911928
86683229813,300,11.911603
37461046951,290,11.911330
31702150699,288,11.910842
52582916951,294,11.909750
52598194457,294,11.909610
52599497347,294,11.909597
790115267,244,11.909591
87067999937,300,11.909509
44479731323,292,11.909472
19214312323,282,11.909327
87175160389,300,11.908928
87223449121,300,11.908666
22783548493,284,11.908104
44672461193,292,11.907372
19300380019,282,11.907079
27008511587,286,11.907033
87531073309,300,11.907001
31952940581,288,11.906962
52936407847,294,11.906518
3602381621,262,11.906460
74092051679,298,11.906391
52962151343,294,11.906283
37904455003,290,11.905576
87808902529,300,11.905504
87850721417,300,11.905279
74288226911,298,11.905133
22922038663,284,11.905079
27124264289,286,11.904913
53133748163,294,11.904724
53153925961,294,11.904541
88000701727,300,11.904473
62919659107,296,11.904223
88123162709,300,11.903816
11749728509,276,11.903172
88332663091,300,11.902695
53362491947,294,11.902654
88343542453,300,11.902637
23037126367,284,11.902580
11774459813,276,11.902093
7113898613,270,11.901972
88508657899,300,11.901755
53466692437,294,11.901713
16494347453,280,11.901583
27312202319,286,11.901492
9965324813,274,11.901464
63294020623,296,11.901384
53548684883,294,11.900975
53566516331,294,11.900815
11806456073,276,11.900701
19557946411,282,11.900417
88776870557,300,11.900327
6034725509,268,11.900112
88840927199,300,11.899986
53696069927,294,11.899652
11840039143,276,11.899243
89088777733,300,11.898671
16593872381,280,11.898540
89225601671,300,11.897947
53914466413,294,11.897696
23275907461,284,11.897438
32586209707,288,11.897309
23313617521,284,11.896631
45676728173,292,11.896587
54039240053,294,11.896585
45679785623,292,11.896555
14083901047,278,11.896459
45703677893,292,11.896301
16668074867,280,11.896284
16674037007,280,11.896104
32736335981,288,11.895050
89839805221,300,11.894711
64190581687,296,11.894657
11949358397,276,11.894530
8542901959,272,11.894159
32805109697,288,11.894019
32847626369,288,11.893383
90133657171,300,11.893171
90147447883,300,11.893099
16779224321,280,11.892926
38900404663,290,11.892913
54464859161,294,11.892809
90203943301,300,11.892803
90237789311,300,11.892627
54487078171,294,11.892612
76390391807,298,11.891877
76396697999,298,11.891838
8581491781,272,11.891816
54589600127,294,11.891708
90455334803,300,11.891492
90472950691,300,11.891399
54654515933,294,11.891136
39044533393,290,11.891109
16842373391,280,11.891028
90573776171,300,11.890875
90625404707,300,11.890606
4391924813,264,11.890267
39114360331,290,11.890238
33071074427,288,11.890055
90738653479,300,11.890018
19969634801,282,11.889965
90755075441,300,11.889933
23662760281,284,11.889229
76853494997,298,11.889009
33142503439,288,11.888995
54945308003,294,11.888585
14303565271,278,11.888585
76929025937,298,11.888543
54960629981,294,11.888451
91057745851,300,11.888364
6173009147,268,11.888152
91122045277,300,11.888031
55038709681,294,11.887769
20059915721,282,11.887705
23740871227,284,11.887589
91264762607,300,11.887294
46644606959,292,11.886433
55205287153,294,11.886316
12145607207,276,11.886186
10265782343,274,11.886128
91533735869,300,11.885908
91574398141,300,11.885698
77397657527,298,11.885664
91616554829,300,11.885482
77535482939,298,11.884820
28261374059,286,11.884597
55412554723,294,11.884516
91824836731,300,11.884413
91923452903,300,11.883907
91984003297,300,11.883597
46926136253,292,11.883522
10324725683,274,11.883177
55583834807,294,11.883033
77869078337,298,11.882786
55667416811,294,11.882312
20293189199,282,11.881913
92466455149,300,11.881136
92533437019,300,11.880795
66087316609,296,11.880754
55856534003,294,11.880683
55888373183,294,11.880409
28506160433,286,11.880340
92633941867,300,11.880284
12287847007,276,11.880228
92674655839,300,11.880077
33751872391,288,11.880060
66200707387,296,11.879937
12297147077,276,11.879842
1631169073,252,11.879753
92764134487,300,11.879623
28555178963,286,11.879492
92815545791,300,11.879363
17243165963,280,11.879165
14572491529,278,11.879123
92872179727,300,11.879076
1166781397,248,11.878809
92939971909,300,11.878733
92940605591,300,11.878730
78565073189,298,11.878571
66407367079,296,11.878451
56154096541,294,11.878133
93105973789,300,11.877893
40119787633,290,11.877878
66593775679,296,11.877115
56281280267,294,11.877047
93287861399,300,11.876975
5330790319,266,11.876715
28755837953,286,11.876038
93528381431,300,11.875765
28783640993,286,11.875561
5343398719,266,11.875463
93604347623,300,11.875383
47750316569,292,11.875107
34106654971,288,11.874938
17391758603,280,11.874842
10502515421,274,11.874384
56610985657,294,11.874245
93871398769,300,11.874044
67032532867,296,11.873986
34177322009,288,11.873924
56650587263,294,11.873910
34188632299,288,11.873762
93936046843,300,11.873720
40467832663,290,11.873677
20634518029,282,11.873569
40504975279,290,11.873231
94041969733,300,11.873191
67172048737,296,11.872996
34246388381,288,11.872936
56779178483,294,11.872823
79558763807,298,11.872622
56808342197,294,11.872576
48003503549,292,11.872554
94186791827,300,11.872468
56834025497,294,11.872359
34291262311,288,11.872295
40612263763,290,11.871945
94356101137,300,11.871624
79755710261,298,11.871453
34355328221,288,11.871382
79816041959,298,11.871096
79826999999,298,11.871031
57008420941,294,11.870891
48192283793,292,11.870660
3850866599,262,11.870478
94734447113,300,11.869744
80069834969,298,11.869595
8959431373,272,11.869451
24629414497,284,11.869333
20810147543,282,11.869333
94863501961,300,11.869105
12563887597,276,11.868878
67770159013,296,11.868775
95035739933,300,11.868254
95045414641,300,11.868206
12594046739,276,11.867655
40996806883,290,11.867367
95222898619,300,11.867330
95232246293,300,11.867284
57445030381,294,11.867235
24739010641,284,11.867131
34658849921,288,11.867080
48643956629,292,11.866159
12636272993,276,11.865947
95518424611,300,11.865875
95664965687,300,11.865156
24862363003,284,11.864665
95867848931,300,11.864161
95937818519,300,11.863819
95999397037,300,11.863519
96028416013,300,11.863377
96087318919,300,11.863089
57951117421,294,11.863035
81258740417,298,11.862630
58019015081,294,11.862474
96323860957,300,11.861936
21122368139,282,11.861898
10765895027,274,11.861652
12745840949,276,11.861545
29626532447,286,11.861345
2362150619,256,11.861276
81542058419,298,11.860987
5491905253,266,11.860947
25049963767,284,11.860941
96540870787,300,11.860880
9116101993,272,11.860478
35150385737,288,11.860197
96710726603,300,11.860056
35180087141,288,11.859785
58404508541,294,11.859305
21232953151,282,11.859293
17954494913,280,11.858826
6529435049,268,11.858624
10831134761,274,11.858550
97055269379,300,11.858389
21276376883,282,11.858274
49452940091,292,11.858212
97101089621,300,11.858168
29826867593,286,11.858031
35315782219,288,11.857904
58639200703,294,11.857388
97278726613,300,11.857311
35378819209,288,11.857035
58686863381,294,11.856998
21336094921,282,11.856877
58718144171,294,11.856744
58739311361,294,11.856572
97444621723,300,11.856512
97459031947,300,11.856443
7763941109,270,11.856273
58804983511,294,11.856037
58814282377,294,11.855962
82418732327,298,11.855941
49709153783,292,11.855723
82464529817,298,11.855679
97630779709,300,11.855618
18077363417,280,11.855402
58894218653,294,11.855312
97712445331,300,11.855227
82559794871,298,11.855134
35532772417,288,11.854915
82612796129,298,11.854832
97932446957,300,11.854173
12934676549,276,11.854053
97979295683,300,11.853949
2394261893,256,11.853860
82785790937,298,11.853845
42164388271,290,11.853745
59089614301,294,11.853729
21483243079,282,11.853452
3979145591,262,11.852880
50035355429,292,11.852575
59253291497,294,11.852407
1032568259,246,11.852386
83071214201,298,11.852222
21542150381,282,11.852087
70200376903,296,11.852033
35744093741,288,11.852022
59317193783,294,11.851892
42347960899,290,11.851641
21561626413,282,11.851637
98481238409,300,11.851556
30234269699,286,11.851365
18231381407,280,11.851145
18234327731,280,11.851064
70350281653,296,11.851020
21616451113,282,11.850372
11009812013,274,11.850159
35898275551,288,11.849923
98865856951,300,11.849731
98927110291,300,11.849442
4743645271,264,11.849154
4743749957,264,11.849142
99031215631,300,11.848949
59686307311,294,11.848929
7878846293,270,11.848629
11044613933,274,11.848541
50506792013,292,11.848065
30446530157,286,11.847930
18349717577,280,11.847900
5629633909,266,11.847861
83853864317,298,11.847803
83879188391,298,11.847661
59845389763,294,11.847658
59852066423,294,11.847605
70876117423,296,11.847487
99379941839,300,11.847304
70947098197,296,11.847013
6679275719,268,11.846730
99519528517,300,11.846647
50666383793,292,11.846549
25792599187,284,11.846486
36167022341,288,11.846288
99659245187,300,11.845991
60100302767,294,11.845630
99746275997,300,11.845583
60174228581,294,11.845042
30637930019,286,11.844855
50856718109,292,11.844748
25892648323,284,11.844573
99976486873,300,11.844505
50931185843,292,11.844044
43023847609,290,11.843976
84588711917,298,11.843695
84592890527,298,11.843672
60357798827,294,11.843589
60388117463,294,11.843349
18525421433,280,11.843124
60445612343,294,11.842896
51057676499,292,11.842853
60472369501,294,11.842685
60510526883,294,11.842383
633419027,240,11.842119
84930776597,298,11.841796
51205965623,292,11.841460
85004154539,298,11.841390
85019825537,298,11.841303
71843166679,296,11.841065
51278779691,292,11.840777
18625093931,280,11.840437
30915255179,286,11.840436
30923337119,286,11.840308
60815315087,294,11.839988
60825722831,294,11.839906
9487646239,272,11.839854
85343678111,298,11.839514
60876915377,294,11.839504
36675584809,288,11.839488
1753447219,252,11.839407
36709045069,288,11.839044
8027505797,270,11.838917
61010087207,294,11.838463
85555293071,298,11.838349
36764868229,288,11.838305
61041828343,294,11.838215
61066423961,294,11.838023
15807341449,278,11.837978
61164290753,294,11.837259
85760428067,298,11.837223
61301643847,294,11.836191
36949287877,288,11.835870
86010637397,298,11.835854
8082203039,270,11.835393
18820346609,280,11.835217
72762679333,296,11.835044
61472287523,294,11.834867
37054219537,288,11.834491
43913442817,290,11.834085
61618055581,294,11.833738
15961206061,278,11.833097
22401658753,282,11.832631
3490256317,260,11.832574
86634869921,298,11.832455
61790103553,294,11.832410
44103949573,290,11.831995
37261587877,288,11.831778
4139429081,262,11.831741
61966388117,294,11.831054
61985969861,294,11.830903
16031595757,278,11.830881
86954902469,298,11.830723
62050055831,294,11.830411
6893523449,268,11.830219
73520914069,296,11.830140
37423747177,288,11.829667
62203766147,294,11.829233
87321315359,298,11.828748
73843233637,296,11.828073
62358702907,294,11.828050
73848083593,296,11.828041
44476514497,290,11.827935
73921617943,296,11.827571
37586015809,288,11.827565
52736754431,292,11.827332
37622494699,288,11.827094
87716059709,298,11.826631
74082380599,296,11.826545
9736697023,272,11.826515
37674617581,288,11.826422
62587094327,294,11.826310
74204921017,296,11.825764
13683451679,276,11.825470
26921462077,284,11.825356
88072543487,298,11.824727
22762649999,282,11.824699
16234701331,278,11.824546
8253984623,270,11.824492
44831798563,290,11.824098
62908204423,294,11.823876
62913464657,294,11.823836
11601606053,274,11.823386
27042229363,284,11.823153
88436915069,298,11.822790
63062170133,294,11.822714
63079497847,294,11.822583
74735389627,296,11.822399
27101338861,284,11.822079
88660016987,298,11.821609
45088673629,290,11.821344
63275944981,294,11.821105
63294668077,294,11.820965
27188779207,284,11.820494
75053169229,296,11.820395
19389513359,280,11.820332
8320938383,270,11.820310
88922425049,298,11.820223
63405916663,294,11.820130
63409754071,294,11.820101
63437808097,294,11.819891
88991520659,298,11.819859
38190224417,288,11.819824
27237191977,284,11.819618
63500654743,294,11.819421
5020901273,264,11.819021
63554338027,294,11.819019
19457659817,280,11.818582
27303031807,284,11.818431
38392979879,288,11.817256
27376256287,284,11.817114
63819702553,294,11.817039
16484588557,278,11.816868
45567345331,290,11.816257
8392522517,270,11.815879
89775992447,298,11.815745
75839741149,296,11.815476
75865693543,296,11.815315
32554135079,286,11.815169
23206657363,282,11.815128
75918901477,296,11.814984
27495306907,284,11.814981
64098157993,294,11.814972
23215872391,282,11.814932
54186246311,292,11.814356
32616894593,286,11.814229
76071403003,296,11.814038
64246716361,294,11.813873
23281969609,282,11.813525
64341204901,294,11.813175
23304707269,282,11.813042
90320460467,298,11.812914
45921136813,290,11.812535
16630178701,278,11.812453
3059293217,258,11.812403
27644031091,284,11.812329
64458567991,294,11.812310
27647113147,284,11.812274
1841824141,252,11.812119
16641869239,278,11.812100
64496749363,294,11.812029
64505403257,294,11.811966
45990909187,290,11.811805
64651817333,294,11.810890
46098789931,290,11.810678
2187468091,254,11.810652
14090232617,276,11.810646
54611068121,292,11.810624
64720386191,294,11.810387
32886642077,286,11.810211
8488752281,270,11.809986
38974180009,288,11.809975
64778379697,294,11.809962
76764646039,296,11.809762
64828607191,294,11.809594
19817037167,280,11.809459
14125027523,276,11.809400
64905893147,294,11.809029
11937445973,274,11.808846
64951412063,294,11.808697
76971224677,296,11.808496
91204710887,298,11.808353
19862811977,280,11.808310
65017181617,294,11.808216
39127963117,288,11.808068
39143210321,288,11.807879
91348383509,298,11.807617
65110679297,294,11.807535
8529845273,270,11.807492
27928215493,284,11.807306
19904407889,280,11.807268
77237067799,296,11.806872
5138170943,264,11.806817
77251846327,296,11.806782
65218968877,294,11.806747
39239649497,288,11.806688
55064506571,292,11.806676
65275756547,294,11.806334
65295538031,294,11.806190
65350445957,294,11.805792
33186313247,286,11.805789
91736805947,298,11.805632
65375547733,294,11.805611
91824677381,298,11.805184
46631307253,290,11.805156
65453742803,294,11.805043
91868093039,298,11.804963
55299319793,292,11.804645
46702548313,290,11.804422
33337736363,286,11.803571
39529588159,288,11.803126
65753761727,294,11.802876
23808750323,282,11.802463
55602818699,292,11.802033
33471774533,286,11.801617
78119242477,296,11.801526
65973195971,294,11.801298
55744887179,292,11.800816
47057348311,290,11.800787
55760347163,292,11.800684
66070766291,294,11.800598
10243971613,272,11.800457
55813255859,292,11.800232
1588640687,250,11.800165
23942006453,282,11.799706
33612456167,286,11.799574
55917866579,292,11.799338
23995900493,282,11.798596
66380301107,294,11.798385
14456430323,276,11.797692
93437053421,298,11.797050
66629607397,294,11.796610
66629755931,294,11.796609
8712134881,270,11.796583
78954129427,296,11.796526
33830986073,286,11.796420
78986517007,296,11.796333
78998578249,296,11.796262
28564478623,284,11.796259
66694667503,294,11.796147
79060063969,296,11.795896
24143662709,282,11.795567
79124443627,296,11.795513
79188703819,296,11.795132
8739381689,270,11.794974
5260589443,264,11.794397
66982769471,294,11.794108
28699807831,284,11.793943
8757913019,270,11.793883
67016258971,294,11.793872
67030092791,294,11.793774
79451925769,296,11.793572
67067691371,294,11.793509
94340623187,298,11.792557
79643240563,296,11.792442
67251803977,294,11.792212
67281126293,294,11.792006
79727157007,296,11.791947
14626608037,276,11.791794
67324645601,294,11.791699
24343809143,282,11.791494
17346035521,278,11.791338
67388766421,294,11.791249
94711265267,298,11.790727
48064886059,290,11.790623
67495920781,294,11.790498
80033829217,296,11.790144
94856514059,298,11.790012
94892266199,298,11.789837
28950049417,284,11.789693
24433803059,282,11.789676
67657703977,294,11.789367
48224346571,290,11.789035
48233633887,290,11.788942
67722150277,294,11.788917
29008543957,284,11.788705
40733731657,288,11.788629
67797536461,294,11.788390
40795370047,288,11.787899
40821031001,288,11.787596
80476025803,296,11.787557
14759317967,276,11.787245
80598627997,296,11.786842
95587527149,298,11.786432
14793005897,276,11.786098
95683757879,298,11.785963
57512552231,292,11.785947
20785814657,280,11.785734
34583671937,286,11.785724
40991390159,288,11.785587
68206207921,294,11.785550
68268257207,294,11.785121
95947316981,298,11.784681
68334436363,294,11.784663
41078407187,288,11.784564
68388196147,294,11.784291
41105253877,288,11.784249
34689183797,286,11.784245
81051445747,296,11.784214
68453944861,294,11.783837
68460247901,294,11.783794
14876833193,276,11.783255
68550079811,294,11.783175
68612160101,294,11.782747
48866846779,290,11.782696
57978545069,292,11.782109
81443582083,296,11.781950
81453540559,296,11.781893
24838175701,282,11.781590
24853176251,282,11.781293
34916166359,286,11.781078
34918465397,286,11.781047
81628917199,296,11.780884
58133929751,292,11.780837
68929385111,294,11.780570
49119798187,290,11.780224
68980166291,294,11.780222
58239412571,292,11.779975
21028724459,280,11.779973
81809586163,296,11.779847
69055966817,294,11.779704
69073654393,294,11.779583
58304188391,292,11.779447
6414265927,266,11.779403
35059831217,286,11.779086
25003470439,282,11.778327
82103652793,296,11.778166
58472265881,292,11.778079
69307008721,294,11.777991
58487150243,292,11.777958
21116690027,280,11.777905
9035968259,270,11.777803
69344046641,294,11.777740
29686803667,284,11.777406
97564627301,298,11.776896
21160071041,280,11.776888
69477934697,294,11.776829
1963780601,252,11.776726
97613565509,298,11.776663
41765983667,288,11.776566
97689055889,298,11.776303
69588494791,294,11.776079
25137077171,282,11.775705
15104699843,276,11.775612
5456945647,264,11.775119
41900477441,288,11.775017
15123455849,276,11.774989
21245031641,280,11.774903
35371900637,286,11.774789
98013376337,298,11.774761
5461125893,264,11.774717
21258676721,280,11.774585
58907397839,292,11.774558
49742905309,290,11.774195
98195254541,298,11.773898
25248828701,282,11.773524
17995288447,278,11.772988
83042120503,296,11.772841
70099885117,294,11.772626
49977557449,290,11.771946
59234440379,292,11.771930
21380163179,280,11.771765
70249486207,294,11.771622
59299789301,292,11.771406
83342262217,296,11.771152
35666227007,286,11.770773
98981496377,298,11.770189
10870869739,272,11.770126
25425137659,282,11.770105
70477318841,294,11.770096
9173444659,270,11.770051
70485788111,294,11.770039
83582535649,296,11.769805
50206062667,290,11.769767
70560767357,294,11.769538
10883993773,272,11.769512
25457920799,282,11.769472
5516237873,264,11.769446
99156560309,298,11.769368
3314522191,258,11.769225
59579163731,292,11.769176
25481012239,282,11.769027
9193543207,270,11.768928
5522175361,264,11.768882
21519214877,280,11.768557
21519305363,280,11.768555
42534243979,288,11.767795
21553560023,280,11.767768
15347771567,276,11.767597
12950365391,274,11.767541
21581218613,280,11.767134
59847244841,292,11.767047
35944534547,286,11.767009
15377795773,276,11.766617
50544925087,290,11.766554
36013591709,286,11.766079
99891559211,298,11.765936
71135959681,294,11.765714
84422447947,296,11.765127
71235339971,294,11.765057
71240891231,294,11.765020
60128062343,292,11.764828
434865671,234,11.764382
84570089017,296,11.764310
42847432871,288,11.764268
71364712591,294,11.764202
50802641779,290,11.764127
84637586779,296,11.763937
71422115473,294,11.763824
71440477091,294,11.763703
25772157661,282,11.763450
50889464413,290,11.763311
71504080573,294,11.763284
84837739003,296,11.762833
42983539727,288,11.762744
71589075703,294,11.762725
71641152697,294,11.762383
726953587,240,11.762184
84983677549,296,11.762030
51029966413,290,11.761996
71701233497,294,11.761989
51048445489,290,11.761824
60531381569,292,11.761660
43082566069,288,11.761639
71809961281,294,11.761275
11061881143,272,11.761262
85148622487,296,11.761124
60602278823,292,11.761106
13117314503,274,11.761070
85203189217,296,11.760824
15560461739,276,11.760695
51177178861,290,11.760622
71921894791,294,11.760543
43181855707,288,11.760533
60694585241,292,11.760385
85300372009,296,11.760291
18465958267,278,11.760130
60776259611,292,11.759748
72107079307,294,11.759333
43290324199,288,11.759328
21932474279,280,11.759155
60853290089,292,11.759148
26006382091,282,11.759011
30843448921,284,11.758768
72207061307,294,11.758681
85617121273,296,11.758559
85688357893,296,11.758171
26072667541,282,11.757763
13205688557,274,11.757682
18562236829,278,11.757544
61106701949,292,11.757180
85906922599,296,11.756982
26147647433,282,11.756355
18611207779,278,11.756233
61268488493,292,11.755928
72669109057,294,11.755682
43620503077,288,11.755681
86191490899,296,11.755437
86206609249,296,11.755356
43693080967,288,11.754884
13281223883,274,11.754805
43723275847,288,11.754552
72905029321,294,11.754159
86449598539,296,11.754042
11220809731,272,11.754011
26274592321,282,11.753983
72947515237,294,11.753885
72952925011,294,11.753850
43790872121,288,11.753811
26292422413,282,11.753651
4795524353,262,11.753650
73047175501,294,11.753243
2880755387,256,11.753191
9482218243,270,11.753089
6749604139,266,11.752880
18748176607,278,11.752589
31280408827,284,11.751923
15840085909,276,11.751777
43977758831,288,11.751768
73336903873,294,11.751384
26424600613,282,11.751194
2891509589,256,11.751181
73417955771,294,11.750865
61945771259,292,11.750728
73562159777,294,11.749944
73592424077,294,11.749750
87251373403,296,11.749734
62111829893,292,11.749462
26526284273,282,11.749313
73683161803,294,11.749172
26534905171,282,11.749155
52487312737,290,11.748578
87568454653,296,11.748043
62321959703,292,11.747866
9581100143,270,11.747784
22452924101,280,11.747584
18939326251,278,11.747551
62363502281,292,11.747550
1048491047,244,11.747364
74003110463,294,11.747138
87743744719,296,11.747110
26647513631,282,11.747082
62436175589,292,11.747000
74025697003,294,11.746995
74037666071,294,11.746919
44465246327,288,11.746485
74167016003,294,11.746099
52793533183,290,11.745811
26726078993,282,11.745642
13526723207,274,11.745576
52825279249,290,11.745524
74259314117,294,11.745516
44573330261,288,11.745321
74313040157,294,11.745176
37724152553,286,11.743660
37739514563,286,11.743464
74593511323,294,11.743409
62922908663,292,11.743331
19105790617,278,11.743209
88601575999,296,11.742577
4130608033,260,11.742555
5808319787,264,11.742436
63059905331,292,11.742304
26932993961,282,11.741870
1765325501,250,11.741719
16163184923,276,11.741682
74876850467,294,11.741632
88813331317,296,11.741465
88824955663,296,11.741404
74921865427,294,11.741349
88845795127,296,11.741294
16176259829,276,11.741278
31975601551,284,11.741243
19182415207,278,11.741223
53416046221,290,11.740236
27036721879,282,11.739991
89101661827,296,11.739955
75183550067,294,11.739715
45117482471,288,11.739512
1773060557,250,11.739308
45148095367,288,11.739187
27082893389,282,11.739157
75307328177,294,11.738943
38119170449,286,11.738639
89406591649,296,11.738364
45257833301,288,11.738026
5858076797,264,11.737983
45289394149,288,11.737693
63699983411,292,11.737537
4945629233,262,11.737420
53763409303,290,11.737156
27198779479,282,11.737071
75614714501,294,11.737035
75690861473,294,11.736563
45398504059,288,11.736542
22975358267,280,11.736259
32309797987,284,11.736198
75781484407,294,11.736002
63941956919,292,11.735748
53924554933,290,11.735735
53970129973,290,11.735333
75935872951,294,11.735049
75944451521,294,11.734996
38443359089,286,11.734560
76092835571,294,11.734082
38489886179,286,11.733977
9850137877,270,11.733645
54180215437,290,11.733489
76208496967,294,11.733371
4202940241,260,11.733355
76222870337,294,11.733282
90402635959,296,11.733210
16448927699,276,11.732935
76289653397,294,11.732872
8320360649,268,11.732788
76368628027,294,11.732388
4993854623,262,11.732320
45809128909,288,11.732237
38632000073,286,11.732203
38632865987,286,11.732193
19535417761,278,11.732188
27476654189,282,11.732107
76478322601,294,11.731716
45899411507,288,11.731296
2134385621,252,11.731054
27537266321,282,11.731031
76638100523,294,11.730739
76639908421,294,11.730728
64667619491,292,11.730429
54545150083,290,11.730303
46008561631,288,11.730161
91019759899,296,11.730046
38850778349,286,11.729486
91136347957,296,11.729451
76876111537,294,11.729287
32787638437,284,11.729083
46120054349,288,11.729005
38934330467,286,11.728454
38946577253,286,11.728302
54785663371,290,11.728215
46198661309,288,11.728191
46209731987,288,11.728077
46225678399,288,11.727912
77103802793,294,11.727903
19706394907,278,11.727875
54839405707,290,11.727751
27728508671,282,11.727655
65072983109,292,11.727485
7088703169,266,11.727481
23398031927,280,11.727298
77238102577,294,11.727090
39069867359,286,11.726782
77296739543,294,11.726735
77349185293,294,11.726418
77431213711,294,11.725922
46458861049,288,11.725510
55115011123,290,11.725373
55130946691,290,11.725236
92000015869,296,11.725069
10019357389,270,11.724966
92084457427,296,11.724643
10031000113,270,11.724375
77714627197,294,11.724214
77736088021,294,11.724084
77744736677,294,11.724032
33131667991,284,11.724029
16750172053,276,11.723890
46619994677,288,11.723857
465828731,234,11.723842
23575904039,280,11.723579
77834972297,294,11.723490
92350717213,296,11.723302
92383802299,296,11.723136
65697139601,292,11.722990
23645118923,280,11.722140
28046068439,282,11.722104
92611165567,296,11.721994
65854865633,292,11.721862
23676823409,280,11.721483
28086006023,282,11.721411
23697792317,280,11.721048
28108973773,282,11.721013
66027802073,292,11.720628
46995494047,288,11.720029
16897399667,276,11.719533
78500432383,294,11.719511
78505406687,294,11.719481
93126696373,296,11.719419
47063413777,288,11.719340
78538713601,294,11.719284
78587078113,294,11.718996
78613904753,294,11.718837
66312234353,292,11.718606
16934293507,276,11.718449
93360069289,296,11.718257
47178745981,288,11.718173
47178868777,288,11.718172
47186274251,288,11.718098
55981365907,290,11.717984
14292438983,274,11.717916
55999654387,290,11.717829
4328292673,260,11.717814
3649685009,258,11.717735
56030826067,290,11.717566
8571949349,268,11.717506
78881174623,294,11.717252
78889788151,294,11.717200
56115019567,290,11.716855
47312461661,288,11.716825
93670942399,296,11.716715
39900979739,286,11.716670
33653233021,284,11.716474
10191661573,270,11.716290
12088952899,272,11.716281
6108749401,264,11.716156
56197921051,290,11.716156
6110298907,264,11.716024
79149687263,294,11.715665
40008600413,286,11.715377
93964241257,296,11.715265
40043365889,286,11.714960
94047141247,296,11.714856
79295440073,294,11.714806
40070831993,286,11.714631
94093727209,296,11.714626
47551232587,288,11.714425
2201210701,252,11.714243
24041467187,280,11.713988
28530361711,282,11.713768
47642985889,288,11.713507
40189590029,286,11.713211
94397585239,296,11.713132
2616622621,254,11.713084
94484316967,296,11.712707
24107115941,280,11.712652
67191443993,292,11.712415
67191946469,292,11.712411
94589168173,296,11.712193
33964088371,284,11.712031
24144689837,280,11.711889
40302559697,286,11.711864
7307628067,266,11.711775
79852320181,294,11.711540
47844673631,288,11.711494
564723433,236,11.711085
79987453703,294,11.710752
56850598279,290,11.710693
40406273777,286,11.710632
40407736079,286,11.710615
47940798077,288,11.710539
476793281,234,11.710192
47980204627,288,11.710147
24243941129,280,11.709880
40503106793,286,11.709485
28794242663,282,11.709291
80317786903,294,11.708829
80336928263,294,11.708718
24314669669,280,11.708453
80382739061,294,11.708452
6204261127,264,11.708095
48197109277,288,11.708000
95455113979,296,11.707971
8734292909,268,11.707902
673919381,238,11.707631
8741430221,268,11.707484
57286723339,290,11.707080
24385185017,280,11.707036
95653052827,296,11.707011
80640839467,294,11.706958
7380782677,266,11.706641
95816601469,296,11.706221
28984670083,282,11.706086
8772471431,268,11.705671
4429489699,260,11.705622
24460947611,280,11.705518
29024051843,282,11.705426
80922923387,294,11.705330
80946044203,294,11.705197
57516532201,290,11.705189
24496592273,280,11.704805
57584553157,290,11.704630
57632393089,290,11.704238
57653852551,290,11.704062
81144945803,294,11.704053
81172757551,294,11.703894
81275891303,294,11.703302
17490568577,276,11.702389
24621136217,280,11.702324
57926690383,290,11.701832
68771677649,292,11.701504
68796320471,292,11.701336
96865914487,296,11.701180
58012587019,290,11.701133
29283904571,282,11.701097
68842390481,292,11.701022
96931781887,296,11.700866
58050968347,290,11.700820
29301437701,282,11.700807
29333786609,282,11.700271
10520491799,270,11.700169
20863250461,278,11.699718
41398200419,286,11.699015
82028821373,294,11.699008
97382410579,296,11.698721
58335359587,290,11.698514
41448188009,286,11.698437
10557879337,270,11.698370
49192457689,288,11.698278
964339861,242,11.698194
6323977367,264,11.698179
58454346679,290,11.697552
29507092361,282,11.697412
29511868609,282,11.697333
69421089599,292,11.697098
82377745147,294,11.697032
7520025913,266,11.697020
3795600901,258,11.696909
69485338211,292,11.696665
29557410611,282,11.696586
82483954697,294,11.696432
17703034553,276,11.696402
97951547917,296,11.696027
82582925207,294,11.695874
49451809441,288,11.695781
49500102101,288,11.695317
4517986927,260,11.695206
69756867599,292,11.694838
69758412461,292,11.694827
69827769983,292,11.694362
8970692249,268,11.694259
49635753551,288,11.694017
29714774053,282,11.694010
17797601579,276,11.693761
58972825129,290,11.693387
98554487323,296,11.693192
83142844717,294,11.692731
25129346939,280,11.692340
70139525903,292,11.692276
12689554939,272,11.691862
29847257261,282,11.691854
3832365191,258,11.691800
49869432469,288,11.691788
83348242057,294,11.691584
83354000447,294,11.691552
83369139947,294,11.691467
49909439207,288,11.691407
59227284169,290,11.691357
49940044919,288,11.691116
83442471353,294,11.691059
21234049321,278,11.691051
83453717783,294,11.690996
99032590357,296,11.690957
21238550929,278,11.690947
99131387437,296,11.690496
83548732387,294,11.690467
59346698287,290,11.690408
25261572191,280,11.689778
17948453609,276,11.689581
42226407527,286,11.689543
70568294651,292,11.689424
35595328837,284,11.689417
59471709403,290,11.689416
83802453013,294,11.689057
59549293189,290,11.688802
59558008771,290,11.688733
83865118717,294,11.688710
83962014541,294,11.688173
21373955077,278,11.687823
50320808387,288,11.687512
84083707811,294,11.687501
99866391637,296,11.687087
84179268011,294,11.686973
84189044743,294,11.686919
84240536111,294,11.686635
84310576057,294,11.686249
71058592139,292,11.686184
84441001363,294,11.685531
30260762881,282,11.685187
84516812027,294,11.685114
18111651289,276,11.685102
60021932053,290,11.685079
30267867979,282,11.685074
7697289373,266,11.685048
30278163689,282,11.684909
50611447651,288,11.684782
50616307531,288,11.684736
84586904723,294,11.684730
50641498939,288,11.684501
84639383747,294,11.684442
15283834757,274,11.684404
18145058983,276,11.684190
30326903641,282,11.684131
35999750767,284,11.683984
15310156637,274,11.683547
30366158981,282,11.683504
50772207329,288,11.683278
84934799431,294,11.682823
84936331687,294,11.682815
18201544729,276,11.682652
42853380623,286,11.682506
71635731983,292,11.682402
71663654429,292,11.682220
15354230147,274,11.682115
85068025723,294,11.682096
18225546457,276,11.682001
50919375547,288,11.681907
18233048479,276,11.681797
50939944801,288,11.681716
60521492371,290,11.681177
85244248931,294,11.681135
51005663861,288,11.681105
85285634557,294,11.680910
21694764079,278,11.680507
3916031291,258,11.680368
60672593461,290,11.680004
51148788059,288,11.679777
25785288239,280,11.679772
36331195801,284,11.679580
4658949517,260,11.679065
85675058957,294,11.678796
85690972637,294,11.678710
9249221801,268,11.678677
6567264007,264,11.678644
85709880791,294,11.678608
21791981059,278,11.678313
36439695871,284,11.678148
6578615201,264,11.677752
72371432993,292,11.677629
36510003217,284,11.677222
30771754411,282,11.677085
72548575331,292,11.676487
86111538463,294,11.676439
9292505837,268,11.676301
86150914951,294,11.676227
86154945923,294,11.676206
72608851499,292,11.676099
72613083551,292,11.676072
30847784449,282,11.675892
18457491593,276,11.675751
72694246991,292,11.675550
21916262551,278,11.675524
11045650591,270,11.675523
51636443191,288,11.675284
61288120669,290,11.675258
21961418851,278,11.674515
30939267031,282,11.674460
43590994793,286,11.674367
36755632567,284,11.674004
26131020287,280,11.673286
11100298201,270,11.673032
86755727743,294,11.672984
43758458039,286,11.672540
86861987263,294,11.672417
86905126211,294,11.672187
22067770489,278,11.672147
86960578291,294,11.671891
3353981879,256,11.671690
52041662749,288,11.671586
87038032181,294,11.671478
31143730843,282,11.671278
73437447443,292,11.670803
87170941223,294,11.670772
52138728619,288,11.670704
73454638121,292,11.670694
43931542043,286,11.670660
18656727049,276,11.670450
31207054891,282,11.670297
37057784221,284,11.670076
87348095431,294,11.669831
73597279781,292,11.669789
44012234129,286,11.669785
87369859631,294,11.669716
18689268463,276,11.669591
31254300859,282,11.669566
62036131669,290,11.669559
73638673109,292,11.669527
44049611483,286,11.669381
87436611707,294,11.669362
52300689997,288,11.669238
87489999677,294,11.669079
4002927281,258,11.668775
26374751873,280,11.668771
52364286629,288,11.668663
44119219679,286,11.668630
62220473221,290,11.668165
87706650491,294,11.667933
44189012807,286,11.667877
6714161351,264,11.667227
37282174597,284,11.667182
7974274237,266,11.666929
74153676479,292,11.666278
88030466527,294,11.666227
52635086047,288,11.666225
52660230611,288,11.665999
88098894977,294,11.665868
62536282717,290,11.665789
88140868181,294,11.665648
62661519883,290,11.664850
62719218967,290,11.664418
88453034443,294,11.664011
26640291611,280,11.663901
52908907217,288,11.663774
26653314899,280,11.663664
18916080307,276,11.663642
88615433903,294,11.663162
74659415261,292,11.663111
31679099579,282,11.663051
88669660603,294,11.662879
88673624821,294,11.662859
62928606061,290,11.662855
62929296229,290,11.662849
11328383659,270,11.662776
13448261929,272,11.662750
62982106597,290,11.662457
18984346313,276,11.661866
13479507031,272,11.661590
11357397679,270,11.661488
74927306771,292,11.661443
53179198979,288,11.661367
74943879641,292,11.661340
22565970619,278,11.661216
44824541387,286,11.661084
26805056321,280,11.660906
11372566927,270,11.660815
89075360651,294,11.660768
6799158943,264,11.660744
89108783557,294,11.660594
89111358163,294,11.660581
19047957367,276,11.660218
26858386349,280,11.659941
89450842277,294,11.658822
13555233919,272,11.658789
45058997057,286,11.658605
45066003977,286,11.658530
75407690669,292,11.658466
89536683953,294,11.658379
19127212519,276,11.658174
89585482681,294,11.658127
89595089027,294,11.658077
22721781697,278,11.657851
53577965669,288,11.657841
89651734651,294,11.657785
11441990363,270,11.657751
45169690277,286,11.657438
89738516537,294,11.657338
63677107687,290,11.657311
89778382373,294,11.657133
32097135403,282,11.656731
89887415987,294,11.656571
75726818633,292,11.656502
4099268759,258,11.656237
90025597841,294,11.655862
5785402121,262,11.655528
90098131891,294,11.655490
90118067521,294,11.655388
63940761949,290,11.655375
53877842101,288,11.655208
13657884991,272,11.655020
90205654543,294,11.654939
45439426559,286,11.654610
76036613621,292,11.654602
4112100647,258,11.654591
64190231383,290,11.653552
6894897727,264,11.653546
11538478019,270,11.653526
90506099053,294,11.653402
76277663153,292,11.653130
38393632261,284,11.653119
6900770267,264,11.653109
2467069289,252,11.652480
90720567697,294,11.652309
90722101817,294,11.652302
38494556773,284,11.651864
19377874853,276,11.651765
90854419517,294,11.651628
64474906417,290,11.651480
23024293057,278,11.651389
90964955251,294,11.651067
2083504733,250,11.651037
91003444261,294,11.650872
11600696911,270,11.650822
76713394409,292,11.650481
91098202381,294,11.650392
54470388919,288,11.650050
19455154333,276,11.649808
54507809249,288,11.649727
45938845283,286,11.649421
19472984749,276,11.649358
91308425237,294,11.649327
64774170061,290,11.649313
9808355519,268,11.648882
6960268517,264,11.648694
27502430201,280,11.648446
65012242969,290,11.647596
54756084829,288,11.647586
3512570129,256,11.647157
54808479511,288,11.647135
54836629297,288,11.646894
13902165061,272,11.646173
77455020479,292,11.646010
16522108271,274,11.645716
46307579453,286,11.645629
11728694231,270,11.645308
39027326761,284,11.645297
55038239521,288,11.645165
92139910873,294,11.645144
77600845631,292,11.645137
92154409133,294,11.645072
32886127091,282,11.645041
65386540981,290,11.644911
39061923841,284,11.644874
27721669253,280,11.644600
92250045893,294,11.644593
39114711481,284,11.644229
92334371407,294,11.644172
77786567459,292,11.644027
19700759087,276,11.643642
92489756111,294,11.643396
55251821459,288,11.643342
65621941261,290,11.643230
39203602387,284,11.643146
19723628303,276,11.643072
39223758643,284,11.642900
19731911603,276,11.642866
46599939509,286,11.642645
8362691917,266,11.642643
92733589241,294,11.642182
4211754121,258,11.641997
55460806537,288,11.641564
92875083401,294,11.641479
92876112253,294,11.641475
92879412553,294,11.641459
33135369893,282,11.641411
23501224561,278,11.641386
55489757759,288,11.641319
16670148323,274,11.641302
39369289303,284,11.641132
27926225147,280,11.641041
27937943771,280,11.640838
14052777433,272,11.640803
27951719531,280,11.640599
16698451247,274,11.640464
93162267017,294,11.640057
27983894381,280,11.640042
46861165709,286,11.639996
93220505093,294,11.639769
93258082721,294,11.639584
55706379277,288,11.639486
55708191017,288,11.639471
28017465467,280,11.639462
93354463117,294,11.639107
28041186683,280,11.639053
55816492559,288,11.638557
66304364131,290,11.638396
66309118873,290,11.638363
78742168031,292,11.638360
66312723307,290,11.638338
93511682777,294,11.638331
93522894527,294,11.638277
78778555451,292,11.638146
28097179001,280,11.638088
1513703413,246,11.637905
19936985749,276,11.637791
93650505293,294,11.637649
33401088239,282,11.637574
55938413341,288,11.637531
11920392041,270,11.637171
28171346207,280,11.636813
66560310697,290,11.636598
56058029347,288,11.636527
47227881419,286,11.636304
19997534059,276,11.636302
56089153069,288,11.636266
33503484169,282,11.636105
93998484563,294,11.635941
94041584803,294,11.635729
56161381901,288,11.635661
79248834629,292,11.635386
66744327241,290,11.635308
79280174549,292,11.635202
8487554749,266,11.635096
94185271693,294,11.635026
66824265121,290,11.634749
28301364089,280,11.634586
47418838637,286,11.634395
39930278293,284,11.634385
28332534017,280,11.634054
79494956993,292,11.633948
7164393077,264,11.633857
94452287591,294,11.633722
94498251613,294,11.633498
94505114747,294,11.633465
33711028643,282,11.633140
4284939331,258,11.632955
47611891307,286,11.632472
20159236063,276,11.632353
56571426757,288,11.632242
94759344763,294,11.632229
8535542293,266,11.632227
12049251559,270,11.631780
5101714729,260,11.631630
20212003397,276,11.631071
95148269927,294,11.630343
40285528447,284,11.630165
67484721709,290,11.630160
95194030091,294,11.630123
67599901609,290,11.629365
17095799837,274,11.628845
95484599851,294,11.628720
80415007259,292,11.628617
80436205319,292,11.628495
57058564999,288,11.628215
80489535449,292,11.628188
95598377401,294,11.628173
48051695753,286,11.628123
28683095789,280,11.628113
17124632507,274,11.628014
2174082899,250,11.627975
95735216347,294,11.627515
67872670819,290,11.627488
4330887857,258,11.627363
95887851707,294,11.626782
34163313209,282,11.626748
95919844697,294,11.626629
48215183657,286,11.626517
34193043631,282,11.626330
96005260657,294,11.626220
28800089387,280,11.626147
20416273313,276,11.626144
57337520789,288,11.625926
20432171443,276,11.625763
12206481299,270,11.625287
24305639011,278,11.625002
28872496943,280,11.624935
20471195939,276,11.624829
96344693561,294,11.624598
7296074311,264,11.624527
68308053223,290,11.624508
34338056059,282,11.624303
48443230007,286,11.624288
96455652841,294,11.624068
96507999293,294,11.623819
28941164801,280,11.623789
81298649459,292,11.623558
10314445397,268,11.623464
57660616241,288,11.623289
57670311859,288,11.623210
57698265881,288,11.622983
17301703703,274,11.622939
68554894003,290,11.622827
57745084651,288,11.622602
40936062877,284,11.622540
20568832643,276,11.622499
12276927133,270,11.622407
96816647183,294,11.622352
12279696623,270,11.622294
57784089877,288,11.622286
4374024791,258,11.622171
57825635027,288,11.621948
57847272997,288,11.621773
96960141581,294,11.621672
96977663437,294,11.621589
10353982637,268,11.621535
14611486453,272,11.621411
97039485677,294,11.621296
20637676229,276,11.620865
97131263227,294,11.620861
20643201329,276,11.620733
48848146517,286,11.620357
58030183619,288,11.620293
69021823399,290,11.619666
81995967941,292,11.619608
69037497493,290,11.619560
69052469359,290,11.619459
58147895297,288,11.619343
97468426967,294,11.619270
17439487601,274,11.619030
41239709647,284,11.619026
97526309651,294,11.618998
5235031819,260,11.618222
97824106357,294,11.617598
41377172611,284,11.617445
82386199361,292,11.617413
97947209411,294,11.617021
58447526119,288,11.616934
34893227093,282,11.616623
98092819567,294,11.616339
98177047777,294,11.615945
3727052009,256,11.615833
2224227293,250,11.615656
98281356491,294,11.615458
82784833991,292,11.615182
58670525339,288,11.615149
35001570649,282,11.615139
98349833567,294,11.615137
41611975597,284,11.614757
98454479633,294,11.614650
98457402647,294,11.614635
58753247717,288,11.614490
69814967263,290,11.614348
4439960617,258,11.614344
98537998051,294,11.614261
49496864399,286,11.614131
69853604269,290,11.614091
14829982939,272,11.614046
58820066849,288,11.613957
58903211387,288,11.613296
83129910179,292,11.613260
6282736091,262,11.612924
58971423571,288,11.612754
35181667769,282,11.612684
98947294133,294,11.612359
98966865373,294,11.612268
21004034783,276,11.612262
70141183687,290,11.612181
12531350749,270,11.612154
59049316981,288,11.612136
99021848447,294,11.612014
14896529719,272,11.611827
99073899311,294,11.611773
83400888983,292,11.611758
29681861129,280,11.611608
59152142047,288,11.611321
4467473987,258,11.611115
70302269101,290,11.611115
59184066247,288,11.611069
99242392871,294,11.610993
14924330761,272,11.610902
35314754389,282,11.610879
59236801061,288,11.610652
99318570817,294,11.610641
17743218083,274,11.610529
99364079333,294,11.610432
29755093301,280,11.610421
6314034431,262,11.610367
70423252363,290,11.610315
21090646757,276,11.610251
12586720343,270,11.609953
59336880991,288,11.609861
12589172461,270,11.609856
83780466059,292,11.609661
99542990501,294,11.609607
83807849771,292,11.609510
99566298911,294,11.609499
99645251591,294,11.609136
70603005877,290,11.609130
99657154873,294,11.609081
29845124363,280,11.608967
42125944537,284,11.608928
35462832311,282,11.608879
70647627937,290,11.608836
951848021,240,11.608831
21157503449,276,11.608706
7525511947,264,11.608700
99756962587,294,11.608623
59524540277,288,11.608384
21174482029,276,11.608314
17823326363,274,11.608314
59579078711,288,11.607956
7538207623,264,11.607840
7540828441,264,11.607662
21205182233,276,11.607607
4498664377,258,11.607480
25226161351,278,11.606959
70935681433,290,11.606946
35607593599,282,11.606933
21237053587,276,11.606874
84314460143,292,11.606730
84365765999,292,11.606449
12679975939,270,11.606269
71040915931,290,11.606257
59809969931,288,11.606146
1351229687,244,11.605629
84529285829,292,11.605556
50411917019,286,11.605497
59897392699,288,11.605463
50420144813,286,11.605421
59956582291,288,11.605001
15114873181,272,11.604618
71303924533,290,11.604541
50528042987,286,11.604414
71340344377,290,11.604304
71351939629,290,11.604228
71358729037,290,11.604184
30195662213,280,11.603349
60177322511,288,11.603283
5391953803,260,11.602909
85074481691,292,11.602591
30268616003,280,11.602189
30289388267,280,11.601859
36003740303,282,11.601649
7633176637,264,11.601453
85367552741,292,11.601006
60515412779,288,11.600664
71931813391,290,11.600471
2719165301,252,11.600292
6438995681,262,11.600292
71988673831,290,11.600104
12838920139,270,11.600058
12840929939,270,11.599979
72051498097,290,11.599700
3847458743,256,11.599099
30465255497,280,11.599076
9112909573,266,11.599027
60769808159,288,11.598704
30491986319,280,11.598655
21602419463,276,11.598554
72256961197,290,11.598379
4578939451,258,11.598251
21621675083,276,11.598119
7683460151,264,11.598106
36283319983,282,11.597959
18204497237,274,11.597916
30543979463,280,11.597836
12901828151,270,11.597622
85999815191,292,11.597606
43148635027,284,11.597557
9145263223,266,11.597235
61017727867,288,11.596803
43245963613,284,11.596490
51391825649,286,11.596438
21697087397,276,11.596422
25783281661,278,11.596383
36403543153,282,11.596381
12947901793,270,11.595846
51463943129,286,11.595779
86358231761,292,11.595690
1158288949,242,11.595475
61211449861,288,11.595324
36517915081,282,11.594885
72814355707,290,11.594815
72816407929,290,11.594802
61343880799,288,11.594315
61366826687,288,11.594140
86677904009,292,11.593989
72974260939,290,11.593799
73028660143,290,11.593453
30840813659,280,11.593192
30868048457,280,11.592769
36693293309,282,11.592602
61615025027,288,11.592257
87029348213,292,11.592127
5507038309,260,11.591984
61657480961,288,11.591935
18428333051,274,11.591920
61660530551,288,11.591911
61680649187,288,11.591760
7780281853,264,11.591729
51942178529,286,11.591432
73398494929,290,11.591112
13078456819,270,11.590852
21948680753,276,11.590808
36842400691,282,11.590670
52028424353,286,11.590652
73474864891,290,11.590631
36856478539,282,11.590487
52057542197,286,11.590389
87407854073,292,11.590130
43885959757,284,11.589538
52160434769,286,11.589462
87536837081,292,11.589452
31106047919,280,11.589084
62039372719,288,11.589054
73737003853,290,11.588981
26197435837,278,11.588680
62091337667,288,11.588664
62097313387,288,11.588619
87737986883,292,11.588396
13153026451,270,11.588024
87816486773,292,11.587984
87823955111,292,11.587945
62212975061,288,11.587751
74048249533,290,11.587030
44128949647,284,11.586926
74082057877,290,11.586820
26301196501,278,11.586771
62363939831,288,11.586621
37158772991,282,11.586597
44207255377,284,11.586089
62443860979,288,11.586024
52550922833,286,11.585960
9354133963,266,11.585828
31329149237,280,11.585656
702701533,236,11.585414
31367904629,280,11.585064
74380766293,290,11.584956
74426721601,290,11.584671
22232761543,276,11.584552
52713562679,286,11.584511
44363216173,284,11.584424
74532165133,290,11.584016
995151919,240,11.583903
62731874741,288,11.583880
44463835807,284,11.583354
15782316799,272,11.583263
13296972067,270,11.582613
31548624161,280,11.582311
88941379733,292,11.582134
22349821213,276,11.581999
37525984451,282,11.581918
31587561641,280,11.581720
44623614877,284,11.581659
63062458499,288,11.581431
22375904429,276,11.581431
7944358531,264,11.581118
75007960243,290,11.581072
63114195659,288,11.581050
22395504949,276,11.581006
89219987849,292,11.580697
63163524419,288,11.580687
15865463311,272,11.580672
89246154761,292,11.580563
1998324061,248,11.580357
4741875401,258,11.580049
22444212887,276,11.579950
63265866337,288,11.579932
44792642203,284,11.579874
13373004769,270,11.579781
9469454989,266,11.579648
89446918409,292,11.579531
15912101479,272,11.579225
44880660763,284,11.578947
15922556899,272,11.578901
89584661039,292,11.578824
63419776151,288,11.578801
22499238283,276,11.578761
13406234987,270,11.578548
75430165411,290,11.578477
75458838391,290,11.578300
75508130839,290,11.577999
53461450883,286,11.577904
3372412597,254,11.577612
4008610679,256,11.577576
53518733297,286,11.577402
63613660549,288,11.577380
18994692611,274,11.577094
63663405901,288,11.577017
45099938407,284,11.576647
63742068289,288,11.576442
63743228971,288,11.576433
31951816283,280,11.576230
90126725753,292,11.576056
213158501,222,11.576038
19037551811,274,11.575992
63832394621,288,11.575783
31986156413,280,11.575716
38025408293,282,11.575632
19053758807,274,11.575575
75914871181,290,11.575516
4788125179,258,11.575006
2400862073,250,11.574560
38116365743,282,11.574497
64029591581,288,11.574347
76112167669,290,11.574317
32099963249,280,11.574017
53935157279,286,11.573771
11388721637,268,11.573730
76265981101,290,11.573384
38216388809,282,11.573252
5715239773,260,11.572837
19167717827,274,11.572659
76405819123,290,11.572538
76439743753,290,11.572333
32214490787,280,11.572312
32217158951,280,11.572273
64321210627,288,11.572234
54124685039,286,11.572127
64377330961,288,11.571829
13589353913,270,11.571815
45567476443,284,11.571782
45584168527,284,11.571609
54189334679,286,11.571568
27149244979,278,11.571465
91049033729,292,11.571384
91061451233,292,11.571321
64456601059,288,11.571257
27219372547,278,11.570223
45744899041,284,11.569950
64653334741,288,11.569840
13645919603,270,11.569757
9660566827,266,11.569585
76991554669,290,11.569013
22969379399,276,11.568724
38587059211,282,11.568669
64820868269,288,11.568638
38640543563,282,11.568012
64919489311,288,11.567931
5771205757,260,11.567819
38683960321,282,11.567479
54693343013,286,11.567236
2893500769,252,11.567204
91952052149,292,11.566861
77383688311,290,11.566669
32599091201,280,11.566639
5784876871,260,11.566602
77415379819,290,11.566480
92049869633,292,11.566374
13741411357,270,11.566299
54831484979,286,11.566056
16346383363,272,11.565968
77563315927,290,11.565599
16365116863,272,11.565404
46230700183,284,11.564973
32720445677,280,11.564864
38916584741,282,11.564635
23174999363,276,11.564404
92452305119,292,11.564375
8213880383,264,11.564192
2910946859,252,11.564013
55092905957,286,11.563831
13813567223,270,11.563705
55127850989,286,11.563535
39015169019,282,11.563436
65567094449,288,11.563321
16441080241,272,11.563127
13832957003,270,11.563011
55194545969,286,11.562970
92775860453,292,11.562776
32886575069,280,11.562446
19573883363,274,11.562420
6933904319,262,11.562383
46514906047,284,11.562087
2923266523,252,11.561771
32949380039,280,11.561535
93147963023,292,11.560943
46664644357,284,11.560575
93241005761,292,11.560486
65994943307,288,11.560302
23376404699,276,11.560213
66040567987,288,11.559981
46725677281,284,11.559959
13924357133,270,11.559751
66095573591,288,11.559595
46761882463,284,11.559595
19688506031,274,11.559571
66117961499,288,11.559438
1469676443,244,11.559429
33102602723,280,11.559320
66136049549,288,11.559311
55629421403,286,11.559302
33103916987,280,11.559301
33105410183,280,11.559279
93535888421,292,11.559041
78697759249,290,11.558906
78772821097,290,11.558466
55747831463,286,11.558309
55750612409,286,11.558286
27915458269,278,11.558076
39463485293,282,11.558021
33203681033,280,11.557865
9891672409,266,11.557700
66368060821,288,11.557687
13984198483,270,11.557629
23532531523,276,11.556991
47040048631,284,11.556806
66496257601,288,11.556791
55944946649,286,11.556661
79102094059,290,11.556545
66536500099,288,11.556511
66552311831,288,11.556400
94122342131,292,11.556182
2954368369,252,11.556161
56014949699,286,11.556076
28048200421,278,11.555797
79286611087,290,11.555472
66720876407,288,11.555228
56133948719,286,11.555085
94390897229,292,11.554879
94401175859,292,11.554830
66818029297,288,11.554553
66840283271,288,11.554399
11840276489,268,11.554327
39779092259,282,11.554248
5925966793,260,11.554215
33465170351,280,11.554124
79538524963,290,11.554011
14087423237,270,11.553991
525436721,232,11.553934
56273182577,286,11.553929
33489848339,280,11.553773
66939626771,288,11.553711
79615663189,290,11.553565
94681313231,292,11.553474
79650388669,290,11.553365
19959275711,274,11.552914
39894216403,282,11.552880
28224470437,278,11.552788
28225360297,278,11.552773
47457679351,284,11.552650
56465754437,286,11.552335
28251112117,278,11.552335
7073446199,262,11.552225
67187398987,288,11.551998
47551376011,284,11.551723
16830583351,272,11.551628
79981160359,290,11.551457
95107191503,292,11.551423
23826845807,276,11.550979
16855057963,272,11.550916
5017557659,258,11.550752
56658457949,286,11.550745
67377923531,288,11.550687
67385956507,288,11.550632
14185549243,270,11.550560
33724428911,280,11.550446
40101334283,282,11.550430
11935829597,268,11.550324
33734979671,280,11.550297
7100996039,262,11.550245
80270408077,290,11.549797
14210152519,270,11.549704
8456732927,264,11.549451
56848040693,286,11.549187
67633415701,288,11.548933
33846851993,280,11.548719
28475199757,278,11.548544
67708347191,288,11.548421
40301485453,282,11.548075
67806780449,288,11.547748
57028272869,286,11.547711
14272990997,270,11.547524
6004888627,260,11.547426
80688102601,290,11.547410
24006371737,276,11.547351
80849482027,290,11.546492
68024613341,288,11.546263
80934799189,290,11.546006
14317390943,270,11.545991
24079954429,276,11.545873
40492183649,282,11.545843
96327331151,292,11.545601
10133971429,266,11.545560
57328510487,286,11.545263
24111389849,276,11.545243
28679865199,278,11.545109
48257524867,284,11.544801
40584678991,282,11.544765
81154632103,290,11.544760
68251865677,288,11.544720
57397464533,286,11.544703
81186582691,290,11.544579
96551555699,292,11.544539
81243972727,290,11.544254
57454260839,286,11.544242
20330744051,274,11.543939
68376100189,288,11.543878
57548475107,286,11.543479
68542210351,288,11.542755
81605638783,290,11.542213
81610611133,290,11.542185
20411370131,274,11.542014
68657265337,288,11.541979
97096925069,292,11.541969
68707456579,288,11.541641
40870006339,282,11.541454
40872874351,282,11.541421
57820521587,286,11.541282
20446016951,274,11.541189
97294184033,292,11.541043
20491168157,274,11.540117
68992654001,288,11.539725
82051516087,290,11.539710
82053559807,290,11.539699
58021574339,286,11.539665
69034087489,288,11.539448
82156603213,290,11.539123
24420657113,276,11.539091
20541409403,274,11.538927
14530730189,270,11.538692
97822773911,292,11.538572
41128696159,282,11.538475
20561103743,274,11.538462
24455020609,276,11.538413
41200912603,282,11.537646
58288572767,286,11.537528
20615445497,274,11.537179
29175545227,278,11.536899
10312510627,266,11.536815
69455107277,288,11.536637
29202929167,278,11.536449
20649131831,274,11.536386
49131337081,284,11.536386
98321087873,292,11.536256
20657151491,274,11.536198
24583982939,276,11.535876
34784983157,280,11.535711
5166253439,258,11.535668
49212833077,284,11.535608
82803832939,290,11.535521
24605632633,276,11.535452
41411025913,282,11.535246
82862893699,290,11.535193
24628307789,276,11.535007
20716278893,274,11.534809
29306158351,278,11.534760
14649224203,270,11.534689
14653090937,270,11.534559
98734532759,292,11.534344
41495294921,282,11.534286
41500304213,282,11.534230
5182032749,258,11.534096
69854146211,288,11.533991
20759782013,274,11.533791
34932771371,280,11.533697
41550939289,282,11.533654
83145237607,290,11.533633
10382476837,266,11.533433
6172740313,260,11.533304
69975645791,288,11.533188
49483466653,284,11.533040
41614060513,282,11.532939
83308033993,290,11.532736
14714851643,270,11.532487
14715881777,270,11.532453
14717048569,270,11.532413
41660548511,282,11.532412
35028400961,280,11.532398
99157546469,292,11.532396
99177629729,292,11.532304
35061066659,280,11.531956
41704166081,282,11.531919
99278474621,292,11.531841
8760896743,264,11.531625
35111057897,280,11.531279
83646713971,290,11.530875
24858592637,276,11.530522
6208097377,260,11.530383
41840348971,282,11.530381
70413728977,288,11.530306
99639769211,292,11.530188
99720921983,292,11.529817
83842994839,290,11.529801
29620700041,278,11.529654
99787749461,292,11.529511
70536537509,288,11.529502
20946643967,274,11.529442
10466823163,266,11.529387
14810391451,270,11.529300
49883216143,284,11.529273
41994749549,282,11.528645
84073135339,290,11.528544
5238817817,258,11.528479
10502593369,266,11.527683
84231574237,290,11.527682
59549839289,286,11.527573
70837023599,288,11.527540
70837244201,288,11.527538
42112895081,282,11.527321
29787797419,278,11.526964
84411938497,290,11.526702
84489537493,290,11.526281
42208727369,282,11.526250
71037179687,288,11.526238
84523794829,290,11.526095
59742056369,286,11.526075
8858340481,264,11.526056
3129752443,252,11.525680
84606619579,290,11.525646
3130020701,252,11.525635
84660932101,290,11.525352
71174673371,288,11.525347
84678610993,290,11.525257
71194532561,288,11.525218
71208787277,288,11.525126
42310194701,282,11.525119
35583976157,280,11.524929
21145765337,274,11.524854
84764154487,290,11.524795
59907572993,286,11.524791
71308393181,288,11.524481
25179921659,276,11.524339
71406579667,288,11.523847
29991682681,278,11.523705
60062889713,286,11.523588
25230547997,276,11.523373
30012995791,278,11.523366
60105258809,286,11.523261
14997105083,270,11.523135
35727890609,280,11.523014
60147445769,286,11.522935
71559396479,288,11.522861
50580239641,284,11.522781
35785146533,280,11.522255
71666229407,288,11.522173
85344060661,290,11.521672
85357025191,290,11.521603
60353455733,286,11.521348
60365150939,286,11.521258
71843659001,288,11.521033
60396647027,286,11.521016
71890388849,288,11.520734
71946592919,288,11.520373
35939281967,280,11.520218
17948217733,272,11.520173
8965893017,264,11.519986
72025294511,288,11.519870
25416747589,276,11.519836
60556645817,286,11.519789
30246661537,278,11.519663
42805895021,282,11.519635
72067410641,288,11.519600
72074661587,288,11.519554
42822318949,282,11.519455
42822795553,282,11.519449
10680155533,266,11.519314
42841153781,282,11.519248
36016792061,280,11.519197
42870030271,282,11.518930
4486630829,256,11.518888
60692080109,286,11.518752
30322556599,278,11.518466
85961398849,290,11.518374
72260753407,288,11.518366
85975283767,290,11.518300
21439203431,274,11.518177
60797896559,286,11.517943
36122773559,280,11.517804
86090367109,290,11.517689
43018453531,282,11.517304
60884241563,286,11.517285
30434743831,278,11.516704
51262577281,284,11.516521
36225485201,280,11.516459
61047153989,286,11.516047
794663533,236,11.515886
61068209669,286,11.515886
36286468013,280,11.515662
86502300019,290,11.515505
43211927413,282,11.515195
5377270279,258,11.515058
5381128279,258,11.514688
25694024449,276,11.514622
18155632939,272,11.514569
61265377133,286,11.514392
43321241939,282,11.514007
25728629327,276,11.513975
72956747159,288,11.513951
9076565441,264,11.513823
73004154367,288,11.513653
36483081881,280,11.513103
86983661161,290,11.512968
87015501277,290,11.512801
73151493257,288,11.512725
4541745839,256,11.512563
15324623543,270,11.512521
73254583477,288,11.512076
43506176543,282,11.512004
30748248859,278,11.511817
73321894909,288,11.511654
7662254333,262,11.511640
25854137993,276,11.511638
73334257751,288,11.511577
87261136363,290,11.511513
15360983459,270,11.511357
25871736953,276,11.511312
30792722221,278,11.511127
25884959899,276,11.511066
1350335443,242,11.510863
12927205451,268,11.510742
87408908407,290,11.510739
87419346103,290,11.510685
25911614779,276,11.510571
43645734131,282,11.510499
73531758389,288,11.510339
87492015337,290,11.510305
73575904757,288,11.510063
73596003737,288,11.509937
12961884737,268,11.509418
25976336357,276,11.509375
87856248853,290,11.508408
87862936393,290,11.508373
73865726939,288,11.508255
73896155471,288,11.508065
43872802529,282,11.508062
73898011087,288,11.508054
43902515369,282,11.507744
73968016987,288,11.507619
36911572223,280,11.507579
7731619229,262,11.507084
43986311269,282,11.506848
52336349581,284,11.506847
74092584809,288,11.506845
26120360977,276,11.506721
36991069667,280,11.506561
26129112517,276,11.506560
26133514987,276,11.506480
74188389701,288,11.506250
74236173911,288,11.505955
88352428639,290,11.505836
62433238079,286,11.505645
37103057021,280,11.505132
62535096137,286,11.504890
74446387999,288,11.504655
74485073191,288,11.504416
74548873697,288,11.504023
18553654201,272,11.504008
26276245903,276,11.503867
44269501403,282,11.503837
31273588849,278,11.503747
74601539611,288,11.503698
88839286843,290,11.503328
26324991263,276,11.502979
52784179027,284,11.502876
88963834021,290,11.502689
26343543157,276,11.502642
74790621019,288,11.502535
15640220543,270,11.502522
37309367261,280,11.502511
74805990031,288,11.502440
89043276877,290,11.502282
89060144059,290,11.502195
31415201089,278,11.501596
62995541669,286,11.501496
52953111553,284,11.501388
26426748473,276,11.501130
37420644839,280,11.501104
18665179969,272,11.501093
15694241089,270,11.500834
75082590547,288,11.500746
89403923233,290,11.500439
15707209391,270,11.500429
89412441091,290,11.500395
15712054613,270,11.500278
89450370829,290,11.500201
75184795559,288,11.500121
75273339749,288,11.499580
15743055539,270,11.499312
63295005497,286,11.499303
63296138957,286,11.499295
15744608731,270,11.499264
53203040101,284,11.499195
5548094609,258,11.499007
63377439977,286,11.498701
75477269261,288,11.498339
89826423601,290,11.498288
63468507527,286,11.498037
22362622313,274,11.497795
9377831327,264,11.497450
1163010421,240,11.497404
90045150577,290,11.497180
11166495649,266,11.497143
44922972463,282,11.496964
90118497487,290,11.496809
90286230589,290,11.495961
3311893799,252,11.495938
37849750307,280,11.495721
53603748193,284,11.495702
31813839007,278,11.495600
63826951577,286,11.495435
90396267733,290,11.495406
15878023913,270,11.495132
26759777699,276,11.495131
63876145343,286,11.495079
90471604789,290,11.495027
45113974573,282,11.494975
90507316087,290,11.494846
26778096847,276,11.494803
7922705963,262,11.494758
63950620997,286,11.494540
13365938969,268,11.494265
63990129563,286,11.494255
26823922717,276,11.493985
5603818669,258,11.493887
53826853831,284,11.493770
90733285831,290,11.493711
90813554353,290,11.493308
15937457021,270,11.493304
31976942629,278,11.493169
90859139509,290,11.493079
90888445969,290,11.492932
38084835353,280,11.492799
6683940181,260,11.492743
76424430847,288,11.492617
64230360983,286,11.492524
26915706019,276,11.492350
38132127323,280,11.492213
32053359001,278,11.492035
3337095071,252,11.491964
64369203389,286,11.491528
38197505651,280,11.491405
16019785679,270,11.490785
76745358377,288,11.490695
54197581147,284,11.490578
91364341483,290,11.490554
64507568219,286,11.490536
11316214969,266,11.490528
76797973459,288,11.490380
76885994467,288,11.489856
27059330449,276,11.489804
91603968307,290,11.489362
32234764267,278,11.489354
2818577807,250,11.489236
13505856647,268,11.489134
64717496147,286,11.489037
45689899379,282,11.489035
91699063327,290,11.488890
77056024819,288,11.488843
38406879149,280,11.488828
38412483449,280,11.488759
4755895787,256,11.488759
77094901981,288,11.488612
54431512921,284,11.488576
32293841149,278,11.488485
91787457031,290,11.488451
27140750459,276,11.488367
22807399883,274,11.488300
1994013809,246,11.488126
19186707349,272,11.487707
92003994721,290,11.487379
92017223257,290,11.487313
92047339591,290,11.487164
5678121457,258,11.487146
22866350237,274,11.487058
92085900793,290,11.486974
92092782373,290,11.486939
92131100179,290,11.486751
38591759813,280,11.486565
22892266841,274,11.486512
45948550511,282,11.486393
92269710961,290,11.486067
2382730027,248,11.485994
54776236297,284,11.485642
92405010787,290,11.485400
27311091053,276,11.485376
92421374077,290,11.485319
92470656637,290,11.485077
65300310923,286,11.484900
6788775769,260,11.484841
27344983387,276,11.484783
27362884687,276,11.484470
46140382081,282,11.484444
5708726011,258,11.484398
27374779793,276,11.484262
46158313961,282,11.484262
54942376477,284,11.484236
54976164433,284,11.483951
46201099493,282,11.483829
65461007453,286,11.483767
65476421267,286,11.483658
32639656081,278,11.483431
77998795229,288,11.483273
23048148377,274,11.483245
19365705349,272,11.483204
27436624339,276,11.483185
32660369659,278,11.483130
92920176787,290,11.482872
78090806791,288,11.482733
46320580531,282,11.482621
65661261527,286,11.482358
9665832863,264,11.482323
38955095609,280,11.482151
709208557,234,11.482037
55223173477,284,11.481870
78276840329,288,11.481644
65799257267,286,11.481391
65805930263,286,11.481344
93237287497,290,11.481323
5744577329,258,11.481198
93269616043,290,11.481165
9688426507,264,11.481157
55334528251,284,11.480934
93317347297,290,11.480932
46511534471,282,11.480699
46519653989,282,11.480617
46545191111,282,11.480360
16366744091,270,11.480315
23202769973,274,11.480028
4837532603,256,11.479990
39140329799,280,11.479918
39143798327,280,11.479876
78580583869,288,11.479871
46615761373,282,11.479652
78623198861,288,11.479623
78625559141,288,11.479609
27648510577,276,11.479510
11571541369,266,11.479464
8169146963,262,11.479331
93675925219,290,11.479190
6869082427,260,11.478879
66172452287,286,11.478785
32979217057,278,11.478523
39258081581,280,11.478504
5776308641,258,11.478385
55650884071,284,11.478289
78860379407,288,11.478245
19568223679,272,11.478163
11607092449,266,11.477944
33030742021,278,11.477783
55717364617,284,11.477736
93977995939,290,11.477727
16454825273,270,11.477696
16459062173,270,11.477571
27770692783,276,11.477406
39352992473,280,11.477367
23340538883,274,11.477181
39377256713,280,11.477077
79073617927,288,11.477010
27805849069,276,11.476802
11638642669,266,11.476600
46921375483,282,11.476599
11638811287,266,11.476593
94230732667,290,11.476507
94246687387,290,11.476430
27831099739,276,11.476368
79205685079,288,11.476246
16505767469,270,11.476188
16507103573,270,11.476149
39473456249,280,11.475930
55943420413,284,11.475857
33172711909,278,11.475751
33181961947,278,11.475619
33188720701,278,11.475523
79340244871,288,11.475470
79345023259,288,11.475443
94456977211,290,11.475418
79387575937,288,11.475197
39545409611,280,11.475074
33221645209,278,11.475053
79431783349,288,11.474943
79444703147,288,11.474869
16555553363,270,11.474719
79495197217,288,11.474578
79506508507,288,11.474513
5821492301,258,11.474407
2045924039,246,11.474354
94740226921,290,11.474059
94750809019,290,11.474008
79608653647,288,11.473926
5827427917,258,11.473886
39651396329,280,11.473815
79635327971,288,11.473773
66926477567,286,11.473567
47230720541,282,11.473531
79681850357,288,11.473506
28042918009,276,11.472752
19806458239,272,11.472304
28070520659,276,11.472282
95170803463,290,11.472000
67198898537,286,11.471698
47420548573,282,11.471659
13998591209,268,11.471511
23631953951,274,11.471219
95368027243,290,11.471061
47488159283,282,11.470994
14014391597,268,11.470958
9889735043,264,11.470898
28154686949,276,11.470855
80166800977,288,11.470733
80172666709,288,11.470699
39931331579,280,11.470508
95559978211,290,11.470149
19897916251,272,11.470076
80282539019,288,11.470074
47584491961,282,11.470048
47609358359,282,11.469805
5874963161,258,11.469743
16728808711,270,11.469645
14052686789,268,11.469618
56726236597,284,11.469417
80401171511,288,11.469399
56734199191,284,11.469352
80441713531,288,11.469170
80441636351,288,11.469170
14069890097,268,11.469017
5883836947,258,11.468973
40064907653,280,11.468939
47698726921,282,11.468929
80496588841,288,11.468858
95839800733,290,11.468822
47743702961,282,11.468491
80567718419,288,11.468454
80586767389,288,11.468347
9943315337,264,11.468205
80616366949,288,11.468179
40141649123,280,11.468040
96015645151,290,11.467991
96016010173,290,11.467989
40153911059,280,11.467896
47825963281,282,11.467688
56944684033,284,11.467637
67798170617,286,11.467613
96113974447,290,11.467526
80759649497,288,11.467368
33789254479,278,11.467034
33800868781,278,11.466872
67915229933,286,11.466821
96278920891,290,11.466749
20040568411,272,11.466621
80925163811,288,11.466434
80925567559,288,11.466431
67974272417,286,11.466421
47958452119,282,11.466397
67987648727,286,11.466331
48054792209,282,11.465462
730440797,234,11.465441
81102178609,288,11.465436
57252738427,284,11.465139
16885465043,270,11.465105
57263137903,284,11.465055
20105615323,272,11.465055
81188415137,288,11.464951
81213578417,288,11.464809
81232853827,288,11.464701
11922719167,266,11.464671
96722707993,290,11.464664
81281816471,288,11.464426
16917733793,270,11.464175
40476803177,280,11.464136
68321682353,286,11.464078
57408387703,284,11.463882
96902483311,290,11.463823
96904631881,290,11.463813
68405073257,286,11.463517
40532993069,280,11.463485
96996308137,290,11.463385
81497277427,288,11.463218
16954891763,270,11.463108
20188774261,272,11.463060
81533164379,288,11.463017
24040082141,274,11.463002
48313688741,282,11.462957
97094501407,290,11.462926
90438343,210,11.462771
97145356639,290,11.462688
10057048357,264,11.462543
40639577513,280,11.462253
97251953917,290,11.462192
97285337833,290,11.462036
68644182797,286,11.461914
48428549413,282,11.461851
81747084467,288,11.461822
48443143549,282,11.461711
11994995869,266,11.461686
34180592599,278,11.461591
81796219801,288,11.461548
57703996237,284,11.461507
57707095363,284,11.461482
48468809911,282,11.461464
28722172693,276,11.461349
20260912183,272,11.461338
3538535113,252,11.461329
97489272229,290,11.461088
81881772499,288,11.461071
48518355229,282,11.460988
81925919599,288,11.460825
57807298501,284,11.460679
81953120189,288,11.460673
81979763227,288,11.460526
736901233,234,11.460496
1481048539,242,11.460495
57844560793,284,11.460382
82046071357,288,11.460156
34304365141,278,11.459883
97754409283,290,11.459858
82104396089,288,11.459832
40862691689,280,11.459684
48657032969,282,11.459659
48660196523,282,11.459629
20334048283,272,11.459598
97821541579,290,11.459547
28835622677,276,11.459473
5998182557,258,11.459168
97925040583,290,11.459068
48722706059,282,11.459031
97946558113,290,11.458968
40942403459,280,11.458770
17115272401,270,11.458528
82347067507,288,11.458487
82372560097,288,11.458345
58162628917,284,11.457846
24303252557,274,11.457783
69266299517,286,11.457771
17142978253,270,11.457741
69301664063,286,11.457537
82542596701,288,11.457406
58225970731,284,11.457343
98439437077,290,11.456697
98439904627,290,11.456695
7177419853,260,11.456669
69452951123,286,11.456536
48987586763,282,11.456507
69485940197,286,11.456318
24383379653,274,11.456206
49047093961,282,11.455942
82818173951,288,11.455887
82825633537,288,11.455846
98625531601,290,11.455841
98656777381,290,11.455698
17217651419,270,11.455628
82930289987,288,11.455271
17230565333,270,11.455264
82989622901,288,11.454945
83057117881,288,11.454574
98913623863,290,11.454522
98922214189,290,11.454482
98959712389,290,11.454311
20570564071,272,11.454018
24498486017,274,11.453951
6065225209,258,11.453514
83261668507,288,11.453454
69950283383,286,11.453262
24542237303,274,11.453096
29226315473,276,11.453074
49366891663,282,11.452918
41465742137,280,11.452817
83400688181,288,11.452694
49393399901,282,11.452668
34857429307,278,11.452332
29275210529,276,11.452279
83516746409,288,11.452061
83544354001,288,11.451910
83549202257,288,11.451883
8631439769,262,11.451711
83612394757,288,11.451539
58970485471,284,11.451473
99674557681,290,11.451056
99696302911,290,11.450957
59094575557,284,11.450502
83896920971,288,11.449992
83909206891,288,11.449926
35038121527,278,11.449893
99970077853,290,11.449718
6114180047,258,11.449429
84018479971,288,11.449333
17444554591,270,11.449268
70573297169,286,11.449197
41802951419,280,11.449024
84208013581,288,11.448308
35159715499,278,11.448259
12329095717,266,11.448134
84258772159,288,11.448033
84293844749,288,11.447845
84317357161,288,11.447718
84439816379,288,11.447057
59539588417,284,11.447040
29617787789,276,11.446754
84498058481,288,11.446743
50033716631,282,11.446681
8720477603,262,11.446576
59663902663,284,11.446077
3645262151,252,11.445860
59700474577,284,11.445795
50129492731,282,11.445792
84677443987,288,11.445779
71133391493,286,11.445575
59729550823,284,11.445570
50177683511,282,11.445346
50179762559,282,11.445327
20953160419,272,11.445135
42162484139,280,11.445017
84819484787,288,11.445016
35405488021,278,11.444977
71278649027,286,11.444641
50256301343,282,11.444618
35434427227,278,11.444592
71315122517,286,11.444407
59891824417,284,11.444319
85006353829,288,11.444016
6180278801,258,11.443967
35512758739,278,11.443551
59991898693,284,11.443549
8774408453,262,11.443494
25048339637,274,11.443333
3663151819,252,11.443316
17663071169,270,11.443228
85169221147,288,11.443145
760534277,234,11.442805
35586627829,278,11.442573
60120984433,284,11.442558
50487950173,282,11.442483
71626428317,286,11.442412
29900603377,276,11.442244
17700935419,270,11.442189
85382418181,288,11.442009
50561678653,282,11.441806
71805783767,286,11.441267
17736804727,270,11.441208
8817871463,262,11.441025
50649394013,282,11.441001
8822862803,262,11.440742
21145511899,272,11.440737
71909523443,286,11.440606
50705668583,282,11.440486
85706090831,288,11.440289
5227869863,256,11.440181
42610760009,280,11.440071
85759752497,288,11.440004
30051249187,276,11.439859
60483296743,284,11.439789
72046186193,286,11.439737
85819002877,288,11.439691
85900731409,288,11.439258
12557139103,266,11.439111
85933194307,288,11.439086
2603541757,248,11.439041
12574045447,266,11.438449
60665586721,284,11.438402
14991444269,268,11.437963
50987208403,282,11.437916
86197986937,288,11.437689
30198590767,276,11.437541
12606432829,266,11.437184
86301799147,288,11.437142
51076419103,282,11.437105
30236011229,276,11.436954
86403868651,288,11.436605
36052569547,278,11.436449
30272689477,276,11.436379
17918649691,270,11.436264
15046588589,268,11.436171
86503028987,288,11.436084
36085722991,278,11.436017
51217873613,282,11.435822
72692002769,286,11.435656
51252659681,282,11.435508
51284251211,282,11.435222
51307996211,282,11.435007
6291247279,258,11.434941
51319903391,282,11.434899
72818864099,286,11.434858
61175390377,284,11.434548
72876830657,286,11.434495
30399611923,276,11.434397
43141153481,280,11.434292
15116962937,268,11.433894
61268156137,284,11.433850
86930796949,288,11.433845
18015571897,270,11.433652
86981573881,288,11.433579
51478914661,282,11.433465
61319806297,284,11.433463
87016022039,288,11.433400
51488840723,282,11.433376
10674873103,264,11.432947
2212126447,246,11.432704
87175352777,288,11.432570
7529318557,260,11.432556
87187706209,288,11.432506
7530405511,260,11.432484
25638776741,274,11.432209
73294726859,286,11.431881
87330527071,288,11.431763
87355549537,288,11.431632
12753120433,266,11.431498
61603088137,284,11.431342
87430540601,288,11.431243
61622134687,284,11.431199
87459042487,288,11.431095
18114835139,270,11.430992
25705039253,274,11.430978
87484527281,288,11.430963
12767394817,266,11.430948
87493052489,288,11.430919
36508680301,278,11.430537
61712994223,284,11.430522
61724156227,284,11.430438
51818704753,282,11.430416
73580906717,286,11.430100
87652542149,288,11.430093
25762046537,274,11.429921
61867974241,284,11.429368
87809996161,288,11.429278
36608703631,278,11.429252
25800029303,274,11.429219
87842775079,288,11.429110
51974513953,282,11.429026
43631738303,280,11.429014
12824076337,266,11.428773
87934776649,288,11.428635
43688282741,280,11.428411
87983511019,288,11.428383
88034403187,288,11.428121
73910321867,286,11.428061
10781559977,264,11.428025
62064878947,284,11.427906
930560689,236,11.427854
73970927399,286,11.427687
52145337833,282,11.427505
15327359897,268,11.427155
52192233091,282,11.427090
88342412729,288,11.426538
2666356387,248,11.426476
62298397957,284,11.426180
88413362887,288,11.426173
52298491081,282,11.426148
88424642521,288,11.426115
74292668003,286,11.425705
30964480397,276,11.425682
62383326151,284,11.425553
43962452621,280,11.425492
52405174709,282,11.425204
74386793687,286,11.425127
88684340971,288,11.424787
15402502169,268,11.424773
88701249269,288,11.424700
5389476233,256,11.424637
6421798489,258,11.424541
44068480277,280,11.424370
88780711067,288,11.424294
62573454817,284,11.424155
44109311717,280,11.423938
74598777023,286,11.423828
52591356331,282,11.423563
74645652707,286,11.423542
74686069607,286,11.423295
44171545331,280,11.423281
62734399621,284,11.422975
89048514641,288,11.422929
52679972269,282,11.422784
6444253261,258,11.422775
44226216599,280,11.422705
89126480977,288,11.422533
74813764379,286,11.422516
44254255901,280,11.422409
10908118321,264,11.422256
52747094989,282,11.422195
3202979699,250,11.422124
52768947619,282,11.422004
89265968971,288,11.421824
3818598863,252,11.421761
44328420509,280,11.421629
44344586591,280,11.421459
10926444847,264,11.421426
62971825771,284,11.421239
22023294373,272,11.421197
10931928907,264,11.421178
89416728347,288,11.421060
44383456829,280,11.421051
26247188537,274,11.421033
89437399061,288,11.420956
75089868827,286,11.420835
31286372269,276,11.420793
89472389471,288,11.420778
63039578671,284,11.420745
52945813933,282,11.420456
10949585693,264,11.420381
63090926761,284,11.420371
75202308407,286,11.420153
89602386179,288,11.420120
75209138663,286,11.420112
89660797909,288,11.419826
18541643231,270,11.419733
89724258269,288,11.419505
53062167001,282,11.419440
31379199209,276,11.419393
18559228553,270,11.419275
4571622817,254,11.419254
31392807923,276,11.419188
53092819301,282,11.419173
44577327539,280,11.419021
75394552949,286,11.418988
89876279821,288,11.418738
63320029363,284,11.418707
15596323319,268,11.418686
63334115311,284,11.418605
22142796691,272,11.418603
15600933221,268,11.418542
75481841837,286,11.418461
44644507073,280,11.418320
44648930351,280,11.418274
53205717023,282,11.418191
11000316433,264,11.418097
90042003707,288,11.417905
90086696347,288,11.417680
44711510483,280,11.417622
75669369917,286,11.417330
37556216809,278,11.417257
37563872959,278,11.417162
13133135077,266,11.417091
18655944809,270,11.416765
53388567641,282,11.416605
75806400749,286,11.416506
44875169051,280,11.415920
90455797039,288,11.415830
44889453221,280,11.415772
6535881091,258,11.415640
90578590211,288,11.415215
76045607723,286,11.415070
44975113187,280,11.414886
90667564147,288,11.414771
53620910501,282,11.414598
4614232813,254,11.414494
26612129471,274,11.414463
90732339431,288,11.414449
37784845939,278,11.414412
53669216089,282,11.414183
37807118857,278,11.414136
45061503671,280,11.413992
26645908337,274,11.413860
53707477529,282,11.413854
76263810563,286,11.413765
53727527621,282,11.413681
90892236857,288,11.413652
53746939403,282,11.413514
31794245929,276,11.413188
45146678147,280,11.413114
64102931107,284,11.413068
45154632617,280,11.413032
91073406709,288,11.412751
11120328521,264,11.412742
53864875861,282,11.412501
37953632671,278,11.412324
53901852509,282,11.412185
91197965291,288,11.412133
26773224683,274,11.411594
45319188119,280,11.411340
18873984491,270,11.411159
31935741917,276,11.411093
76720129217,286,11.411048
31942523087,276,11.410993
54047017979,282,11.410943
76749982937,286,11.410871
38085758041,278,11.410696
18893064781,270,11.410671
54080570521,282,11.410656
18893798393,270,11.410653
91516454311,288,11.410557
76804102523,286,11.410550
54101414309,282,11.410479
26836178351,274,11.410478
91533102671,288,11.410475
45408182711,280,11.410427
91588215067,288,11.410203
91613857421,288,11.410076
54167640463,282,11.409913
11185026287,264,11.409880
45472938803,280,11.409765
26922581327,274,11.408951
77080910807,286,11.408913
18973757801,270,11.408616
7898634019,260,11.408535
91940479349,288,11.408467
38274891619,278,11.408377
38304665671,278,11.408012
13383071833,266,11.407860
45671746319,280,11.407737
45680993129,280,11.407642
19017583027,270,11.407504
77330101487,286,11.407444
45717334769,280,11.407273
92214323899,288,11.407124
38397647347,278,11.406878
6651252667,258,11.406808
19048218271,270,11.406729
45771103247,280,11.406727
92301900997,288,11.406694
77459593559,286,11.406682
32237211977,276,11.406662
32244978037,276,11.406548
32248638043,276,11.406494
65037958537,284,11.406430
54584841893,282,11.406372
1374234727,240,11.406214
19069948889,270,11.406179
92452272797,288,11.405959
13436882353,266,11.405897
27128584061,274,11.405331
77699414459,286,11.405276
77710024157,286,11.405214
54729697709,282,11.405149
38541256687,278,11.405130
92634886649,288,11.405068
32348808563,276,11.405033
13461007597,266,11.405020
54754423519,282,11.404942
54770016269,282,11.404810
65269684273,284,11.404801
11303313611,264,11.404695
65298959833,284,11.404595
9495286649,262,11.404165
32422242269,276,11.403964
92868247531,288,11.403932
65394272287,284,11.403928
38640791737,278,11.403924
38644660777,278,11.403877
46061973311,280,11.403784
46069599179,280,11.403708
78003047543,286,11.403502
19178958317,270,11.403434
65496004807,284,11.403216
9515257511,262,11.403123
93059986469,288,11.403001
6706094407,258,11.402669
93170964437,288,11.402463
55050037073,282,11.402458
32533278397,276,11.402353
55122790559,282,11.401850
46254860807,280,11.401843
38815365331,278,11.401815
27340777691,274,11.401633
78331460267,286,11.401592
55155118451,282,11.401580
32594270783,276,11.401471
93379267229,288,11.401454
65750170867,284,11.401443
78357346469,286,11.401443
78359064899,286,11.401432
93392897219,288,11.401388
93443477287,288,11.401144
19271717557,270,11.401110
78443070023,286,11.400946
32634111977,276,11.400896
55248396421,282,11.400801
93518728739,288,11.400781
32656541887,276,11.400572
19299167929,270,11.400425
6737920061,258,11.400283
27420833261,274,11.400246
27423090581,274,11.400208
11421207647,264,11.399585
93784486547,288,11.399500
46490053193,280,11.399489
39010681597,278,11.399468
55411210091,282,11.399445
93806445521,288,11.399395
66061985107,284,11.399278
55447564331,282,11.399142
93861959327,288,11.399128
55454726321,282,11.399083
32767656503,276,11.398973
55471339613,282,11.398945
93921003619,288,11.398844
55498069079,282,11.398723
93986801569,288,11.398528
32802179209,276,11.398478
46613798417,280,11.398255
39119364589,278,11.398169
66226976887,284,11.398136
824151187,234,11.398029
19404224503,270,11.397812
32849159467,276,11.397803
66285634651,284,11.397732
94153933079,288,11.397727
55639269271,282,11.397552
79038932183,286,11.397507
55652082931,282,11.397446
13672838719,266,11.397389
32908822559,276,11.396950
94376512829,288,11.396662
94468782307,288,11.396221
55811991271,282,11.396125
55825382959,282,11.396014
79314423269,286,11.395927
94569611861,288,11.395740
55877242189,282,11.395586
94651175611,288,11.395351
79442766233,286,11.395193
55936676969,282,11.395097
94762580177,288,11.394821
33060376747,276,11.394788
66721876957,284,11.394732
79544968949,286,11.394609
19539632141,270,11.394467
19539850657,270,11.394462
94840315981,288,11.394451
56045513761,282,11.394202
56054707693,282,11.394126
33107923357,276,11.394112
39490725661,278,11.393755
27799201427,274,11.393749
79713963689,286,11.393646
95026661167,288,11.393566
56133183511,282,11.393482
66912413881,284,11.393428
95058846871,288,11.393414
56146158283,282,11.393376
6831273461,258,11.393355
79794123047,286,11.393189
47135447633,280,11.393094
47135626799,280,11.393092
66966814087,284,11.393057
56188501463,282,11.393029
95144405879,288,11.393008
56205055549,282,11.392893
6837683527,258,11.392884
79859739989,286,11.392817
33203233139,276,11.392759
56224020653,282,11.392738
95225847919,288,11.392623
27880350917,274,11.392368
95282874389,288,11.392353
79980193427,286,11.392133
19634943469,270,11.392128
8165261341,260,11.391940
56359163083,282,11.391633
67185336121,284,11.391568
56381128651,282,11.391454
80153822873,286,11.391149
95567131327,288,11.391010
47364485243,280,11.390847
95634024329,288,11.390696
95649488797,288,11.390622
56501325109,282,11.390474
19706395441,270,11.390382
6873972617,258,11.390222
19730503369,270,11.389794
56584992469,282,11.389793
95838153119,288,11.389735
56604620749,282,11.389634
39855832759,278,11.389459
11658958517,264,11.389453
39876471949,278,11.389217
80523051857,286,11.389064
80537147699,286,11.388985
33482213837,276,11.388826
56714044609,282,11.388745
80584667627,286,11.388717
80628404489,286,11.388471
96236161429,288,11.387868
67776236971,284,11.387568
96305250191,288,11.387546
16645028651,268,11.387113
96419442349,288,11.387012
33622059833,276,11.386868
96475173097,288,11.386751
80937967499,286,11.386733
19861948751,270,11.386605
47808404243,280,11.386526
40109424379,278,11.386500
67956892351,284,11.386353
40135472107,278,11.386197
96639021331,288,11.385987
47864169173,280,11.385986
96646283477,288,11.385954
96647972587,288,11.385946
96661743797,288,11.385881
81129959543,286,11.385659
843169381,234,11.385378
68106512413,284,11.385349
57134689849,282,11.385347
57147880369,282,11.385242
96799541701,288,11.385241
33744825833,276,11.385156
11768282843,264,11.384869
33772540577,276,11.384770
68228073271,284,11.384535
33793368949,276,11.384480
96974244377,288,11.384429
96981894307,288,11.384394
81387381839,286,11.384224
57292517801,282,11.384080
97095436937,288,11.383867
57325161541,282,11.383818
16763642039,268,11.383678
19984101031,270,11.383662
48115349657,280,11.383564
97167674917,288,11.383533
97185978581,288,11.383448
97202388947,288,11.383371
4903732957,254,11.383365
81554256437,286,11.383296
20003974147,270,11.383184
81580045187,286,11.383152
97253083987,288,11.383137
57410271983,282,11.383136
97292618231,288,11.382955
28446542477,274,11.382854
57471487571,282,11.382647
48215053307,280,11.382606
40463003587,278,11.382408
848254331,234,11.382048
57586080103,282,11.381731
81893688587,286,11.381414
34017550547,276,11.381376
97639906387,288,11.381351
57642214291,282,11.381284
81957748049,286,11.381060
97729088881,288,11.380940
34055617507,276,11.380852
20103830941,270,11.380795
57738877211,282,11.380514
20124205249,270,11.380310
97919867401,288,11.380064
97941244571,288,11.379966
34132083577,276,11.379799
16906369037,268,11.379580
34166063279,276,11.379333
34173592753,276,11.379229
48598468943,280,11.378942
69128004571,284,11.378558
40814411809,278,11.378380
24095263501,272,11.378239
7042118701,258,11.378082
98367564641,288,11.378013
98414506741,288,11.377798
24126918019,272,11.377614
11951721413,264,11.377279
20252844503,270,11.377254
82668116249,286,11.377152
48790068491,280,11.377123
69357150697,284,11.377049
58180249121,282,11.377018
24172995523,272,11.376706
17007351359,268,11.376703
98721233747,288,11.376400
48878276873,280,11.376287
48878567651,280,11.376285
34393130297,276,11.376225
98793204179,288,11.376072
98794397279,288,11.376067
4974523453,254,11.376057
11981695151,264,11.376052
11982823267,264,11.376005
48933927617,280,11.375762
48936049163,280,11.375742
24222325591,272,11.375736
11994999853,264,11.375507
11995535171,264,11.375485
34451376853,276,11.375432
98941265561,288,11.375400
98971454017,288,11.375262
8445748477,260,11.375107
34477175507,276,11.375081
20350296349,270,11.374953
69695788051,284,11.374830
20355773611,270,11.374825
69721821571,284,11.374660
83188587023,286,11.374313
49099782467,280,11.374198
49105367189,280,11.374146
99229945391,288,11.374090
99235422709,288,11.374065
99249965567,288,11.374000
83252691293,286,11.373964
49124801171,280,11.373962
83344683467,286,11.373465
20418591877,270,11.373348
99480181747,288,11.372959
1461724813,240,11.372854
83480913227,286,11.372726
58738011413,282,11.372641
8487793117,260,11.372636
58739999419,282,11.372624
99554954881,288,11.372622
607010323,230,11.372595
99574516807,288,11.372534
58758346883,282,11.372481
49284933377,280,11.372459
58765166923,282,11.372428
83538612299,286,11.372414
49309621343,280,11.372228
70100447947,284,11.372193
70111571911,284,11.372121
99695587679,288,11.371988
83633195159,286,11.371902
99813383249,288,11.371458
29141906861,274,11.371445
49418923529,280,11.371205
70261298983,284,11.371150
49426741019,280,11.371132
1466748137,240,11.371005
58961513839,282,11.370898
34807785863,276,11.370608
20553647053,270,11.370191
49528304561,280,11.370184
70476269047,284,11.369759
29249236691,274,11.369710
34902726899,276,11.369333
4227924829,252,11.369287
49624857137,280,11.369286
20597221037,270,11.369177
59207809693,282,11.368988
41649409951,278,11.368956
70606724341,284,11.368917
59226190369,282,11.368845
29304017321,274,11.368828
34940351879,276,11.368828
29311908797,274,11.368700
59248570739,282,11.368672
302729423,222,11.368089
17346394139,268,11.367179
59472888721,282,11.366940
41833641601,278,11.366904
49901232989,280,11.366722
24697815283,272,11.366495
59581668011,282,11.366103
49983553967,280,11.365961
7220574337,258,11.365539
35227193327,276,11.365001
84940725347,286,11.364892
20801407931,270,11.364456
12270499441,264,11.364388
71318208307,284,11.364356
50168055671,280,11.364262
17456564429,268,11.364127
59841883709,282,11.364107
50190995711,280,11.364051
85113280697,286,11.363976
29618999603,274,11.363787
85160624069,286,11.363725
59907257513,282,11.363607
10307668781,262,11.363561
50255382581,280,11.363460
14671039813,266,11.363082
50307409199,280,11.362983
50331652529,280,11.362761
29684671097,274,11.362742
71596948081,284,11.362582
20891511437,270,11.362389
50398719047,280,11.362146
85463956757,286,11.362120
60151302433,282,11.361746
50458898459,280,11.361596
50461454699,280,11.361572
60187905539,282,11.361467
7283658509,258,11.361185
85661001893,286,11.361080
35529549217,276,11.361003
50528154653,280,11.360964
10362663161,262,11.360938
29801831051,274,11.360887
85699111409,286,11.360879
50567954837,280,11.360600
29822220803,274,11.360564
4303246219,252,11.360237
71971876927,284,11.360209
50632205069,280,11.360016
25037911441,272,11.360003
20997174889,270,11.359977
60469376213,282,11.359332
50748320093,280,11.358960
50750616827,280,11.358939
86109219767,286,11.358725
72216104263,284,11.358669
25111085893,272,11.358618
42594546721,278,11.358533
12418921577,264,11.358509
86153362817,286,11.358494
72257163991,284,11.358411
60592019953,282,11.358405
86180288993,286,11.358353
21069280681,270,11.358338
50817672359,280,11.358331
4319397833,252,11.358319
21072052987,270,11.358275
4319988173,252,11.358249
7326843731,258,11.358228
60624481319,282,11.358160
50837303603,280,11.358152
7328579941,258,11.358109
10422478631,262,11.358104
25158942811,272,11.357715
30004683011,274,11.357692
12440708051,264,11.357653
60702967543,282,11.357569
86333869409,286,11.357550
12460665043,264,11.356870
7348513889,258,11.356751
60818984329,282,11.356695
72541609507,284,11.356627
51006990239,280,11.356618
42779303899,278,11.356524
60844765343,282,11.356502
51024640187,280,11.356458
21156987757,270,11.356354
60878261023,282,11.356250
86609896193,286,11.356111
86651380919,286,11.355894
60954821353,282,11.355675
35938474433,276,11.355654
60970824503,282,11.355555
72759970027,284,11.355262
5184984073,254,11.354983
72804745567,284,11.354982
72821297797,284,11.354879
7377115111,258,11.354810
72835326433,284,11.354792
51211946831,280,11.354771
61096570771,282,11.354612
61099070339,282,11.354594
61114602511,282,11.354478
36057778843,276,11.354105
72963926041,284,11.353991
61213864339,282,11.353736
36088622767,276,11.353705
36092390773,276,11.353657
43054382017,278,11.353552
6201260843,256,11.353548
36104219849,276,11.353504
87189110249,286,11.353106
25409107123,272,11.353024
17867301059,268,11.352931
61332571459,282,11.352850
36156976169,276,11.352822
61336378423,282,11.352822
73169862421,284,11.352712
10544385809,262,11.352381
36193565587,276,11.352350
30349580201,274,11.352314
51500993777,280,11.352180
4374314323,252,11.351854
73310609503,284,11.351840
36260559607,276,11.351486
6229685603,256,11.351245
36287354557,276,11.351142
51632400857,280,11.351007
61611523219,282,11.350777
36321319129,276,11.350705
21411860227,270,11.350637
21414420161,270,11.350580
36332346889,276,11.350563
36333710113,276,11.350546
87850374713,286,11.349701
36400392517,276,11.349689
51782576501,280,11.349670
15082703089,266,11.349666
15084229453,266,11.349616
21465694007,270,11.349439
51809058827,280,11.349436
30538169603,274,11.349401
73742000503,284,11.349178
73743948361,284,11.349166
21484245337,270,11.349027
15110913379,266,11.348761
51896245463,280,11.348661
51911437937,280,11.348527
36498013547,276,11.348440
30606616577,274,11.348349
88115671313,286,11.348344
61947575353,282,11.348292
7478813011,258,11.347972
30632027807,274,11.347959
36552173617,276,11.347748
4410302441,252,11.347667
62060666839,282,11.347459
12708655781,264,11.347250
88427943887,286,11.346750
74204460223,284,11.346343
21605757571,270,11.346337
52179605327,280,11.346158
62240460929,282,11.346138
52220928521,280,11.345794
36709302683,276,11.345747
10693766021,262,11.345466
88688186177,286,11.345428
36740097133,276,11.345356
36744294277,276,11.345303
88805254793,286,11.344834
25852971043,272,11.344824
36799234673,276,11.344605
21688246609,270,11.344521
62480415031,282,11.344382
88894638143,286,11.344381
2615998667,246,11.344294
36831939533,276,11.344192
74559041317,284,11.344183
3121932379,248,11.344030
25898826859,272,11.343986
62549045161,282,11.343881
89047481273,286,11.343609
74673108967,284,11.343491
52488355943,280,11.343446
30928830377,274,11.343429
62640646333,282,11.343213
74748328531,284,11.343034
15293634409,266,11.342944
18248969129,268,11.342775
25978391323,272,11.342534
52603436723,280,11.342440
52622304149,280,11.342275
62770428901,282,11.342269
74880519541,284,11.342234
18272643929,268,11.342153
89375123099,286,11.341956
62814517603,282,11.341949
62823357811,282,11.341885
9037433047,260,11.341508
62902565563,282,11.341310
37063311829,276,11.341272
62908728863,282,11.341265
21844167809,270,11.341107
62935589363,282,11.341070
31089847973,274,11.340990
75086842357,284,11.340987
52775906699,280,11.340936
15366113689,266,11.340657
63007679221,282,11.340549
89665642643,286,11.340497
63015497341,282,11.340491
63025406053,282,11.340420
63029223923,282,11.340392
52839865229,280,11.340380
63039844823,282,11.340316
9059488573,260,11.340302
63052915091,282,11.340221
37150661477,276,11.340176
31155395081,274,11.340002
75257153467,284,11.339961
31159772807,274,11.339936
63108114059,282,11.339822
89811376229,286,11.339767
7603560427,258,11.339721
21914694317,270,11.339572
12910974787,264,11.339552
75349721641,284,11.339405
89890779947,286,11.339370
37218718333,276,11.339323
9078063103,260,11.339290
63206612173,282,11.339111
53009498873,280,11.338907
53011451957,280,11.338891
18404068919,268,11.338714
12936031817,264,11.338608
12936532181,264,11.338589
26197996861,272,11.338554
4493945581,252,11.338074
63372779579,282,11.337914
37343851297,276,11.337759
4497538691,252,11.337667
53169291167,280,11.337525
26262044923,272,11.337400
31345836623,274,11.337143
75761793511,284,11.336936
22041003097,270,11.336835
18483766799,268,11.336641
90523662563,286,11.336216
15517871359,266,11.335908
22085674291,270,11.335872
90598078013,286,11.335847
63672712381,282,11.335762
320069791,222,11.335756
44746174027,278,11.335709
90639574763,286,11.335641
37517255693,276,11.335602
63743145623,282,11.335258
44799900517,278,11.335154
7675015057,258,11.335061
15546449839,266,11.335019
63779080249,282,11.335002
53475553121,280,11.334889
22141496011,270,11.334670
53516633327,280,11.334538
18566071241,268,11.334511
53525369603,280,11.334462
44885456401,278,11.334272
26453253661,272,11.333973
13061421761,264,11.333912
76274486983,284,11.333885
22188459571,270,11.333662
31587588281,274,11.333540
76363062877,284,11.333360
37704183229,276,11.333289
37706554027,276,11.333260
53672258411,280,11.333205
91140291239,286,11.333166
76404682777,284,11.333114
31621032923,274,11.333044
37724156593,276,11.333042
26511555673,272,11.332933
76438446493,284,11.332913
13095027047,264,11.332662
26539081831,272,11.332443
31676792867,274,11.332218
64170579281,282,11.332214
64237626671,282,11.331738
76673265541,284,11.331527
91476447263,286,11.331513
45162501829,278,11.331429
4552987711,252,11.331420
37858908449,276,11.331384
91504465739,286,11.331376
64296897839,282,11.331319
76717757773,284,11.331264
18692778161,268,11.331252
64307205841,282,11.331245
11008609343,262,11.331227
31743907037,274,11.331226
91553222759,286,11.331137
91562827973,286,11.331090
53938134983,280,11.330938
53962038659,280,11.330735
22330570621,270,11.330626
91711655597,286,11.330360
26658632761,272,11.330322
54033841571,280,11.330126
64476069193,282,11.330051
64483969861,282,11.329996
64487476759,282,11.329971
37980887257,276,11.329887
26691221131,272,11.329745
76996330561,284,11.329626
22400670077,270,11.329136
91977097427,286,11.329063
92000687879,286,11.328948
54181090361,280,11.328878
77178334087,284,11.328559
64701003179,282,11.328466
9284113897,260,11.328200
92177226437,286,11.328088
92195413559,286,11.327999
54290947577,280,11.327950
9291502783,260,11.327808
9291596701,260,11.327804
92291808443,286,11.327531
32012192621,274,11.327284
77409044413,284,11.327210
38207771027,276,11.327118
64949567693,282,11.326722
54446344283,280,11.326640
92476831619,286,11.326632
64999041203,282,11.326375
26889533863,272,11.326253
77603728771,284,11.326076
32099853641,274,11.326003
92611532183,286,11.325979
77626919701,284,11.325940
92664494399,286,11.325723
38323495517,276,11.325712
54596645309,280,11.325377
11142328721,262,11.325314
15864790369,266,11.325236
65190473921,282,11.325038
77787473041,284,11.325007
22599624787,270,11.324934
54655987229,280,11.324880
65243062669,282,11.324671
54686770487,280,11.324622
92893523243,286,11.324615
22621243391,270,11.324479
54748876109,280,11.324101
77985342493,284,11.323860
93078301919,286,11.323725
38488626923,276,11.323714
15915573283,266,11.323696
78027586513,284,11.323616
1602340417,240,11.323569
38503219099,276,11.323538
93124968683,286,11.323500
65455832699,282,11.323191
65473045921,282,11.323071
27072062671,272,11.323063
93254485139,286,11.322877
78161955637,284,11.322839
1345014599,238,11.322727
11201473001,262,11.322722
27102528643,272,11.322533
1915666633,242,11.322521
93346079663,286,11.322437
32361691763,274,11.322201
38638157777,276,11.321913
38647568129,276,11.321799
65673464179,282,11.321682
55051486433,280,11.321578
65693196083,282,11.321545
46160037991,278,11.321348
93587198909,286,11.321280
22794027959,270,11.320867
38737983877,276,11.320715
55166008973,280,11.320627
38758350727,276,11.320471
16029325717,266,11.320264
38783807593,276,11.320166
55275794111,280,11.319716
4659078499,252,11.319695
78740951071,284,11.319509
22864794163,270,11.319395
66006502409,282,11.319383
78765613963,284,11.319366
32559429317,274,11.319352
78804423493,284,11.319144
55367984747,280,11.318954
9462575737,260,11.318811
55404036161,280,11.318657
55413896423,280,11.318575
94156463963,286,11.318563
19199052839,268,11.318463
66167038151,282,11.318279
19209610949,268,11.318200
66194686079,282,11.318089
19216306787,268,11.318033
55495634603,280,11.317901
55505357423,280,11.317821
7948783291,258,11.317634
55533639737,280,11.317588
22952149043,270,11.317586
94380600329,286,11.317499
66301257989,282,11.317359
46573821937,278,11.317235
22978551119,270,11.317040
9499190143,260,11.316909
66377600269,282,11.316836
39072207379,276,11.316727
39085888267,276,11.316565
19277465789,268,11.316515
27451039411,272,11.316514
39095207629,276,11.316454
55674055271,280,11.316432
66439524439,282,11.316413
23010027223,270,11.316391
23016260791,270,11.316263
79328285611,284,11.316156
66486349129,282,11.316092
79395481213,284,11.315775
2764002463,246,11.315576
23049668203,270,11.315575
94837325237,286,11.315337
19337085617,268,11.315040
94901782697,286,11.315033
66659879501,282,11.314909
94963465187,286,11.314742
79599145081,284,11.314620
79608119527,284,11.314569
55918028813,280,11.314433
23107802327,270,11.314381
23108780141,270,11.314361
66751429079,282,11.314286
66771414071,282,11.314150
39290226067,276,11.314145
32934584063,274,11.313997
19396220147,268,11.313581
16253630563,266,11.313573
56027158469,280,11.313541
95256169397,286,11.313365
9568192813,260,11.313344
79860575083,284,11.313142
66924831781,282,11.313108
79895629183,284,11.312944
95365435559,286,11.312852
95393627159,286,11.312719
95395841537,286,11.312709
56130274427,280,11.312701
39421345573,276,11.312600
33035576303,274,11.312567
39436348307,276,11.312424
23229843727,270,11.311884
33085236797,274,11.311866
67115538781,282,11.311817
47129425867,278,11.311773
95644304603,286,11.311545
67156132249,282,11.311543
67165223791,282,11.311481
2787375583,246,11.311194
56354747627,280,11.310877
8063972089,258,11.310495
95889786953,286,11.310398
67343725411,282,11.310277
39627451459,276,11.310184
67395235549,282,11.309931
67398218621,282,11.309911
967173293,234,11.309873
56480439707,280,11.309859
47329575457,278,11.309824
39685120609,276,11.309509
13735479283,264,11.309480
33264129287,274,11.309348
19570562177,268,11.309309
56555559413,280,11.309252
56563994471,280,11.309184
47395371487,278,11.309184
67510271251,282,11.309157
56569430993,280,11.309140
39730072849,276,11.308985
80610364777,284,11.308932
56598772127,280,11.308904
47433641551,278,11.308813
67594086949,282,11.308595
80683698391,284,11.308522
47476071637,278,11.308402
96370329233,286,11.308163
96398654483,286,11.308032
67715478499,282,11.307780
13786087297,264,11.307698
80871530407,284,11.307475
67827570689,282,11.307031
28012653481,272,11.306987
56854326719,280,11.306846
23484505673,270,11.306719
56877674411,280,11.306659
67903682449,282,11.306522
47682598939,278,11.306405
96752465189,286,11.306394
47693144761,278,11.306304
96810368939,286,11.306127
39993732227,276,11.305921
28076878099,272,11.305911
23526223663,270,11.305879
81217588303,284,11.305553
2819030107,246,11.305325
81270391963,284,11.305261
40065131177,276,11.305095
33570538733,274,11.305069
97054441283,286,11.305001
68135073593,282,11.304980
9734493631,260,11.304868
8157489877,258,11.304781
68169007849,282,11.304755
97115609543,286,11.304720
16560786769,266,11.304571
97148419169,286,11.304568
23594011717,270,11.304517
23595316109,270,11.304490
57168083243,280,11.304334
33633753233,274,11.304192
81477217243,284,11.304117
23621606419,270,11.303964
81514281073,284,11.303913
81520609777,284,11.303878
57229265441,280,11.303845
57239845973,280,11.303761
40181563349,276,11.303751
68336663419,282,11.303641
40193785343,276,11.303610
23643626777,270,11.303522
28224991609,272,11.303439
23662159471,270,11.303152
97474035479,286,11.303074
81695856367,284,11.302912
81744771697,284,11.302643
57384015203,280,11.302613
68531270209,282,11.302353
57451286033,280,11.302079
68585516789,282,11.301995
97728818009,286,11.301908
40351845419,276,11.301793
40378831903,276,11.301484
57538007831,280,11.301391
40390636337,276,11.301349
57567075701,280,11.301161
28366452481,272,11.301091
68731393151,282,11.301033
1400470037,238,11.301005
8220912691,258,11.300946
23789543191,270,11.300611
98029042217,286,11.300538
98040171857,286,11.300488
68817884939,282,11.300463
98101666769,286,11.300207
68886442549,282,11.300013
82226059021,284,11.300002
11736004979,262,11.299958
68894799643,282,11.299957
4058288651,250,11.299932
48361708537,278,11.299906
40520832503,276,11.299860
19966938947,268,11.299747
57786385457,280,11.299426
40568311673,276,11.299318
40574553007,276,11.299247
69004164319,282,11.299239
98316811337,286,11.299230
40584669563,276,11.299131
40590302117,276,11.299067
69088626419,282,11.298685
48494664109,278,11.298645
57889703171,280,11.298612
23891442227,270,11.298591
57909228647,280,11.298458
20029427981,268,11.298259
69164847491,282,11.298186
34070988353,274,11.298171
69206459411,282,11.297914
69210976451,282,11.297884
58015719809,280,11.297621
69261324151,282,11.297555
48623127781,278,11.297431
98730446819,286,11.297356
8282282719,258,11.297266
69334642931,282,11.297076
8287287781,258,11.296967
98832343583,286,11.296895
58109255213,280,11.296886
98855361929,286,11.296791
98855922257,286,11.296788
58155503849,280,11.296524
82874097937,284,11.296474
58163161073,280,11.296464
6952228739,256,11.296280
82912215247,284,11.296268
58194414497,280,11.296219
58210082009,280,11.296096
58237134419,280,11.295884
28684474309,272,11.295858
40873676737,276,11.295850
48791915071,278,11.295840
58243387529,280,11.295835
40908516959,276,11.295456
34270329251,274,11.295454
409866547,224,11.295252
83177203537,284,11.294834
58378624607,280,11.294779
58382212781,280,11.294751
83227917313,284,11.294559
24096747517,270,11.294546
99369117767,286,11.294478
4896586813,252,11.294470
24108699977,270,11.294312
41014758857,276,11.294257
1418368037,238,11.294195
69829647479,282,11.293858
4904225363,252,11.293681
2415253817,244,11.293645
24147190559,270,11.293558
58574883743,280,11.293250
202551883,216,11.293228
41114986333,276,11.293129
69950599111,282,11.293075
16964448073,266,11.293014
4911204959,252,11.292961
1697242067,240,11.292912
83541424381,284,11.292871
49108997857,278,11.292868
41138851037,276,11.292861
69991800793,282,11.292809
49115380021,278,11.292808
99748412639,286,11.292780
49126439587,278,11.292705
34478547413,274,11.292634
99791194469,286,11.292588
34484989613,274,11.292547
49184916367,278,11.292159
70104184723,282,11.292084
24234353201,270,11.291857
20305068101,268,11.291753
70177145933,282,11.291613
83821552051,284,11.291368
28962850039,272,11.291329
10006709509,260,11.291327
70222760429,282,11.291319
83859643897,284,11.291164
34629551777,274,11.290601
84008258713,284,11.290370
41373420499,276,11.290235
58979511797,280,11.290115
4939301803,252,11.290075
84077899417,284,11.289998
4941643193,252,11.289835
24340500049,270,11.289793
41438159569,276,11.289513
41443972267,276,11.289448
29084553229,272,11.289365
70532693713,282,11.289329
49494500317,278,11.289282
70560018653,282,11.289153
4948884649,252,11.289095
70574022341,282,11.289063
84335192803,284,11.288627
24402765493,270,11.288587
59183747153,280,11.288542
70680486479,282,11.288383
14348591137,264,11.288363
59222857979,280,11.288240
59233959557,280,11.288156
41569476317,276,11.288052
1201838173,236,11.288022
24432761167,270,11.288008
84468783271,284,11.287916
17147832943,266,11.287861
41586773407,276,11.287860
34835163893,274,11.287848
24448117679,270,11.287711
29191617241,272,11.287643
24452715877,270,11.287622
84532934611,284,11.287576
34870208501,274,11.287380
34877263103,274,11.287286
49720566487,278,11.287193
3485295361,248,11.287186
41668753319,276,11.286951
84659766973,284,11.286903
41676996619,276,11.286860
84668493517,284,11.286857
59406251117,280,11.286834
24497475091,270,11.286759
20529498317,268,11.286526
59460045737,280,11.286422
17202440239,266,11.286338
84771566413,284,11.286311
71007240701,282,11.286299
84797537257,284,11.286174
84805084027,284,11.286134
71036158801,282,11.286115
8473340087,258,11.285995
29304715483,272,11.285832
41787078299,276,11.285642
24558753091,270,11.285581
29328280753,272,11.285456
17240854357,266,11.285271
35036078093,274,11.285173
14446976851,264,11.285065
59656107347,280,11.284925
71238554129,282,11.284830
20605434197,268,11.284771
8497471529,258,11.284592
35085748457,274,11.284515
85217486191,284,11.283958
85268992441,284,11.283688
85344522661,284,11.283291
85351831561,284,11.283253
71497227103,282,11.283194
5979152701,254,11.283099
29477038033,272,11.283087
1448111039,238,11.283083
29481096361,272,11.283023
2943811789,246,11.282866
35245614731,274,11.282403
85528967851,284,11.282323
85529547091,284,11.282320
71673102929,282,11.282084
60052435841,280,11.281914
8543862001,258,11.281905
42129058889,276,11.281882
42145192927,276,11.281705
71758534223,282,11.281547
71787416849,282,11.281365
24780201427,270,11.281347
71830905889,282,11.281092
35352750893,274,11.280993
24800791189,270,11.280956
42252598187,276,11.280532
71932814621,282,11.280452
60265560749,280,11.280304
24835160941,270,11.280303
42279281563,276,11.280241
71980862251,282,11.280150
42295033229,276,11.280069
35427903803,274,11.280006
42309821303,276,11.279908
60334128593,280,11.279787
60372480317,280,11.279498
14616149507,264,11.279451
35479017467,274,11.279337
86116285543,284,11.279257
42378666037,276,11.279159
72151149101,282,11.279084
86165781721,284,11.278999
72180072163,282,11.278904
72188045989,282,11.278854
86226773821,284,11.278683
24928967633,270,11.278527
42437570393,276,11.278518
42469888777,276,11.278168
2488907537,244,11.277965
60582545789,280,11.277920
60602456267,280,11.277771
86406127723,284,11.277752
42510632207,276,11.277725
72376119961,282,11.277680
20920910741,268,11.277555
24990226043,270,11.277370
60678709493,280,11.277200
29889266389,272,11.276590
72585776561,282,11.276376
25050630097,270,11.276234
10322971291,260,11.276091
50971451287,278,11.275818
72688649323,282,11.275738
1029728347,234,11.275717
35759132231,274,11.275687
51000795577,278,11.275555
51005542321,278,11.275512
51025129201,278,11.275336
60977220509,280,11.274971
86952615667,284,11.274929
86955626761,284,11.274913
60998313911,280,11.274815
42784391257,276,11.274768
25137274727,270,11.274608
35844832277,274,11.274576
5095585939,252,11.274341
61063013801,280,11.274333
51137922097,278,11.274326
25155613603,270,11.274264
61081997453,280,11.274192
72943757741,282,11.274158
35877919613,274,11.274148
61094286293,280,11.274100
72999652471,282,11.273812
61160096441,280,11.273612
42915051337,276,11.273364
35939052161,274,11.273358
8694380549,258,11.273295
25213713331,270,11.273179
25219674793,270,11.273067
14812565377,264,11.273023
25223905477,270,11.272988
14830720871,264,11.272433
43016255699,276,11.272280
73320631273,282,11.271835
30196938613,272,11.271805
43062267539,276,11.271788
73332870173,282,11.271760
25317675703,270,11.271242
87674232001,284,11.271231
61519790081,280,11.270950
21216531839,268,11.270901
8738579257,258,11.270799
43161029657,276,11.270733
17774944669,266,11.270682
25348745551,270,11.270665
43179224513,276,11.270538
87817786183,284,11.270499
43189383859,276,11.270431
7325665367,256,11.270260
61613935787,280,11.270257
43207794979,276,11.270234
87877909687,284,11.270193
43220669533,276,11.270097
73623839321,282,11.269977
73643608169,282,11.269855
10457217787,260,11.269775
25398334081,270,11.269746
43258562929,276,11.269694
73672038989,282,11.269682
61708336763,280,11.269563
88016306041,284,11.269489
43290394883,276,11.269356
43309488163,276,11.269153
88108803907,284,11.269019
61783881941,280,11.269008
43356121297,276,11.268658
5155092919,252,11.268487
88226719993,284,11.268421
21328783019,268,11.268400
25476848483,270,11.268294
88265640913,284,11.268224
43407371963,276,11.268114
8786910311,258,11.268084
36382137227,274,11.267678
17892364879,266,11.267539
62002642019,280,11.267405
62006740577,280,11.267375
43481830313,276,11.267325
51971906281,278,11.266934
25553426807,270,11.266883
62092918331,280,11.266746
62098219163,280,11.266706
74161955411,282,11.266698
5178504619,252,11.266204
30563223631,272,11.266176
43612285459,276,11.265947
62208093113,280,11.265905
62242199939,280,11.265656
2549224583,244,11.265496
88831881181,284,11.265366
88836705781,284,11.265342
3637081051,248,11.265329
17975905183,266,11.265316
36571645001,274,11.265271
8840089387,258,11.265115
88895272537,284,11.265047
1789802713,240,11.264765
88960509067,284,11.264719
30664449649,272,11.264633
43748911049,276,11.264509
74534911211,282,11.264440
62422891847,280,11.264343
7414468769,256,11.264284
74573854001,282,11.264205
25702313873,270,11.264153
2140472101,242,11.264044
62479811039,280,11.263930
89120786371,284,11.263915
62498857601,280,11.263792
36690198617,274,11.263772
52333485397,278,11.263770
10588098247,260,11.263702
52357200127,278,11.263563
8868056957,258,11.263561
12651471071,262,11.263469
62608556639,280,11.262998
62616986213,280,11.262937
12667597931,262,11.262853
36763979321,274,11.262842
8882756867,258,11.262747
74818170809,282,11.262733
36775231037,274,11.262701
12672126809,262,11.262679
43948965899,276,11.262412
62717357303,280,11.262211
21610485551,268,11.262187
25813531753,270,11.262123
8894166089,258,11.262115
62735212511,280,11.262082
43986155579,276,11.262024
62744128121,280,11.262017
25821710791,270,11.261974
44006709017,276,11.261809
52567462921,278,11.261734
89565121747,284,11.261694
89581370077,284,11.261613
15171927107,264,11.261496
75032451383,282,11.261447
5228319823,252,11.261384
519653597,226,11.261333
89685332437,284,11.261095
52649896891,278,11.261020
44108916997,276,11.260743
25896694853,270,11.260612
21683966729,268,11.260580
75190949111,282,11.260498
75209238121,282,11.260389
5239684171,252,11.260292
75249814433,282,11.260146
7477110569,256,11.260116
18174545953,266,11.260076
25935728719,270,11.259905
63045970367,280,11.259844
75302575169,282,11.259831
25942661779,270,11.259780
21723663617,268,11.259715
10679838229,260,11.259494
10682659369,260,11.259365
63136262213,280,11.259196
63136309667,280,11.259195
18210528247,266,11.259132
2580929927,244,11.259070
44280316439,276,11.258962
18218180863,266,11.258932
31049627029,272,11.258813
90162823561,284,11.258724
15261672407,264,11.258663
75564324289,282,11.258271
8967118351,258,11.258101
31104648493,272,11.257988
1064002441,234,11.257955
53014422847,278,11.257873
90335122027,284,11.257873
26052517471,270,11.257796
75665650211,282,11.257669
90380946013,284,11.257646
90441122581,284,11.257349
18283322377,266,11.257232
75750426491,282,11.257166
63439169429,280,11.257030
44482067849,276,11.256874
26106249941,270,11.256829
75814810963,282,11.256784
6303079921,254,11.256718
75842336413,282,11.256621
53169848041,278,11.256538
21870380297,268,11.256532
26124664261,270,11.256498
26129331629,270,11.256414
90699925027,284,11.256074
37308589061,274,11.256039
44567041447,276,11.255998
44567774333,276,11.255990
44580750407,276,11.255857
18338027737,266,11.255809
44587163293,276,11.255791
63615749693,280,11.255772
90768741883,284,11.255735
76008730043,282,11.255636
44633572957,276,11.255313
18359032579,266,11.255263
44642461439,276,11.255221
63714528929,280,11.255070
9023201777,258,11.255039
76113823153,282,11.255015
26210583209,270,11.254957
76157210491,282,11.254760
44703112859,276,11.254599
63784325837,280,11.254574
63785873909,280,11.254563
76223232473,282,11.254371
63848740661,280,11.254118
91138709791,284,11.253922
91141982773,284,11.253905
37483819853,274,11.253872
91154803561,284,11.253842
76313229191,282,11.253840
26273372921,270,11.253835
37494174527,274,11.253745
37505740703,274,11.253602
15428002957,264,11.253461
44826975617,276,11.253329
76420587809,282,11.253209
91334000893,284,11.252967
76467590713,282,11.252934
31446730831,272,11.252893
76474308523,282,11.252893
64054196627,280,11.252665
5321392243,252,11.252511
44920161389,276,11.252377
26365494979,270,11.252193
91560774637,284,11.251862
22089370889,268,11.251823
26386884077,270,11.251813
64179187991,280,11.251783
53729691091,278,11.251766
37656861797,274,11.251743
53764449007,278,11.251472
3738061219,248,11.251333
53786442217,278,11.251286
91747733533,284,11.250952
76811777551,282,11.250916
91758096541,284,11.250901
76823443549,282,11.250849
64318789979,280,11.250801
9103960687,258,11.250667
26456561497,270,11.250577
64374868043,280,11.250406
64375929797,280,11.250400
53895707557,278,11.250361
26470078027,270,11.250338
45127160359,276,11.250267
64407620897,280,11.250176
76959541651,282,11.250054
37801797413,274,11.249969
9117716221,258,11.249926
13012261649,262,11.249870
64464492959,280,11.249778
15551565383,264,11.249636
92039012341,284,11.249539
18586228933,266,11.249409
45212004823,276,11.249406
92090734627,284,11.249289
26536151563,270,11.249168
64585849613,280,11.248928
45261603119,276,11.248903
26551193671,270,11.248903
22232726081,268,11.248768
77181434879,282,11.248762
64628040623,280,11.248632
22244254457,268,11.248524
77238010931,282,11.248433
64667807249,280,11.248355
5368524739,252,11.248082
26609929883,270,11.247868
77357197373,282,11.247742
10942888771,260,11.247643
54224515351,278,11.247593
5374185793,252,11.247553
64801172021,280,11.247424
15623883733,264,11.247412
64823990573,280,11.247265
10951396153,260,11.247264
77475162031,282,11.247058
92563620463,284,11.247007
54297316009,278,11.246983
9176259479,258,11.246787
22327439231,268,11.246761
38065479797,274,11.246759
45478216937,276,11.246715
26684387123,270,11.246558
77561915969,282,11.246556
26690462269,270,11.246451
38093765351,274,11.246416
9183672881,258,11.246391
45513549869,276,11.246359
18709563133,266,11.246264
10974246259,260,11.246250
64972248977,280,11.246233
18713661247,266,11.246160
18715355959,266,11.246116
45540883009,276,11.246084
38136694451,274,11.245896
77676957511,282,11.245892
77734756399,282,11.245558
26748212237,270,11.245440
65110940501,280,11.245270
77797453469,282,11.245196
65122375193,280,11.245191
38228334083,274,11.244789
45675332477,276,11.244733
77893758533,282,11.244641
38240717051,274,11.244639
26806585657,270,11.244418
15723882353,264,11.244355
77952724669,282,11.244303
65271414743,280,11.244158
4529409503,250,11.244113
26824456931,270,11.244106
22456067441,268,11.244051
45746450777,276,11.244020
38317808483,274,11.243710
9238482167,258,11.243475
26861691677,270,11.243457
78128718281,282,11.243291
38355793523,274,11.243253
15768978403,264,11.242984
78206254363,282,11.242846
1865861869,240,11.242804
54814615789,278,11.242670
45887307143,276,11.242613
4544356769,250,11.242447
65579874329,280,11.242029
18883444849,266,11.241866
45973320737,276,11.241755
38485731917,274,11.241693
9274984931,258,11.241543
78444450053,282,11.241484
78470286109,282,11.241336
78504413219,282,11.241141
55001018491,278,11.241126
32258608321,272,11.241039
27009510313,270,11.240888
55054495777,278,11.240685
78584982479,282,11.240682
32287063981,272,11.240630
78641824321,282,11.240357
65866489697,280,11.240062
94031514517,284,11.240004
94042879327,284,11.239950
38637371567,274,11.239880
32341880041,272,11.239841
27072579257,270,11.239797
78749217889,282,11.239746
46194966173,276,11.239553
78785120389,282,11.239542
78829962821,282,11.239287
22689516911,268,11.239174
94228314787,284,11.239074
94238017987,284,11.239028
66060180161,280,11.238737
66064127741,280,11.238709
94310593681,284,11.238686
22716467219,268,11.238614
46296921613,276,11.238544
79022214181,282,11.238196
79040941411,282,11.238091
22747334639,268,11.237974
79093328381,282,11.237793
22759929641,268,11.237714
38829565721,274,11.237592
46408826669,276,11.237439
19065520549,266,11.237309
55472190817,278,11.237250
38861499581,274,11.237213
27234040877,270,11.237015
66313929839,280,11.237007
66332597081,280,11.236880
94721020441,284,11.236754
66358736993,280,11.236703
46489469473,276,11.236645
27256363153,270,11.236631
7842801713,256,11.236516
94801182373,284,11.236379
19112561953,266,11.236139
79411934713,282,11.235993
79415027399,282,11.235976
79421329903,282,11.235940
27299028613,270,11.235900
27300374573,270,11.235877
79465919761,282,11.235689
46586681173,276,11.235689
94950465307,284,11.235679
11217065593,260,11.235614
46595857999,276,11.235600
16015816007,264,11.235552
22865259497,268,11.235538
32648172313,272,11.235466
55708843627,278,11.235317
79550157301,282,11.235215
46635189343,276,11.235213
66607456787,280,11.235016
19159159213,266,11.234983
46664436733,276,11.234927
27368898191,270,11.234705
46692400949,276,11.234653
95172149113,284,11.234642
79670767769,282,11.234537
95197384327,284,11.234525
66693358841,280,11.234435
16057825037,264,11.234300
79728151523,282,11.234215
95264739001,284,11.234210
39137555447,274,11.233952
3237087899,246,11.233933
32772529483,272,11.233702
46802300213,276,11.233578
79844710783,282,11.233561
79902215599,282,11.233238
79939562273,282,11.233029
95526089797,284,11.232993
66909824351,280,11.232975
546706733,226,11.232926
95542870897,284,11.232915
79980468851,282,11.232800
27486198433,270,11.232706
46933863269,276,11.232294
67059872801,280,11.231965
39311539601,274,11.231910
95819248177,284,11.231631
80197977311,282,11.231586
67119728693,280,11.231564
56174890141,278,11.231536
47014649963,276,11.231508
95849006023,284,11.231494
80219691241,282,11.231464
95884242781,284,11.231331
95885478943,284,11.231325
80258980519,282,11.231245
80264722513,282,11.231214
56230427329,278,11.231087
27587344567,270,11.230990
32964705271,272,11.230989
96048870241,284,11.230569
16185357941,264,11.230519
27615140297,270,11.230519
4656684959,250,11.230116
39470993453,274,11.230046
47168001649,276,11.230021
47183238097,276,11.229873
67372932743,280,11.229867
47198873947,276,11.229721
80576253983,282,11.229481
96286065151,284,11.229473
96300210217,284,11.229408
47252174447,276,11.229205
80647664213,282,11.229085
5577507443,252,11.228942
47279805113,276,11.228938
13594732961,262,11.228757
47314350133,276,11.228605
80736525059,282,11.228593
80739489613,282,11.228576
33139647811,272,11.228536
39633536903,274,11.228154
56607632581,278,11.228054
96595013917,284,11.228051
19446878713,266,11.227915
96638563213,284,11.227851
27776031779,270,11.227807
67687124249,280,11.227772
96661851421,284,11.227744
47418732919,276,11.227598
80923411069,282,11.227559
80927699023,282,11.227535
67744797503,280,11.227388
6686882383,254,11.227306
56701727149,278,11.227302
47452607207,276,11.227272
96785937541,284,11.227175
96788226277,284,11.227164
47465935987,276,11.227144
33241688593,272,11.227111
67793465501,280,11.227065
81042926999,282,11.226899
1923431171,240,11.226822
81070175183,282,11.226748
67851551717,280,11.226680
47519385047,276,11.226630
19500755077,266,11.226604
27849970349,270,11.226565
27851695147,270,11.226537
33286453903,272,11.226487
56845242679,278,11.226155
8010121187,256,11.226114
33314034073,272,11.226103
1611793907,238,11.226090
67944258539,280,11.226066
97044529051,284,11.225990
67961913869,280,11.225948
27891374663,270,11.225872
56881307011,278,11.225867
8014465079,256,11.225848
81256291609,282,11.225724
68003444291,280,11.225674
97119733567,284,11.225647
97123668517,284,11.225629
47633984953,276,11.225530
47634982607,276,11.225520
81311467511,282,11.225421
9586835647,258,11.225368
81356898059,282,11.225171
11463244609,260,11.225083
81441949903,282,11.224704
23405302961,268,11.224553
81477872141,282,11.224507
5627677271,252,11.224463
33443525173,272,11.224306
9610016041,258,11.224189
1617915839,238,11.224083
40017897797,274,11.223716
23449096277,268,11.223675
81635936513,282,11.223641
9621290579,258,11.223616
23453437127,268,11.223588
40042467293,274,11.223433
97615083523,284,11.223390
81747755389,282,11.223030
81762550703,282,11.222949
57257482591,278,11.222880
8062963877,256,11.222878
68438901101,280,11.222801
47923319579,276,11.222766
16457328997,264,11.222564
97804190797,284,11.222531
81859769051,282,11.222419
28099667087,270,11.222401
81936537953,282,11.222000
97937273323,284,11.221929
48022725277,276,11.221820
81976749623,282,11.221781
46006967,198,11.221755
57405118579,278,11.221714
28142293961,270,11.221694
16491058193,264,11.221587
82014897821,282,11.221573
40235737967,274,11.221220
82122318479,282,11.220988
48111504253,276,11.220978
82160553949,282,11.220780
1945959133,240,11.220710
28215342053,270,11.220485
98261167297,284,11.220465
8104013759,256,11.220381
48177843607,276,11.220349
57585900721,278,11.220290
68850726017,280,11.220103
19774552873,266,11.220001
48221693339,276,11.219934
28259169041,270,11.219761
57672627349,278,11.219608
33793607629,272,11.219484
28280576449,270,11.219408
82438751009,282,11.219272
16571658553,264,11.219262
82445422379,282,11.219235
8123159393,256,11.219220
69028473779,280,11.218945
82528801633,282,11.218784
82548309959,282,11.218678
98672104963,284,11.218615
23709036467,268,11.218495
40481095763,274,11.218428
33873232531,272,11.218396
82621850711,282,11.218282
48406649407,276,11.218188
48443441303,276,11.217842
802584283,230,11.217681
69229698761,280,11.217636
19874385793,266,11.217619
69244592387,280,11.217540
69253540919,280,11.217482
28398696763,270,11.217465
69270058259,280,11.217374
33949808041,272,11.217351
40584724067,274,11.217253
16655165911,264,11.216866
16656408173,264,11.216830
58047583849,278,11.216675
48568734527,276,11.216664
48578329637,276,11.216575
82939879963,282,11.216567
69401709353,280,11.216521
58076913919,278,11.216446
40663389857,274,11.216364
11681134327,260,11.215965
16694885491,264,11.215731
58183432597,278,11.215617
69553979141,280,11.215536
28522522807,270,11.215438
48718261499,276,11.215263
99441545023,284,11.215174
28544486203,270,11.215079
83244240169,282,11.214933
69662031893,280,11.214839
40804465487,274,11.214774
48783474937,276,11.214654
28571220481,270,11.214643
58319094277,278,11.214563
99585406147,284,11.214534
83383800469,282,11.214187
83398784213,282,11.214107
58383200947,278,11.214067
40897430303,274,11.213730
16768371383,264,11.213638
8216088329,256,11.213630
40911799847,274,11.213569
28643258429,270,11.213470
23970747989,268,11.213342
69895285079,280,11.213338
23972845499,268,11.213301
58489075591,278,11.213246
83562494669,282,11.213232
4028786137,248,11.213230
48959520667,276,11.213013
48964458223,276,11.212967
40987688597,274,11.212718
24004481051,268,11.212683
49007195129,276,11.212569
24012810119,268,11.212520
70032577031,280,11.212457
83742037523,282,11.212275
70065888719,280,11.212243
5767516243,252,11.212205
5770942679,252,11.211909
41066953211,274,11.211831
16833275353,264,11.211799
4830280517,250,11.211682
34374446023,272,11.211604
83876766503,282,11.211558
83888828663,282,11.211494
83898212479,282,11.211444
16855279673,264,11.211177
83997308893,282,11.210918
84001179793,282,11.210897
41158347443,274,11.210812
5784889961,252,11.210705
84059958863,282,11.210586
49223962237,276,11.210559
70346430107,280,11.210449
84118094129,282,11.210278
84153748291,282,11.210089
28853386511,270,11.210068
58907551039,278,11.210023
84172344463,282,11.209991
41238659513,274,11.209917
49313832773,276,11.209728
4056947137,248,11.209700
14145729161,262,11.209669
28881180463,270,11.209620
84254220989,282,11.209558
70526628761,280,11.209301
3396962417,246,11.209257
28905992579,270,11.209220
28917584671,270,11.209033
84372755101,282,11.208931
9921742219,258,11.208622
14183365223,262,11.208395
16954931057,264,11.208371
9927922489,258,11.208319
84514399091,282,11.208183
84542259961,282,11.208036
49497577807,276,11.208035
84545281231,282,11.208021
84621927253,282,11.207617
70798109537,280,11.207577
70849820813,280,11.207250
9950377309,258,11.207219
84714686633,282,11.207129
49597816039,276,11.207115
34724330959,272,11.206925
20333096233,266,11.206835
29072790337,270,11.206543
49671569569,276,11.206439
24327925481,268,11.206407
34773917929,272,11.206266
24338347949,268,11.206206
24339596921,268,11.206182
29099990597,270,11.206108
41599145723,274,11.205927
9979446431,258,11.205799
29140654093,270,11.205459
85041079001,282,11.205417
71168778929,280,11.205235
41666882123,274,11.205182
85141201459,282,11.204893
71228132147,280,11.204862
71231746577,280,11.204839
24414926357,268,11.204735
71267870669,280,11.204611
24421611437,268,11.204606
85204060961,282,11.204564
49883187169,276,11.204505
85226021161,282,11.204450
85247635691,282,11.204336
71338084967,280,11.204169
85296475703,282,11.204082
41773339463,274,11.204013
49949354207,276,11.203901
85366089443,282,11.203718
85429952039,282,11.203385
85461632441,282,11.203220
17145657433,264,11.203051
85510291943,282,11.202968
85513171643,282,11.202952
10038563207,258,11.202925
14348500931,262,11.202847
24517653431,268,11.202768
8401972259,256,11.202652
85573441493,282,11.202639
41900650787,274,11.202619
59907366397,278,11.202420
17171684503,264,11.202330
20531338837,266,11.202255
85690576483,282,11.202030
85719258089,282,11.201881
24566247179,268,11.201840
35113286941,272,11.201784
85742771743,282,11.201759
29373833821,270,11.201753
85801560443,282,11.201454
85809724619,282,11.201411
85839402113,282,11.201258
29415353021,270,11.201097
85894987769,282,11.200970
85916007269,282,11.200861
60125315581,278,11.200782
17233866313,264,11.200611
50314453877,276,11.200590
17251491071,264,11.200126
60231443089,278,11.199986
72012356183,280,11.199954
10100768137,258,11.199921
86111137421,282,11.199852
60249975901,278,11.199847
86133909383,282,11.199734
1185442273,234,11.199718
12093940087,260,11.199187
86356114283,282,11.198588
50543305807,276,11.198528
42276846407,274,11.198526
581755523,226,11.198341
29593218269,270,11.198296
72308226167,280,11.198117
20715859597,266,11.198036
60492519601,278,11.198034
86471559439,282,11.197994
72333378809,280,11.197961
86482944923,282,11.197936
50609865133,276,11.197930
50626147417,276,11.197783
29632113593,270,11.197686
72398718083,280,11.197556
42371313581,274,11.197505
29646766511,270,11.197456
60572887087,278,11.197435
72424793297,280,11.197395
12143546329,260,11.197213
60613685257,278,11.197132
86676704069,282,11.196940
8500910477,256,11.196916
17368887047,264,11.196904
50724771193,276,11.196899
72516600131,280,11.196829
50736916183,276,11.196791
86732130539,282,11.196656
72546209123,280,11.196646
60679690369,278,11.196641
29703127313,270,11.196574
86785986869,282,11.196381
72595404449,280,11.196342
72601895957,280,11.196302
3484558993,246,11.196268
86815478131,282,11.196230
20797333699,266,11.196186
50804729609,276,11.196184
24872089157,268,11.196051
50846121803,276,11.195814
29758333289,270,11.195712
50877844229,276,11.195531
86954892749,282,11.195517
87036132809,282,11.195101
50941650157,276,11.194963
29808043313,270,11.194938
29826514937,270,11.194650
50990882147,276,11.194524
3497073409,246,11.194442
72904250999,280,11.194442
72924950627,280,11.194315
5002002659,250,11.194144
87258863203,282,11.193965
586445669,226,11.193888
73006420787,280,11.193815
87296441483,282,11.193774
35744744779,272,11.193568
29900915329,270,11.193494
20917175869,266,11.193479
87369425861,282,11.193403
25016889017,268,11.193336
20924043559,266,11.193324
87394164731,282,11.193277
51165144067,276,11.192975
87473154599,282,11.192876
29943232003,270,11.192838
87489629809,282,11.192792
12257124697,260,11.192725
73188312359,280,11.192701
87526415059,282,11.192605
29972074771,270,11.192391
73252261169,280,11.192311
20970531217,266,11.192279
12269350603,260,11.192245
12270737539,260,11.192191
61293615007,278,11.192103
20978394823,266,11.192102
6007215943,252,11.191928
73321374551,280,11.191889
73339049519,280,11.191781
61359564967,278,11.191619
87724609073,282,11.191601
5029053899,250,11.191442
12294407677,260,11.191262
87805149811,282,11.191193
7194049657,254,11.191143
51385468027,276,11.191025
30063097601,270,11.190984
25155190661,268,11.190760
73544401127,280,11.190531
10298215349,258,11.190516
30097985779,270,11.190446
87959193713,282,11.190414
51455634959,276,11.190406
21057623407,266,11.190328
21057928609,266,11.190321
30112189669,270,11.190228
73623515171,280,11.190050
17624578817,264,11.189968
51517340837,276,11.189861
61606921627,278,11.189807
88093153943,282,11.189739
88093374199,282,11.189737
51544658689,276,11.189621
73696774559,280,11.189605
12338831503,260,11.189526
51564253823,276,11.189448
51575343059,276,11.189351
43134398837,274,11.189342
51593284387,276,11.189194
21116728447,266,11.189008
30194441311,270,11.188963
88300630871,282,11.188694
7230199117,254,11.188672
73865487329,280,11.188582
88366858049,282,11.188361
88409865989,282,11.188146
25304473739,268,11.187995
88453718863,282,11.187925
88468330373,282,11.187852
73989934703,280,11.187830
30272254619,270,11.187769
88520806433,282,11.187589
4238856679,248,11.187519
21188898499,266,11.187403
17722156987,264,11.187350
30299979439,270,11.187345
43337207393,274,11.187200
36246072949,272,11.187156
51840266899,276,11.187028
43355689913,274,11.187005
43362643607,274,11.186932
88667586431,282,11.186853
21224829079,266,11.186605
74217822407,280,11.186456
3553380319,246,11.186311
51925972117,276,11.186278
88784945771,282,11.186267
74250787283,280,11.186257
14856906269,262,11.186193
30377328379,270,11.186163
14858601869,262,11.186138
25408183247,268,11.186085
7269195247,254,11.186022
25415649899,268,11.185948
62140750927,278,11.185922
74343647687,280,11.185699
17790768943,264,11.185518
43498766873,274,11.185500
52018012507,276,11.185475
43501324241,274,11.185473
8705564639,256,11.185278
17802998777,264,11.185193
52069127767,276,11.185030
89066417263,282,11.184862
74485300553,280,11.184848
89071652389,282,11.184836
89074933681,282,11.184820
52105771327,276,11.184711
10422290797,258,11.184707
89099768729,282,11.184696
36443143123,272,11.184662
89125053161,282,11.184570
89130509899,282,11.184544
30484634897,270,11.184529
6097707911,252,11.184502
30489890237,270,11.184449
52167159323,276,11.184178
52169835209,276,11.184155
89243486249,282,11.183981
52194340637,276,11.183942
89252631641,282,11.183936
62420977987,278,11.183897
43653573401,274,11.183879
30528795373,270,11.183859
2986118237,244,11.183816
30538343249,270,11.183714
17860837403,264,11.183656
52231378127,276,11.183620
43683038447,274,11.183571
89337090169,282,11.183517
36541915453,272,11.183417
89380196821,282,11.183303
17880609337,264,11.183132
89420165591,282,11.183105
74781014543,280,11.183078
74800104551,280,11.182963
17895631583,264,11.182734
52337394103,276,11.182701
74847250337,280,11.182682
89510383099,282,11.182657
10472487911,258,11.182377
52376322847,276,11.182364
21420371443,266,11.182293
89596947731,282,11.182228
62654115079,278,11.182220
4285430239,248,11.182007
17925468101,264,11.181945
89697842771,282,11.181729
30670182391,270,11.181719
43867031093,274,11.181652
12542390671,260,11.181651
3586292789,246,11.181623
30677018909,270,11.181615
62754569959,278,11.181499
10491742451,258,11.181487
75060037853,280,11.181415
89764421933,282,11.181400
8775697157,256,11.181357
43905561737,274,11.181252
75134982431,280,11.180969
15022781351,262,11.180893
89871885841,282,11.180870
21488201269,266,11.180807
89930941003,282,11.180579
25712192321,268,11.180534
52602673463,276,11.180411
75269881301,280,11.180168
3597173467,246,11.180083
90084871099,282,11.179821
52696672277,276,11.179603
90137904403,282,11.179560
63032055907,278,11.179516
90153734959,282,11.179482
12601972501,260,11.179373
36866590771,272,11.179351
75453927827,280,11.179078
18034591103,264,11.179071
90247371583,282,11.179022
90251932999,282,11.179000
90283907449,282,11.178843
18043795673,264,11.178830
12617721889,260,11.178772
75540411893,280,11.178567
36939404539,272,11.178445
12626307511,260,11.178445
75564514079,280,11.178425
90380282471,282,11.178370
8834803799,256,11.178081
90453353191,282,11.178012
52887133969,276,11.177969
10569803401,258,11.177896
3612877643,246,11.177870
36993117481,272,11.177777
90505483349,282,11.177756
75693611003,280,11.177663
18092341187,264,11.177558
44265629237,274,11.177526
18094999157,264,11.177488
90597583291,282,11.177306
44289210221,274,11.177283
75764752883,280,11.177243
90622990291,282,11.177181
53031616457,276,11.176734
37083580879,272,11.176655
75869620199,280,11.176626
53048446499,276,11.176591
63452110201,278,11.176530
53080477963,276,11.176317
53096703409,276,11.176179
90856692001,282,11.176041
44418798491,274,11.175951
18154074637,264,11.175946
10615326641,258,11.175815
18163742243,264,11.175694
76032097571,280,11.175673
53159561659,276,11.175644
31086412051,270,11.175480
44465754521,274,11.175469
12705091291,260,11.175457
26005515119,268,11.175246
53215392787,276,11.175169
76122362879,280,11.175143
12713958721,260,11.175121
44505575033,274,11.175061
91106206769,282,11.174827
63698892547,278,11.174787
91164006991,282,11.174545
6222168049,252,11.174480
26054435879,268,11.174371
91227000833,282,11.174239
76299220793,280,11.174108
31183394483,270,11.174039
18228014507,264,11.174024
91274522879,282,11.174009
15241988033,262,11.173985
91334406001,282,11.173718
37322100001,272,11.173712
91356548111,282,11.173612
91410328969,282,11.173350
53433233837,276,11.173321
91492243261,282,11.172955
21856388077,266,11.172828
91551436241,282,11.172668
76547615993,280,11.172659
91582144421,282,11.172520
3651227807,246,11.172510
37425510349,272,11.172441
53538044009,276,11.172434
76596125657,280,11.172377
31296199427,270,11.172370
18291972373,264,11.172367
64055395597,278,11.172280
91643352091,282,11.172224
31312119557,270,11.172134
21892057459,266,11.172063
91678408531,282,11.172054
91693873451,282,11.171980
12806058781,260,11.171656
21920842663,266,11.171447
91829617489,282,11.171325
53692106879,276,11.171135
53693758973,276,11.171121
18343836457,264,11.171029
91955882549,282,11.170717
31412053139,270,11.170662
76893156239,280,11.170651
31418958601,270,11.170560
18362447321,264,11.170549
3665524873,246,11.170527
76970202341,280,11.170205
53809991233,276,11.170143
10741501367,258,11.170097
92240038871,282,11.169352
18411075901,264,11.169299
15398088119,262,11.169131
22039284277,266,11.168919
64541149177,278,11.168889
26378345759,268,11.168617
92405923501,282,11.168557
92410058861,282,11.168537
92432127871,282,11.168431
10778889437,258,11.168418
64609940341,278,11.168411
54026782223,276,11.168326
77297461877,280,11.168315
45170225117,274,11.168309
10781757599,258,11.168289
64636774429,278,11.168224
54040243079,276,11.168214
92477765839,282,11.168213
45185214071,274,11.168159
10789255039,258,11.167953
18465989447,264,11.167892
54109021507,276,11.167639
64762106257,278,11.167356
77475785951,280,11.167288
92681114321,282,11.167242
45298468367,274,11.167019
54183890507,276,11.167014
22129846429,266,11.166996
77563296029,280,11.166785
5283390443,250,11.166780
37890818113,272,11.166774
77569113257,280,11.166752
77573144801,280,11.166729
15477435353,262,11.166684
92802346579,282,11.166664
92850889709,282,11.166432
64896612637,278,11.166425
92855555791,282,11.166410
77654831627,280,11.166260
31714285151,270,11.166238
92892998533,282,11.166232
64948721389,278,11.166065
37955107093,272,11.165997
12958290733,260,11.165986
45428103857,274,11.165719
18553624541,264,11.165656
77769687251,280,11.165602
93038965751,282,11.165538
65033022961,278,11.165483
77801785169,280,11.165419
54383451173,276,11.165353
65066407171,278,11.165253
77867346107,280,11.165044
38036912443,272,11.165010
65108810071,278,11.164961
93163251773,282,11.164948
22230685129,266,11.164865
93182533933,282,11.164856
93227428529,282,11.164643
65161900339,278,11.164596
22250200429,266,11.164454
31844894933,270,11.164340
93331176973,282,11.164152
38124213493,272,11.163960
26645274179,268,11.163933
31876178291,270,11.163887
54565701413,276,11.163842
31880977613,270,11.163817
93436707313,282,11.163652
93437173789,282,11.163651
93464544053,282,11.163521
93497197349,282,11.163366
78167000201,280,11.163334
93546085459,282,11.163136
22315637719,266,11.163078
78227840681,280,11.162988
93577286423,282,11.162988
54673450519,276,11.162951
93665020321,282,11.162574
31983495631,270,11.162335
93724860101,282,11.162292
6377794531,252,11.162252
54773343949,276,11.162127
93818762581,282,11.161849
45824372411,274,11.161768
18711410027,264,11.161658
22387427833,266,11.161573
93879787093,282,11.161562
65605473877,278,11.161554
93889495013,282,11.161516
18717841843,264,11.161496
26786830739,268,11.161469
93905561441,282,11.161441
54884350109,276,11.161214
32064950023,270,11.161162
94019044993,282,11.160907
78603822839,280,11.160854
65725208839,278,11.160737
54976096709,276,11.160460
65767360291,278,11.160450
15682642673,262,11.160419
78696238937,280,11.160331
94167906949,282,11.160209
32133587177,270,11.160175
22462404127,266,11.160007
94219946489,282,11.159965
94240995679,282,11.159865
10976699231,258,11.159633
18792673213,264,11.159614
32176752389,270,11.159556
18796869983,264,11.159509
78857429657,280,11.159421
26909018501,268,11.159354
46090725257,274,11.159134
46097925437,274,11.159062
18816765823,264,11.159009
15732110351,262,11.158922
79008759293,280,11.158568
13161340237,260,11.158535
55224274009,276,11.158427
4491140299,248,11.158419
15754609721,262,11.158243
94589878949,282,11.158234
46182765533,274,11.158227
32270844517,270,11.158210
66097998787,278,11.158204
32284206503,270,11.158019
15763553021,262,11.157973
26992542371,268,11.157914
18861902581,264,11.157880
26999027117,268,11.157803
94682618999,282,11.157802
38643319219,272,11.157766
22571045869,266,11.157749
66187859359,278,11.157596
55328786647,276,11.157575
32315331859,270,11.157575
32328530501,270,11.157386
32328961813,270,11.157380
32340579241,270,11.157214
6443277013,252,11.157205
32343982117,270,11.157166
79264446941,280,11.157132
55426442999,276,11.156779
55463825309,276,11.156475
55465234213,276,11.156464
79385412413,280,11.156454
55470300517,276,11.156423
95004923129,282,11.156301
32410977373,270,11.156212
79432571291,280,11.156190
9241822607,256,11.156140
66409403101,278,11.156099
18936915253,264,11.156008
95073026173,282,11.155985
55525644599,276,11.155972
95109717671,282,11.155815
13237547623,260,11.155771
11065184161,258,11.155759
95125384663,282,11.155742
32445397967,270,11.155723
95159724691,282,11.155582
66493030711,278,11.155536
13245023647,260,11.155500
11079097151,258,11.155152
6471237229,252,11.155066
95292727913,282,11.154966
32505753437,270,11.154866
32508565477,270,11.154826
11089886771,258,11.154683
32525897627,270,11.154581
32532811093,270,11.154483
95412238993,282,11.154413
95450724583,282,11.154236
66693873439,278,11.154186
32553868549,270,11.154184
79797947309,280,11.154150
2645430751,242,11.154078
46616412971,274,11.153982
95524941719,282,11.153893
32579904953,270,11.153816
66777524257,278,11.153625
66787721101,278,11.153557
95610958589,282,11.153496
55839966503,276,11.153428
79929796409,280,11.153417
95696929483,282,11.153099
2650624843,242,11.153070
79992166217,280,11.153070
79997389139,280,11.153041
39045422461,272,11.153030
27279470177,268,11.153004
66885677569,278,11.152901
80048716457,280,11.152757
1548928009,236,11.152682
95806535833,282,11.152595
32677955081,270,11.152431
6509029223,252,11.152191
55996747633,276,11.152164
80160682829,280,11.152136
95936685851,282,11.151996
5442545261,250,11.151996
46830799937,274,11.151898
27346648319,268,11.151863
46841521757,274,11.151794
80223462653,280,11.151788
27351217961,268,11.151785
32725553573,270,11.151761
96024395699,282,11.151592
96085451921,282,11.151312
80351896979,280,11.151077
11174213227,258,11.151031
39219868339,272,11.150991
67181406601,278,11.150928
56161905577,276,11.150837
32792277533,270,11.150824
80408690567,280,11.150764
13377143251,260,11.150752
32799233263,270,11.150725
96225524581,282,11.150670
96228740471,282,11.150655
19158022267,264,11.150538
80462582267,280,11.150466
96295685939,282,11.150349
80491489973,280,11.150307
39292274071,272,11.150148
96358949933,282,11.150059
56274713669,276,11.149934
80563655567,280,11.149909
47037121133,274,11.149904
96406172329,282,11.149843
80585741969,280,11.149787
47058242321,274,11.149700
27477425627,268,11.149650
96449256793,282,11.149646
67375388791,278,11.149637
6543022403,252,11.149621
96476131799,282,11.149523
32889467519,270,11.149461
96492666913,282,11.149447
96495720389,282,11.149434
80665043441,280,11.149350
96526554463,282,11.149293
80676010889,280,11.149290
32912610271,270,11.149137
96610871363,282,11.148908
39400634569,272,11.148890
32932064147,270,11.148865
80766685949,280,11.148791
9384734123,256,11.148685
96661056671,282,11.148679
80803517969,280,11.148589
56444146813,276,11.148580
80826973811,280,11.148460
96725078243,282,11.148387
80851066883,280,11.148328
80857795769,280,11.148291
96748761253,282,11.148279
80865274307,280,11.148250
96767600773,282,11.148193
80893886261,280,11.148092
32989940237,270,11.148056
96802713929,282,11.148034
67624097227,278,11.147990
80918747561,280,11.147956
96825146519,282,11.147931
33003404293,270,11.147868
33007404041,270,11.147813
96866988263,282,11.147741
96873091879,282,11.147714
80975848379,280,11.147643
56578030627,276,11.147512
56580522499,276,11.147492
16124993921,262,11.147211
6575292223,252,11.147195
81067939679,280,11.147139
67755679861,278,11.147121
56630344957,276,11.147097
47342174567,274,11.146972
97088423669,282,11.146735
81146693081,280,11.146708
81154244189,280,11.146667
81180945701,280,11.146521
97157902169,282,11.146420
97222203223,282,11.146129
6591592541,252,11.145974
67934370277,278,11.145945
6593154011,252,11.145857
33148161661,270,11.145855
56805266263,276,11.145708
81336303527,280,11.145672
81340533707,280,11.145649
19358092697,264,11.145647
97330622161,282,11.145638
27723209291,268,11.145520
97365916519,282,11.145477
56839778857,276,11.145434
33195755419,270,11.145194
68048536657,278,11.145194
39726308911,272,11.145129
11313776101,258,11.145052
56891005487,276,11.145029
23200071757,266,11.144899
56909450219,276,11.144883
97517002351,282,11.144794
6607788323,252,11.144764
39784756813,272,11.144458
81570535061,280,11.144397
81585042659,280,11.144318
81605224691,280,11.144208
23236486597,266,11.144167
97690982071,282,11.144010
81649274489,280,11.143969
81663745871,280,11.143890
33294723817,270,11.143825
81676690157,280,11.143820
97761360371,282,11.143692
57078998453,276,11.143545
4628176051,248,11.143349
27857482139,268,11.143281
9490605563,256,11.143241
81783704207,280,11.143239
33340258073,270,11.143196
57128539889,276,11.143154
81828844079,280,11.142994
11362290551,258,11.142992
33375350431,270,11.142713
97987240079,282,11.142676
81970018127,280,11.142230
33411702239,270,11.142212
98138932399,282,11.141995
98142092623,282,11.141981
47871741473,274,11.141930
82028573507,280,11.141913
68554581391,278,11.141885
98164920211,282,11.141879
98194334629,282,11.141747
82062358247,280,11.141731
13633489033,260,11.141682
57321696329,276,11.141636
82111306559,280,11.141466
68635959391,278,11.141355
11403407957,258,11.141253
33483208411,270,11.141230
68656688479,278,11.141220
6657420443,252,11.141077
98365007303,282,11.140983
98403866251,282,11.140808
6661111141,252,11.140804
57432005089,276,11.140772
98428627511,282,11.140697
82260590297,280,11.140661
48024275543,274,11.140489
82304169191,280,11.140427
33543330089,270,11.140405
48040505333,274,11.140335
40147607623,272,11.140314
57504511357,276,11.140204
48058138937,274,11.140169
98559926753,282,11.140111
82367421407,280,11.140086
48074704451,274,11.140013
19592050603,264,11.139997
82390027919,280,11.139964
57545138753,276,11.139887
19596695003,264,11.139886
11436505477,258,11.139860
98620431461,282,11.139841
11437315387,258,11.139826
68883145267,278,11.139750
98648866291,282,11.139714
40221797611,272,11.139472
28104767297,268,11.139188
57637525633,276,11.139166
57643453027,276,11.139119
98795991053,282,11.139058
6686351129,252,11.138942
33654891301,270,11.138879
98850975859,282,11.138814
11463143869,258,11.138741
98870420401,282,11.138727
57694269859,276,11.138723
28144791491,268,11.138529
69076411777,278,11.138499
98933173211,282,11.138448
57730342513,276,11.138442
98946891053,282,11.138387
48252945491,274,11.138337
57750147023,276,11.138288
82728490937,280,11.138147
82745755403,280,11.138055
69145801201,278,11.138051
82747552883,280,11.138045
99034111621,282,11.138000
82784576471,280,11.137848
57817441967,276,11.137765
23557894489,266,11.137756
9600179129,256,11.137675
82855171979,280,11.137470
99162491251,282,11.137429
82970321429,280,11.136854
82972931831,280,11.136841
83002119269,280,11.136684
16492024193,262,11.136547
33833877397,270,11.136441
40499212969,272,11.136337
83072624951,280,11.136309
3923005193,246,11.136198
99443798423,282,11.136184
33853331521,270,11.136177
33854058737,270,11.136168
58027593667,276,11.136134
69450285937,278,11.136090
69458105707,278,11.136041
33869698151,270,11.135956
99500476261,282,11.135933
11534621827,258,11.135753
69503607259,278,11.135749
28314503831,268,11.135746
48539933081,274,11.135653
99606299033,282,11.135466
58115848849,276,11.135451
40581198403,272,11.135415
69573045601,278,11.135303
58151684453,276,11.135174
58164537713,276,11.135075
99716591159,282,11.134979
83345315111,280,11.134857
83352556631,280,11.134819
69652754737,278,11.134792
19810622471,264,11.134785
33966372169,270,11.134646
19817058817,264,11.134632
9660916739,256,11.134621
6746324483,252,11.134547
5639213717,250,11.134364
58258826683,276,11.134347
6751565563,252,11.134165
34004521757,270,11.134131
6753069131,252,11.134055
83504332211,280,11.134013
11579082601,258,11.133904
34022336773,270,11.133891
58329486317,276,11.133803
48742860113,274,11.133765
34033680649,270,11.133738
13870461763,260,11.133460
58377784123,276,11.133431
83621102693,280,11.133395
83630183573,280,11.133347
16605118919,262,11.133313
58403275883,276,11.133235
58408431229,276,11.133196
83674368287,280,11.133113
83678999153,280,11.133088
40791565621,272,11.133059
83687761439,280,11.133042
4725224659,248,11.132968
34107161791,270,11.132748
8103812011,254,11.132733
9703577123,256,11.132487
1345271507,234,11.132328
58531143589,276,11.132253
83869541963,280,11.132082
83885180333,280,11.131999
48933581981,274,11.131998
48955818083,274,11.131793
70145775121,278,11.131647
40931301409,272,11.131500
16669401599,262,11.131486
84012107609,280,11.131330
70226193451,278,11.131137
19972524337,264,11.130963
49058540543,274,11.130845
2313141067,240,11.130759
84121848749,280,11.130753
84150531671,280,11.130602
84163758821,280,11.130532
84187407809,280,11.130407
58791890803,276,11.130258
8150253571,254,11.129946
58844548229,276,11.129856
34324914209,270,11.129827
84309808019,280,11.129765
16736701181,262,11.129580
58880847149,276,11.129579
84354753137,280,11.129529
41121400399,272,11.129390
84394578503,280,11.129320
34364603423,270,11.129297
20047947371,264,11.129195
84435610373,280,11.129106
84443814089,280,11.129063
58965445537,276,11.128935
84498071027,280,11.128778
70610152729,278,11.128707
70624124479,278,11.128619
14013194047,260,11.128581
59017126319,276,11.128542
14020872001,260,11.128321
84592878599,280,11.128283
28776302609,268,11.128265
84598540751,280,11.128253
70712287927,278,11.128063
11723998277,258,11.127931
24061460719,266,11.127902
8186964187,254,11.127754
20113204567,264,11.127670
14040151339,260,11.127666
11731432829,258,11.127626
41312048311,272,11.127284
59194329163,276,11.127196
84826340429,280,11.127064
34542954581,270,11.126923
34545342011,270,11.126891
6852289009,252,11.126884
70901986201,278,11.126870
84867258989,280,11.126850
84878087039,280,11.126794
49502649893,274,11.126772
70953803587,278,11.126545
49534641791,274,11.126480
28889664191,268,11.126450
20180336711,264,11.126108
34610904217,270,11.126021
20186739593,264,11.125959
85046017337,280,11.125920
59380308469,276,11.125790
6869747303,252,11.125635
59402222377,276,11.125624
71101685131,278,11.125618
85107007649,280,11.125603
59412297277,276,11.125547
24190006657,266,11.125422
14108673493,260,11.125348
71189913871,278,11.125066
34684857517,270,11.125043
85229690999,280,11.124967
59489816339,276,11.124963
85256570351,280,11.124826
34718429887,270,11.124599
24234833173,266,11.124560
85313796611,280,11.124530
85319621021,280,11.124500
71280917311,278,11.124496
71282640547,278,11.124486
24240811219,266,11.124446
14136641503,260,11.124405
59569399717,276,11.124364
85358954981,280,11.124296
34753005839,270,11.124144
24258438907,266,11.124107
71388936811,278,11.123823
34796722619,270,11.123568
2345723749,240,11.123543
2345846681,240,11.123516
71484358009,278,11.123228
8264751757,254,11.123146
59738676589,276,11.123092
59765968337,276,11.122887
59788831769,276,11.122715
49965177947,274,11.122571
85737957419,280,11.122338
24351923599,266,11.122318
41766836983,272,11.122302
59868649927,276,11.122117
50025069947,274,11.122030
29178625199,268,11.121854
24380979793,266,11.121764
59919463757,276,11.121737
24386651299,266,11.121655
59939902439,276,11.121584
85897730579,280,11.121516
34954150351,270,11.121499
59961134239,276,11.121426
9930095363,256,11.121327
59980942327,276,11.121278
41867465203,272,11.121208
20401611631,264,11.120996
17044320431,262,11.120976
71874640471,278,11.120806
86045521223,280,11.120757
24446855107,266,11.120509
24448724353,266,11.120474
71936577547,278,11.120422
4050573763,246,11.120090
390932609,220,11.120071
24475017769,266,11.119974
17081708951,262,11.119942
60163313047,276,11.119917
29307682769,268,11.119817
72048718717,278,11.119729
42006793999,272,11.119698
20460625733,264,11.119643
14281944847,260,11.119540
60229156943,276,11.119428
11934973621,258,11.119377
42039682513,272,11.119342
72116618437,278,11.119310
86354280917,280,11.119175
60267966613,276,11.119139
11942427229,258,11.119078
20488358237,264,11.119009
4859257159,248,11.119006
60300609829,276,11.118896
72187355827,278,11.118875
60316840877,276,11.118775
60323876209,276,11.118723
20502889273,264,11.118677
86491121027,280,11.118476
60380718313,276,11.118301
35207858573,270,11.118187
86564803211,280,11.118100
20529353597,264,11.118073
86570438033,280,11.118072
86572635179,280,11.118060
60421144753,276,11.118002
60424367533,276,11.117978
11970999889,258,11.117932
3399082067,244,11.117808
29438246837,268,11.117766
327966319,218,11.117673
86682662909,280,11.117499
86682814679,280,11.117498
965524411,230,11.117458
14345143783,260,11.117441
86697107129,280,11.117426
60505139897,276,11.117379
42223595593,272,11.117358
72471526417,278,11.117127
86781021941,280,11.116999
14358858511,260,11.116986
60565781957,276,11.116931
86803669151,280,11.116883
50625866561,274,11.116643
50632843553,274,11.116581
29514670919,268,11.116571
50673065441,274,11.116222
14387463901,260,11.116040
4888481761,248,11.116018
60700915349,276,11.115933
60717266033,276,11.115812
1989656429,238,11.115664
60739369079,276,11.115649
24706639957,266,11.115598
87080687873,280,11.115478
87115419791,280,11.115301
20653912373,264,11.115242
35436346381,270,11.115226
24730844857,266,11.115143
87147791909,280,11.115138
72802570387,278,11.115102
29612764061,268,11.115042
60840059099,276,11.114908
87206882351,280,11.114839
8414514331,254,11.114406
72931980127,278,11.114312
35510173667,270,11.114274
60929114429,276,11.114253
4098114767,246,11.114227
35521904291,270,11.114122
42527426839,272,11.114100
60956546153,276,11.114052
2390311379,240,11.113844
10087018229,256,11.113757
87463301339,280,11.113544
7042925399,252,11.113420
10097137877,256,11.113273
42619275703,272,11.113121
14476719193,260,11.113102
87560688587,280,11.113052
61144705663,276,11.112673
7054147741,252,11.112639
87663050303,280,11.112537
73252483471,278,11.112365
35662674199,270,11.112313
61218577687,276,11.112133
35682193279,270,11.112063
4927585111,248,11.112050
8459751283,254,11.111798
12125939857,258,11.111775
73377873241,278,11.111605
87856833269,280,11.111564
14528535283,260,11.111405
42783674119,272,11.111373
14531239123,260,11.111317
61371183143,276,11.111019
87974254883,280,11.110974
35779286489,270,11.110821
88017959369,280,11.110755
88070658539,280,11.110492
88073523071,280,11.110477
61451627239,276,11.110433
61473072203,276,11.110277
61482264989,276,11.110210
88135058699,280,11.110169
88161891401,280,11.110035
35840909323,270,11.110034
1403459677,234,11.109947
61522872259,276,11.109915
61537102223,276,11.109812
61542037379,276,11.109776
88229599499,280,11.109696
88234295621,280,11.109674
51418740467,274,11.109638
20904278567,264,11.109606
42951554089,272,11.109596
51471480497,274,11.109177
61661989057,276,11.108905
12200251369,258,11.108851
61698902753,276,11.108637
88450158431,280,11.108596
73889451469,278,11.108521
35985989527,270,11.108188
20974641683,264,11.108035
61806670169,276,11.107857
7123995101,252,11.107813
20992010447,264,11.107648
74046419047,278,11.107578
88659122633,280,11.107556
25143445027,266,11.107463
88700522441,280,11.107350
74090655811,278,11.107313
14655624031,260,11.107271
21020708963,264,11.107010
36081654211,270,11.106975
74151639577,278,11.106948
61953305707,276,11.106798
74188871767,278,11.106726
88827015671,280,11.106723
43241622601,272,11.106543
12261928927,258,11.106441
36135299923,270,11.106296
3477304043,244,11.106295
21057340583,264,11.106196
2426679301,240,11.106077
88963661873,280,11.106046
88968526613,280,11.106022
21070894217,264,11.105895
12281589997,258,11.105675
62111562587,276,11.105658
62114382763,276,11.105638
62132827063,276,11.105505
36205361971,270,11.105411
43351743649,272,11.105390
74445185797,278,11.105195
43373911813,272,11.105158
89183033741,280,11.104960
89201901941,280,11.104868
21117320503,264,11.104867
36249335323,270,11.104856
30278680697,268,11.104799
36259179839,270,11.104733
36273008347,270,11.104558
36278602247,270,11.104487
25308388099,266,11.104431
62309371177,276,11.104237
89341884101,280,11.104177
89345593691,280,11.104158
25323566563,266,11.104153
21149781533,264,11.104150
43476836929,272,11.104083
74659700431,278,11.103919
21172242461,264,11.103654
62399075023,276,11.103594
74740300807,278,11.103440
43554720631,272,11.103271
62447160847,276,11.103251
36382202053,270,11.103186
62461337857,276,11.103148
12351479369,258,11.102962
30404042609,268,11.102899
17716264481,262,11.102754
89634589091,280,11.102736
12357575161,258,11.102727
14800647397,260,11.102601
36443598523,270,11.102416
74926340857,278,11.102338
21240850793,264,11.102143
36494326093,270,11.101781
30487770617,268,11.101633
10344549749,256,11.101606
36511157801,270,11.101570
36513282307,270,11.101543
36513531529,270,11.101541
12388351049,258,11.101539
62720815343,276,11.101297
62725483409,276,11.101264
6030774773,250,11.101173
21289076791,264,11.101085
90022097507,280,11.100838
90025724303,280,11.100821
90046025939,280,11.100721
90062889461,280,11.100638
90088139711,280,11.100515
90111362603,280,11.100402
36620466161,270,11.100206
52515204023,274,11.100142
62885215817,276,11.100128
75325205071,278,11.099984
90200392637,280,11.099967
30599720297,268,11.099948
21343956551,264,11.099883
52562617691,274,11.099736
90252968747,280,11.099710
62953013887,276,11.099648
164710891,210,11.099541
21363831611,264,11.099448
52610699693,274,11.099325
30642431951,268,11.099307
52614723011,274,11.099291
75449159647,278,11.099256
17850666083,262,11.099199
63020307209,276,11.099171
90366363449,280,11.099158
52636443863,274,11.099105
75493680151,278,11.098994
90475821803,280,11.098626
36753894533,270,11.098546
75574057927,278,11.098522
90509238683,280,11.098463
2463227857,240,11.098400
90579481463,280,11.098122
75660608461,278,11.098016
90602563679,280,11.098010
36808262591,270,11.097872
90678252827,280,11.097643
90680302763,280,11.097632
63246486349,276,11.097571
25686600649,266,11.097559
52818228851,274,11.097555
90698981579,280,11.097542
44129641603,272,11.097331
21462840253,264,11.097291
90754361921,280,11.097274
36857606689,270,11.097261
90757464047,280,11.097259
36858174853,270,11.097254
14970095137,260,11.097206
30787069499,268,11.097143
1723056079,236,11.096814
75877068889,278,11.096750
63370914587,276,11.096695
12515438197,258,11.096665
6086899037,250,11.096609
52934047787,274,11.096571
63391104883,276,11.096553
75912848299,278,11.096541
52941151631,274,11.096511
36922779809,270,11.096456
63416569423,276,11.096374
63441788159,276,11.096196
7295348959,252,11.096188
90982802321,280,11.096169
17968713449,262,11.096101
25769017363,266,11.096076
21519555611,264,11.096061
36955422269,270,11.096052
15006609193,260,11.096052
44260558891,272,11.095990
63480008887,276,11.095927
8741986543,254,11.095868
63496849673,276,11.095809
8749102051,254,11.095474
91154913959,280,11.095337
18003504371,262,11.095192
18021044003,262,11.094734
37068900067,270,11.094654
91311046991,280,11.094584
91330810133,280,11.094490
76290129217,278,11.094346
76296877369,278,11.094307
37099380733,270,11.094279
15065639077,260,11.094193
91392622043,280,11.094193
91432022177,280,11.094003
91434085031,280,11.093993
91436335961,280,11.093982
63777453643,276,11.093843
12590363297,258,11.093817
63784147279,276,11.093796
91510995881,280,11.093623
91533734657,280,11.093514
1734345913,236,11.093408
21646396883,264,11.093320
53319959051,274,11.093307
37193282171,270,11.093127
37193474011,270,11.093125
91629162629,280,11.093056
53350628483,274,11.093049
91640656661,280,11.093001
21665368003,264,11.092912
25956035737,266,11.092730
37243432823,270,11.092513
6138112049,250,11.092484
63972485183,276,11.092482
4279921363,246,11.092473
37251973771,270,11.092409
21692884853,264,11.092320
53447432243,274,11.092236
26002810123,266,11.091897
2494743961,240,11.091879
53498856527,274,11.091804
64088416937,276,11.091674
10567056263,256,11.091371
10571398727,256,11.091173
6154763897,250,11.091151
31195273847,268,11.091094
76863794851,278,11.091030
64218969533,276,11.090767
44780236093,272,11.090709
64234708609,276,11.090658
92169744929,280,11.090471
37412041327,270,11.090455
167284823,210,11.090451
21786940883,264,11.090304
2502696971,240,11.090248
64347941677,276,11.089873
37464141437,270,11.089822
92314007543,280,11.089785
53760138287,274,11.089616
64407676187,276,11.089459
37512318401,270,11.089236
37512969817,270,11.089228
26162222113,266,11.089071
6183194669,250,11.088883
15236608249,260,11.088855
64498890899,276,11.088829
64504697597,276,11.088789
64508403457,276,11.088763
7407930973,252,11.088710
92541963023,280,11.088701
18254533553,262,11.088690
37558649647,270,11.088674
37582776349,270,11.088382
77340803641,278,11.088293
15260867527,260,11.088102
45041812873,272,11.088076
92681897507,280,11.088037
64619992093,276,11.087994
1752560599,236,11.087962
64635999107,276,11.087883
7425894613,252,11.087528
7426275793,252,11.087503
64719023903,276,11.087312
26262210679,266,11.087308
54040509983,274,11.087282
37674394883,270,11.087273
31458041009,268,11.087245
54069813221,274,11.087039
45145792129,272,11.087033
26281179913,266,11.086974
37699889309,270,11.086965
21944392163,264,11.086950
26287226857,266,11.086867
92932787573,280,11.086851
37711762051,270,11.086822
93010448087,280,11.086484
64841271707,276,11.086471
64848049037,276,11.086424
21969640417,264,11.086415
77675759437,278,11.086382
346659259,218,11.086332
64873315337,276,11.086251
21982698713,264,11.086139
45236284903,272,11.086128
37771933319,270,11.086096
54189664547,274,11.086045
93107508737,280,11.086026
31549493951,268,11.085914
77767496671,278,11.085860
64936709567,276,11.085816
64945984627,276,11.085752
64957550369,276,11.085673
77808362179,278,11.085628
93215255201,280,11.085519
64996644007,276,11.085405
93246528731,280,11.085372
2527021573,240,11.085293
26380952419,266,11.085223
65034719843,276,11.085144
65035205827,276,11.085141
2111840699,238,11.084809
18408917231,262,11.084739
65106327547,276,11.084655
12834796019,258,11.084652
78000454681,278,11.084538
78000521341,278,11.084538
715706417,226,11.084528
6239495753,250,11.084427
12842603959,258,11.084363
54399779033,274,11.084311
93487864331,280,11.084237
65172588223,276,11.084202
65172713929,276,11.084201
31668011117,268,11.084194
65176841857,276,11.084172
31678109789,268,11.084048
54439254497,274,11.083985
7480910119,252,11.083929
22088222227,264,11.083910
12855695597,258,11.083878
54464188193,274,11.083779
22097104357,264,11.083722
65244440707,276,11.083712
78147720787,278,11.083705
6252409403,250,11.083411
45511794673,272,11.083385
26517329977,266,11.082842
38057510291,270,11.082668
65405347453,276,11.082615
7502597231,252,11.082518
22156276657,264,11.082479
22159541827,264,11.082410
93878617379,280,11.082407
93893986049,280,11.082335
15450910081,260,11.082253
26568157573,266,11.081958
31828676171,268,11.081875
31829069717,268,11.081869
94094549249,280,11.081400
31872026939,268,11.081251
94136118143,280,11.081206
94143482327,280,11.081172
54784830593,274,11.081148
7523801161,252,11.081142
65625517957,276,11.081120
65633494207,276,11.081065
94175688701,280,11.081021
9015924133,254,11.080933
45762326419,272,11.080907
94290452021,280,11.080488
54866978087,274,11.080477
45807308023,272,11.080463
94297855853,280,11.080453
12950649191,258,11.080375
54885282827,274,11.080327
31949474129,268,11.080139
54914461541,274,11.080090
26678108617,266,11.080051
54921151547,274,11.080034
1485608507,234,11.080023
78808658671,278,11.079984
94440064769,280,11.079793
78851425201,278,11.079744
38332381309,270,11.079395
78945413689,278,11.079219
32017660757,268,11.079163
94605456479,280,11.079025
94672558367,280,11.078714
94681307423,280,11.078674
55088403131,274,11.078672
79060067239,278,11.078578
15575393641,260,11.078464
38426397179,270,11.078281
94770873671,280,11.078259
38446251307,270,11.078047
55182022277,274,11.077912
46071541819,272,11.077868
15601198141,260,11.077682
38481424469,270,11.077631
3681431213,244,11.077532
66157764797,276,11.077527
32135421239,268,11.077481
55266274691,274,11.077229
95001406193,280,11.077195
66215799229,276,11.077137
26848212529,266,11.077119
79336257391,278,11.077039
26856937837,266,11.076969
38539234067,270,11.076949
79355088151,278,11.076934
46178385919,272,11.076823
55317678551,274,11.076813
95084490749,280,11.076812
26868667129,266,11.076767
66276791267,276,11.076728
22432753043,264,11.076712
46189989379,272,11.076710
7593798631,252,11.076632
95126121053,280,11.076620
95132347727,280,11.076591
95139906047,280,11.076556
66311699827,276,11.076494
95160297107,280,11.076463
46241385901,272,11.076208
10906627943,256,11.076192
66394821323,276,11.075937
26920430683,266,11.075880
46278622213,272,11.075845
46286141149,272,11.075771
5301415387,248,11.075760
4426176059,246,11.075692
46309467019,272,11.075544
3696273431,244,11.075509
22492135357,264,11.075483
79641086851,278,11.075346
95431160933,280,11.075217
95454760547,280,11.075109
13095274649,258,11.075092
95465754407,280,11.075059
38708582057,270,11.074957
55561741241,274,11.074841
22533244373,264,11.074635
46413218953,272,11.074535
95608196699,280,11.074406
22544681221,264,11.074399
95615353433,280,11.074372
66637416203,276,11.074316
66640992527,276,11.074292
32361144791,268,11.074278
79849684921,278,11.074192
95662784993,280,11.074156
5319218899,248,11.074102
38782415983,270,11.074091
38788686799,270,11.074018
55666208447,274,11.074000
66689444399,276,11.073970
13129612687,258,11.073847
38808802117,270,11.073783
79950099007,278,11.073638
95776564337,280,11.073635
46507923919,272,11.073616
95794043507,280,11.073555
66800365949,276,11.073231
27080606659,266,11.073144
46560760963,272,11.073104
22609550203,264,11.073065
95907053183,280,11.073039
9166973521,254,11.072906
66870828523,276,11.072762
32469425297,268,11.072749
9173594011,254,11.072558
32490405041,268,11.072453
96046348661,280,11.072403
66929102777,276,11.072375
13170897479,258,11.072355
66943730179,276,11.072279
96074620661,280,11.072274
66972013159,276,11.072091
66981131629,276,11.072031
32521891751,268,11.072011
38961104437,270,11.072004
46703270443,272,11.071727
46703527279,272,11.071724
67027932427,276,11.071720
38986747739,270,11.071705
15813056173,260,11.071320
96284546669,280,11.071319
96289093787,280,11.071298
1052504671,230,11.071298
11020290497,256,11.071226
39037650863,270,11.071113
67120399483,276,11.071108
18953035499,262,11.071095
27207228949,266,11.070994
67141840627,276,11.070967
96371508449,280,11.070924
96385424489,280,11.070860
67162498687,276,11.070829
39065284117,270,11.070791
96417669203,280,11.070714
96432101873,280,11.070648
56094516623,274,11.070571
96485616281,280,11.070406
46843470241,272,11.070376
4473982783,246,11.070337
1513340651,234,11.070328
67242225749,276,11.070303
80569932841,278,11.070232
80604547687,278,11.070043
67284690607,276,11.070023
67312458539,276,11.069839
67339709539,276,11.069659
46924513261,272,11.069597
7704721721,252,11.069576
67355758997,276,11.069553
11059898219,256,11.069509
32700953429,268,11.069500
67368545929,276,11.069469
67384495219,276,11.069365
80736759211,278,11.069321
80747995429,278,11.069259
22796764537,264,11.069236
13258089997,258,11.069221
96760284707,280,11.069161
96769206971,280,11.069121
67428179813,276,11.069077
11071863263,256,11.068991
47005461571,272,11.068821
22820288353,264,11.068757
67494677989,276,11.068639
56340689297,274,11.068613
96938890733,280,11.068355
27366084247,266,11.068313
67570751357,276,11.068139
15923702143,260,11.068033
22858407203,264,11.067983
67626169223,276,11.067776
56462993351,274,11.067643
2615918177,240,11.067619
97108031063,280,11.067592
67655090497,276,11.067586
47140411753,272,11.067530
67667143067,276,11.067507
56480225237,274,11.067507
1521538121,234,11.067499
97134995753,280,11.067471
39357934607,270,11.067405
67685347693,276,11.067388
97173388541,280,11.067298
67719369649,276,11.067164
22905043541,264,11.067038
27442209799,266,11.067034
97263058097,280,11.066894
19128192599,262,11.066792
81216082237,278,11.066712
32906327681,268,11.066638
67800578689,276,11.066632
97346784371,280,11.066518
97349291777,280,11.066506
67842805013,276,11.066356
4510659877,246,11.066272
81303048457,278,11.066240
81308935207,278,11.066209
97416824651,280,11.066203
19152859241,262,11.066191
15986534869,260,11.066178
7759015969,252,11.066163
32949533711,268,11.066038
22960443871,264,11.065917
97506546497,280,11.065801
67931718859,276,11.065775
67935801487,276,11.065748
13356135917,258,11.065722
81435178261,278,11.065525
97571343959,280,11.065510
67974482197,276,11.065495
5413280287,248,11.065441
81466216141,278,11.065357
68000519693,276,11.065326
68001370169,276,11.065320
97644377969,280,11.065183
16027699777,260,11.064967
97700310791,280,11.064932
97723845977,280,11.064827
39586773169,270,11.064775
27579645169,266,11.064734
11171252987,256,11.064715
2196505457,238,11.064552
97795615793,280,11.064506
47462304979,272,11.064466
81636292039,278,11.064439
6500396237,250,11.064332
68156460289,276,11.064310
68170785407,276,11.064217
47491407619,272,11.064190
68186966317,276,11.064112
13407662369,258,11.063895
3783732611,244,11.063765
81786037189,278,11.063632
81788289481,278,11.063620
68273496397,276,11.063549
6511167239,250,11.063521
56994888227,274,11.063454
27661073743,266,11.063376
19268990141,262,11.063366
81869126161,278,11.063185
98103963527,280,11.063129
68352281267,276,11.063037
57072514193,274,11.062845
39758673673,270,11.062811
98184727787,280,11.062770
39767250109,270,11.062713
98223715349,280,11.062596
68422824929,276,11.062580
39796002767,270,11.062386
39808144361,270,11.062247
6528661679,250,11.062207
33230143091,268,11.062164
98325208307,280,11.062145
13457379157,258,11.062140
13458062329,258,11.062116
57184882211,274,11.061967
57189181391,274,11.061934
98387257103,280,11.061870
13469869999,258,11.061700
39874167989,270,11.061496
1539368161,234,11.061404
9391889197,254,11.061218
23195078827,264,11.061203
68645772683,276,11.061137
68649325403,276,11.061114
98575230203,280,11.061035
68674817647,276,11.060950
895858267,228,11.060824
57331581011,274,11.060822
27815778589,266,11.060811
82322040511,278,11.060757
68707490539,276,11.060740
82330565347,278,11.060711
68726692003,276,11.060616
39952145119,270,11.060611
98685949157,280,11.060545
57397810343,274,11.060308
39979456949,270,11.060301
33368725667,268,11.060265
23243904023,264,11.060228
16190788879,260,11.060202
33377419781,268,11.060145
98807327111,280,11.060008
98846515829,280,11.059834
82495774687,278,11.059829
82513712269,278,11.059733
40033119541,270,11.059693
98878981787,280,11.059691
68870233583,276,11.059690
16209509101,260,11.059658
5477762107,248,11.059598
27891761389,266,11.059557
82548485821,278,11.059547
82554663229,278,11.059515
898329841,228,11.059346
68934992993,276,11.059275
27909799279,266,11.059259
40077776051,270,11.059189
82702280767,278,11.058729
40125821713,270,11.058646
82721984671,278,11.058624
40132604003,270,11.058569
23328402233,264,11.058547
69053313653,276,11.058515
40137466553,270,11.058515
69064861303,276,11.058440
99172359263,280,11.058397
40155326333,270,11.058313
82784325259,278,11.058292
13570182179,258,11.058182
13571840959,258,11.058124
33527661161,268,11.058096
253878617,214,11.058080
40181254319,270,11.058021
69135038033,276,11.057990
16276497337,260,11.057718
28003545967,266,11.057717
48180528379,272,11.057711
40211336159,270,11.057682
57743876207,274,11.057624
69192723269,276,11.057621
23376525463,264,11.057592
48194438419,272,11.057581
69227023079,276,11.057402
99407086343,280,11.057364
23394933883,264,11.057228
99439249043,280,11.057223
99451464383,280,11.057170
16301618251,260,11.056993
13610117531,258,11.056789
40296325373,270,11.056726
48295279231,272,11.056641
48302476603,272,11.056574
40317063691,270,11.056493
83139093001,278,11.056412
99655442687,280,11.056275
83189907919,278,11.056144
40354261663,270,11.056075
99711031769,280,11.056032
13634984927,258,11.055924
33687825287,268,11.055923
69459617053,276,11.055916
7925492711,252,11.055856
40387316839,270,11.055704
40389103991,270,11.055684
48404082409,272,11.055630
40405332053,270,11.055503
99862026281,280,11.055371
48434148043,272,11.055350
33745870007,268,11.055137
13661018737,258,11.055020
7939706969,252,11.054987
83426081647,278,11.054897
40472374763,270,11.054752
40472468249,270,11.054751
40478642731,270,11.054682
83474872867,278,11.054640
58131656273,274,11.054638
69664959943,276,11.054608
69669167759,276,11.054582
69671247599,276,11.054568
58149381821,274,11.054502
48526527619,272,11.054495
40516548053,270,11.054258
83586142399,278,11.054054
1087306663,230,11.053988
40552001863,270,11.053863
69789654773,276,11.053817
7959497591,252,11.053780
69802628009,276,11.053734
23574054211,264,11.053697
83655598987,278,11.053689
69812888513,276,11.053669
33855426569,268,11.053659
527863781,222,11.053383
7966080289,252,11.053379
7967786149,252,11.053275
83738167321,278,11.053256
83739377437,278,11.053249
40612392581,270,11.053189
3864554117,244,11.053171
28282236889,266,11.053167
40618780649,270,11.053118
5550907591,248,11.053060
69915670777,276,11.053018
13720664939,258,11.052958
58353208643,274,11.052942
69933557987,276,11.052905
40646364247,270,11.052811
40655586827,270,11.052709
11457068783,256,11.052647
83869137739,278,11.052569
58404596597,274,11.052549
48763248133,272,11.052309
28336225219,266,11.052292
40704817001,270,11.052160
23670844817,264,11.051801
48825794239,272,11.051733
13756956671,258,11.051706
40752006937,270,11.051637
23681060773,264,11.051601
11483488637,256,11.051548
70156308517,276,11.051497
84076958179,278,11.051481
23702575621,264,11.051181
19779477659,262,11.051164
70223000587,276,11.051077
84164599369,278,11.051023
40815742733,270,11.050930
4653657179,246,11.050756
28435245259,266,11.050690
11505831119,256,11.050621
40863316331,270,11.050403
11512875977,256,11.050328
70345334149,276,11.050306
70361402773,276,11.050205
13800927011,258,11.050197
16549833943,260,11.049891
1095750829,230,11.049880
11525643863,256,11.049800
70448519567,276,11.049658
19848697103,262,11.049536
70471846547,276,11.049512
49074519919,272,11.049452
28520956903,266,11.049309
8034896399,252,11.049211
70525328339,276,11.049176
58881634373,274,11.048923
40999384429,270,11.048900
49149470809,272,11.048767
13843686589,258,11.048733
41051708213,270,11.048323
9647235673,254,11.048312
16609300423,260,11.048208
41063515573,270,11.048193
11564812709,256,11.048182
41067397103,270,11.048150
41086272527,270,11.047942
19945716209,262,11.047264
70846854889,276,11.047165
84914578921,278,11.047128
215949619,212,11.047101
41165259781,270,11.047074
5619259627,248,11.047033
59151532277,274,11.046886
41192289029,270,11.046778
4694425777,246,11.046429
59214866213,274,11.046411
41226710989,270,11.046400
85059188029,278,11.046381
70985872799,276,11.046298
41240419873,270,11.046249
85093017127,278,11.046206
59247820097,274,11.046163
59266446077,274,11.046022
71067702763,276,11.045789
16696056457,260,11.045762
49490776969,272,11.045662
3273675133,242,11.045599
24003551263,264,11.045347
49528644631,272,11.045319
85297828279,278,11.045152
13952424307,258,11.045032
71196892927,276,11.044986
16723933687,260,11.044980
71205120037,276,11.044934
85364851237,278,11.044806
59437783661,274,11.044737
71238856057,276,11.044725
8111822501,252,11.044596
59457799901,274,11.044587
85408282009,278,11.044583
49622453989,272,11.044470
49637710033,272,11.044333
59507064263,274,11.044218
49656635719,272,11.044162
13978581557,258,11.044147
8120000533,252,11.044108
59559684791,274,11.043825
3937983191,244,11.043755
85645158661,278,11.043368
20119190051,262,11.043231
41539098943,270,11.042990
8140716131,252,11.042875
59694466571,274,11.042819
59695778993,274,11.042809
85764506437,278,11.042758
85774627621,278,11.042706
71627110073,276,11.042323
14042658967,258,11.041985
14047292521,258,11.041828
71719224299,276,11.041756
41670456743,270,11.041564
41671867723,270,11.041549
71821922593,276,11.041123
24226315591,264,11.041080
41718981071,270,11.041039
50003801593,272,11.041038
71847011377,276,11.040970
29057012269,266,11.040769
50054186401,272,11.040586
24252683827,264,11.040577
8180268653,252,11.040530
14087066219,258,11.040492
34854856079,268,11.040411
71945889859,276,11.040362
41784267593,270,11.040332
16891376683,260,11.040307
71962653449,276,11.040259
86264488897,278,11.040209
71974710917,276,11.040185
931103231,228,11.040157
34874767901,268,11.040152
41834327191,270,11.039792
72044505803,276,11.039757
60116669507,274,11.039683
72060540913,276,11.039659
34916672159,268,11.039605
86386017031,278,11.039591
9826009813,254,11.039495
41863226929,270,11.039480
20295881471,262,11.039163
86505121921,278,11.038987
86532397681,278,11.038849
14136162281,258,11.038849
72199466389,276,11.038809
41929547521,270,11.038766
60243764717,274,11.038744
86571038269,278,11.038653
72240628433,276,11.038557
3979169771,244,11.038557
72253984717,276,11.038475
72275183023,276,11.038345
86664641617,278,11.038179
72303782179,276,11.038171
29236450123,266,11.037948
16977739039,260,11.037917
86737031317,278,11.037814
72373747987,276,11.037745
651174991,224,11.037588
42041868311,270,11.037559
42051893437,270,11.037451
6870979991,250,11.037249
60455389187,274,11.037185
29291138449,266,11.037092
42097592819,270,11.036961
72509578649,276,11.036917
42106155589,270,11.036869
14195826289,258,11.036860
72560304539,276,11.036608
8247120823,252,11.036594
86987223889,278,11.036551
60551421467,274,11.036479
29353458319,266,11.036119
72641400017,276,11.036115
72641891887,276,11.036112
72655625467,276,11.036029
87097460641,278,11.035996
60617846117,274,11.035992
87111660301,278,11.035926
17057279293,260,11.035728
42222572603,270,11.035624
14235447971,258,11.035544
72769583927,276,11.035336
60716116277,274,11.035272
24535342127,264,11.035230
60724286087,274,11.035212
17077791517,260,11.035164
87267326761,278,11.035143
60743450843,274,11.035071
42276399161,270,11.035048
42279421187,270,11.035017
72867400559,276,11.034744
14262210161,258,11.034657
87380221849,278,11.034577
42326270299,270,11.034517
60821525123,274,11.034501
87431410117,278,11.034321
17109705259,260,11.034290
60852021827,274,11.034278
14274252647,258,11.034260
14275949587,258,11.034204
24593155897,264,11.034144
72976099267,276,11.034086
60892281683,274,11.033984
42376957187,270,11.033978
24604394747,264,11.033934
42447656501,270,11.033226
35412191021,268,11.033201
87655391119,278,11.033200
29545264603,266,11.033137
73143347869,276,11.033077
61031504441,274,11.032969
24658325743,264,11.032924
87715275787,278,11.032901
42483579713,270,11.032845
87739054321,278,11.032783
3358470811,242,11.032722
61067534597,274,11.032707
42502199081,270,11.032647
42506048653,270,11.032606
42513770753,270,11.032524
42518439823,270,11.032475
35471807099,268,11.032436
42524988889,270,11.032405
35489555987,268,11.032209
73289835407,276,11.032194
51017677639,272,11.032049
73318345543,276,11.032023
73324033169,276,11.031989
11964926969,256,11.031988
73331110357,276,11.031946
73348545199,276,11.031841
87934286749,278,11.031809
42586349083,270,11.031755
42587802847,270,11.031740
35531975057,268,11.031667
29645464003,266,11.031589
35556372311,268,11.031356
29662927363,266,11.031319
88047416551,278,11.031246
73476443983,276,11.031074
61294322333,274,11.031061
73483005293,276,11.031034
659115181,224,11.031000
73502154559,276,11.030919
29697310549,266,11.030789
88153824919,278,11.030718
61345274807,274,11.030692
35611638719,268,11.030650
61369000157,274,11.030520
61372369187,274,11.030496
61377987851,274,11.030455
73587626279,276,11.030407
73588051829,276,11.030404
24793511753,264,11.030403
88217535247,278,11.030401
73596901513,276,11.030352
8355677651,252,11.030277
20689264553,262,11.030241
24811616237,264,11.030067
42747302467,270,11.030055
51248938651,272,11.030025
88331242171,278,11.029838
73690374167,276,11.029792
42787858189,270,11.029628
73738022759,276,11.029507
73747189123,276,11.029452
88418843941,278,11.029404
35710709807,268,11.029389
73763592653,276,11.029354
88436539327,278,11.029317
73778400407,276,11.029265
35737535429,268,11.029048
88506334531,278,11.028972
20747080859,262,11.028945
73856722529,276,11.028798
4864993219,246,11.028753
2355411767,238,11.028740
73887163607,276,11.028616
24891420863,264,11.028587
61637707331,274,11.028581
20763840941,262,11.028570
61669383563,274,11.028352
42923341091,270,11.028204
42923424283,270,11.028203
42930380393,270,11.028130
73970053513,276,11.028122
17339897353,260,11.028035
17340375421,260,11.028023
4873894303,246,11.027850
88735336477,278,11.027841
74019973087,276,11.027825
29894762749,266,11.027759
43010377037,270,11.027291
24965015441,264,11.027227
74124381517,276,11.027204
10086671323,254,11.026947
29959272337,266,11.026773
29963256847,266,11.026712
74217652307,276,11.026649
51638147761,272,11.026643
51645470143,272,11.026579
74237510027,276,11.026532
89037660937,278,11.026353
74321657537,276,11.026033
35983724279,268,11.025933
14530258277,258,11.025877
74407562347,276,11.025524
51770681779,272,11.025496
17437733779,260,11.025404
89241971149,278,11.025351
74453962283,276,11.025249
20926136393,262,11.024957
17467640887,260,11.024603
74568269173,276,11.024574
74589383317,276,11.024449
74618406503,276,11.024278
89504132917,278,11.024068
51949440601,272,11.023956
74677483249,276,11.023930
30151270273,266,11.023853
74700830509,276,11.023792
14596603199,258,11.023731
62338263263,274,11.023565
25166377231,264,11.023528
43372389041,270,11.023518
43377443237,270,11.023465
74772325307,276,11.023371
89655310111,278,11.023331
17516834653,260,11.023289
36196238579,268,11.023263
89678373427,278,11.023218
74817935903,276,11.023102
74828615479,276,11.023040
25193414977,264,11.023034
30205851859,266,11.023027
74844781289,276,11.022944
52091800531,272,11.022734
43454149831,270,11.022670
52105304143,272,11.022618
43477395191,270,11.022429
25229701801,264,11.022372
36275888507,268,11.022266
74971692977,276,11.022199
62561478263,274,11.021980
14653433567,258,11.021901
36311186369,268,11.021826
8503447261,252,11.021820
75047069413,276,11.021756
62617612901,274,11.021584
14664793327,258,11.021536
14666022509,258,11.021497
30307900099,266,11.021487
36347337479,268,11.021375
43590229961,270,11.021263
62685203717,274,11.021105
10210592251,254,11.021105
17602604269,260,11.021006
52301401549,272,11.020941
62726291351,274,11.020814
90177535009,278,11.020793
2869020593,240,11.020682
90203767861,278,11.020665
14693505727,258,11.020616
52361353321,272,11.020429
90284741761,278,11.020273
52399136161,272,11.020107
43705024067,270,11.020081
75348341983,276,11.019993
52416567859,272,11.019958
12275735909,256,11.019810
90406472461,278,11.019685
62889635777,274,11.019662
90440822077,278,11.019519
43763391247,270,11.019480
90450014839,278,11.019475
90460818751,278,11.019423
90463261849,278,11.019410
75459084563,276,11.019347
75462665339,276,11.019326
75485588537,276,11.019193
17676172099,260,11.019058
90540260227,278,11.019039
62981991341,274,11.019011
90546829627,278,11.019008
8554396099,252,11.018941
52539995023,272,11.018909
25426481497,264,11.018798
30490684069,266,11.018742
75587845387,276,11.018597
90635584657,278,11.018579
43861952293,270,11.018469
90683529667,278,11.018349
63085054421,274,11.018287
90706211359,278,11.018239
90708717271,278,11.018228
63101108243,274,11.018174
391624837,218,11.017995
30551811949,266,11.017828
63150596357,274,11.017827
36642567491,268,11.017709
14789294969,258,11.017557
17736057331,260,11.017479
90865850791,278,11.017471
90867687607,278,11.017463
90897378361,278,11.017320
1165389583,230,11.017267
25513419077,264,11.017228
43996440101,270,11.017092
63260795231,274,11.017055
25536740641,264,11.016808
36719018507,268,11.016765
8594056661,252,11.016713
63322653887,274,11.016622
30634026529,266,11.016602
44067249263,270,11.016369
25562684617,264,11.016341
14836642181,258,11.016053
91163024731,278,11.016046
44101894259,270,11.016016
63428982647,274,11.015879
17800054513,260,11.015798
63456620693,274,11.015685
36827582369,268,11.015429
12393854507,256,11.015269
5995169641,248,11.015261
30724990999,266,11.015249
76190128967,276,11.015107
91375673419,278,11.015029
44206652153,270,11.014950
91397532307,278,11.014925
2902338167,240,11.014842
44219875237,270,11.014815
44222413069,270,11.014790
76248623917,276,11.014770
76277202899,276,11.014605
91472425171,278,11.014567
21407793353,262,11.014410
76320053429,276,11.014358
44286171889,270,11.014142
472865507,220,11.014141
44286898213,270,11.014134
91603815991,278,11.013941
76403167447,276,11.013880
8645243923,252,11.013854
1406518781,232,11.013852
10368167473,254,11.013786
14909685599,258,11.013744
14910104791,258,11.013731
53153446309,272,11.013729
76433007799,276,11.013708
91653771577,278,11.013702
36968428577,268,11.013700
91673165119,278,11.013611
44343676679,270,11.013559
7214037161,250,11.013558
76480125713,276,11.013437
53197791931,272,11.013357
91741471111,278,11.013286
76510677223,276,11.013262
30862112119,266,11.013218
6020595397,248,11.013190
76525233779,276,11.013178
63817641857,274,11.013174
44385744331,270,11.013133
44385952931,270,11.013131
14929419877,258,11.013122
30868696213,266,11.013121
30876962257,266,11.012999
63849670427,274,11.012952
76653239473,276,11.012444
25784862407,264,11.012364
37079351039,268,11.012344
91948537831,278,11.012302
25800064193,264,11.012094
25811988863,264,11.011882
12484685519,256,11.011809
17954077651,260,11.011778
92126942377,278,11.011456
53431350241,272,11.011404
10420235173,254,11.011395
76847238829,276,11.011333
44579216219,270,11.011180
25852526027,264,11.011161
44598185227,270,11.010988
37193719709,268,11.010951
76925091367,276,11.010888
76937862073,276,11.010816
64158688367,274,11.010815
44620241833,270,11.010767
44621090351,270,11.010758
53516938231,272,11.010691
44631306959,270,11.010655
37223212907,268,11.010592
37224744911,268,11.010573
44639712797,270,11.010571
92336116291,278,11.010468
31055136907,266,11.010376
37242580169,268,11.010357
31060013059,266,11.010304
31064450119,266,11.010240
31067484793,266,11.010195
77047964033,276,11.010187
44681144903,270,11.010154
92416599199,278,11.010087
64266068297,274,11.010075
44689121731,270,11.010074
77068019527,276,11.010073
31076178799,266,11.010067
77071096699,276,11.010056
15028664537,258,11.010008
77106363899,276,11.009854
64371386663,274,11.009351
64379698367,274,11.009294
92588148769,278,11.009279
44772576127,270,11.009236
77224529807,276,11.009182
53712387901,272,11.009067
77262041267,276,11.008968
25978468471,264,11.008929
2937082307,240,11.008830
37374422609,268,11.008759
77300418439,276,11.008751
44824492519,270,11.008717
92721559951,278,11.008651
44839698517,270,11.008564
37392668057,268,11.008538
44849137679,270,11.008470
53799495433,272,11.008344
53804586763,272,11.008302
64526179997,274,11.008288
44873482219,270,11.008226
92834275381,278,11.008121
6083500039,248,11.008109
37433747777,268,11.008041
15092871419,258,11.008005
92876265337,278,11.007924
53852609539,272,11.007904
5075879287,246,11.007812
26042406041,264,11.007801
64599248003,274,11.007788
3530779141,242,11.007613
64638702377,274,11.007518
15114457607,258,11.007335
64670482757,274,11.007300
93011812669,278,11.007289
77589627047,276,11.007111
18138808957,260,11.007006
93080129449,278,11.006968
53967313069,272,11.006957
7314434243,250,11.006856
15133860977,258,11.006732
2949347131,240,11.006725
77664692473,276,11.006686
77678302399,276,11.006610
77708812843,276,11.006437
2460954467,238,11.006384
45064610099,270,11.006319
112099021,204,11.006269
64823965637,274,11.006252
64841928353,274,11.006129
54086106223,272,11.005978
77814862189,276,11.005838
93328996261,278,11.005805
37622829509,268,11.005764
93341252857,278,11.005748
45129059429,270,11.005677
10545878593,254,11.005675
64922399471,274,11.005581
45140178383,270,11.005567
37645990787,268,11.005486
93400151587,278,11.005473
64940446121,274,11.005459
31400607247,266,11.005336
7337927111,250,11.005302
21834642719,262,11.005276
31416907849,266,11.005100
45199960739,270,11.004973
77977870823,276,11.004920
21855084701,262,11.004843
12673294013,256,11.004712
45227070269,270,11.004704
93600663061,278,11.004539
15207143719,258,11.004464
54280411819,272,11.004380
8817391069,252,11.004371
65121209333,274,11.004230
78120834079,276,11.004117
93695508061,278,11.004098
65147820071,274,11.004049
78145511207,276,11.003978
93725030527,278,11.003961
45328047913,270,11.003704
6140155921,248,11.003582
45350949409,270,11.003478
65284375721,274,11.003124
65296477067,274,11.003042
21942425159,262,11.003000
65309028041,274,11.002957
31567346467,266,11.002925
6148680001,248,11.002905
65342910653,274,11.002728
65359675133,274,11.002615
15268043431,258,11.002588
78431653957,276,11.002375
45477734503,270,11.002226
45482463643,270,11.002179
94127285587,278,11.002095
78487371317,276,11.002064
45495404249,270,11.002051
21988473623,262,11.002031
8860946869,252,11.002004
15288222517,258,11.001968
78521349727,276,11.001874
94184607409,278,11.001830
45526053569,270,11.001750
45533938613,270,11.001672
94297875277,278,11.001307
94319762377,278,11.001206
31689864247,266,11.001163
94343751331,278,11.001096
6172710769,248,11.001000
45608686229,270,11.000937
78689773237,276,11.000934
45631652243,270,11.000711
65653475423,274,11.000633
18389929429,260,11.000603
26455025027,264,11.000590
8892179773,252,11.000314
18410041603,260,11.000093
31765995409,266,11.000071
78853442747,276,11.000023
65750573783,274,10.999981
8898740951,252,10.999959
65759165777,274,10.999923
78874367189,276,10.999907
15356523491,258,10.999878
45716628319,270,10.999878
45722117671,270,10.999824
26500950457,264,10.999795
2495147729,238,10.999365
78976503517,276,10.999339
65879098067,274,10.999119
6197760559,248,10.999024
26547273547,264,10.998995
94810034911,278,10.998949
38208276677,268,10.998790
45840888211,270,10.998661
4311579323,244,10.998635
54989867293,272,10.998603
31871801407,266,10.998558
45861774589,270,10.998457
55015596499,272,10.998394
38242442411,268,10.998386
45897064517,270,10.998113
22178409611,262,10.998059
26607055877,264,10.997964
18499391773,260,10.997841
95059629727,278,10.997806
31936838887,266,10.997631
22202172281,262,10.997564
18513091033,260,10.997497
22210675313,262,10.997388
8946724639,252,10.997377
38337015251,268,10.997272
79351695949,276,10.997262
2505899171,238,10.997179
95198883121,278,10.997169
95201401369,278,10.997157
79392152803,276,10.997039
26664199327,264,10.996982
55195287073,272,10.996944
66243245501,274,10.996685
46049631857,270,10.996626
95351173549,278,10.996473
95354180011,278,10.996460
15472237741,258,10.996358
79544006743,276,10.996202
1011286201,228,10.996172
46098538621,270,10.996151
79560760519,276,10.996109
46102817857,270,10.996109
95462519587,278,10.995966
79603362677,276,10.995874
79608806939,276,10.995845
55371756589,272,10.995525
95585971069,278,10.995403
26761030151,264,10.995321
66453064907,274,10.995290
46187715953,270,10.995285
46196857741,270,10.995196
32113418677,266,10.995125
26776141087,264,10.995063
38549426921,268,10.994779
95742364309,278,10.994693
46254966809,270,10.994634
79833652739,276,10.994610
9000270133,252,10.994514
26813638363,264,10.994422
3023272313,240,10.994244
79929681119,276,10.994083
79946350009,276,10.993992
32197949437,266,10.993931
26845693057,264,10.993875
95934567709,278,10.993821
38632877849,268,10.993803
9016763659,252,10.993636
80043512057,276,10.993460
38662369649,268,10.993459
32231567419,266,10.993456
80050167667,276,10.993423
96029369827,278,10.993391
22408786889,262,10.993290
80076952667,276,10.993277
46400075443,270,10.993232
26887512551,264,10.993162
66779346521,274,10.993129
26905459577,264,10.992857
15588825331,258,10.992841
96162320647,278,10.992790
80167162853,276,10.992784
96172619479,278,10.992743
38747291771,268,10.992470
18715687633,260,10.992436
80231700127,276,10.992432
3639807463,242,10.992407
46500605293,270,10.992263
66911034713,274,10.992260
80268296057,276,10.992232
80277044069,276,10.992185
80282872837,276,10.992152
15611953397,258,10.992146
9045173183,252,10.992128
1466311493,232,10.992126
7540549397,250,10.992123
46530636941,270,10.991974
80326714313,276,10.991914
55824327049,272,10.991908
2532206477,238,10.991875
32348063107,266,10.991817
96384193861,278,10.991788
46553694799,270,10.991753
46554717961,270,10.991742
38816265599,268,10.991668
80388037427,276,10.991579
38835011291,268,10.991450
46591272737,270,10.991391
18760591651,260,10.991323
96490015717,278,10.991311
46613744399,270,10.991176
55917648529,272,10.991166
80481073633,276,10.991073
80534048219,276,10.990785
55979935279,272,10.990672
80555862077,276,10.990666
7565410439,250,10.990532
80585452589,276,10.990506
10887653347,254,10.990487
96684272527,278,10.990438
67244064311,274,10.990071
38958510359,268,10.990019
80735039933,276,10.989695
18826536607,260,10.989693
46772066197,270,10.989658
38996651867,268,10.989578
46783770997,270,10.989547
18838315627,260,10.989402
80794061917,276,10.989374
80795458577,276,10.989367
46803717871,270,10.989356
15705827531,258,10.989340
96940026889,278,10.989289
80822815639,276,10.989219
9105171631,252,10.988959
97015652197,278,10.988951
46849088173,270,10.988923
18861085717,260,10.988841
5275792763,246,10.988817
56217069211,272,10.988795
46866228197,270,10.988759
15725335007,258,10.988759
67446861893,274,10.988744
80920080547,276,10.988692
97086745981,278,10.988633
80954857559,276,10.988504
13117869893,256,10.988425
22658311913,262,10.988185
46926644381,270,10.988183
27183682051,264,10.988150
27185547931,264,10.988118
81027522337,276,10.988112
3061865377,240,10.987859
46989578557,270,10.987584
67625715953,274,10.987577
81151845097,276,10.987441
81169359143,276,10.987347
47023087037,270,10.987265
9138348539,252,10.987216
15778661599,258,10.987174
67698725321,274,10.987102
22720666361,262,10.986918
32704763899,266,10.986838
22729082699,262,10.986748
47080098431,270,10.986723
81303283417,276,10.986626
22740630611,262,10.986514
81327672967,276,10.986495
56515565149,272,10.986444
22747646483,262,10.986372
81354215587,276,10.986352
18963679663,260,10.986321
97618722067,278,10.986259
81378528347,276,10.986221
18970012753,260,10.986167
67851974327,274,10.986106
97653595909,278,10.986105
47149192603,270,10.986068
81453245483,276,10.985820
15825723757,258,10.985781
15828162367,258,10.985709
9167715881,252,10.985680
22783008959,262,10.985656
39352325561,268,10.985488
81521482249,276,10.985454
81544496669,276,10.985331
3692352883,242,10.985255
32822445739,266,10.985209
81570608489,276,10.985190
97867033441,278,10.985157
27362894227,264,10.985146
68010793001,274,10.985076
68018583821,274,10.985025
15859159997,258,10.984794
47286710971,270,10.984766
47296852297,270,10.984670
81674375689,276,10.984634
81676752239,276,10.984622
39435545297,268,10.984537
56765963623,272,10.984483
81706731787,276,10.984462
47335810213,270,10.984303
32888599459,266,10.984295
68138202101,274,10.984252
15882573659,258,10.984104
56828654851,272,10.983994
32910624073,266,10.983992
56838119671,272,10.983920
15890520901,258,10.983871
13245262487,256,10.983869
9203067703,252,10.983837
56863581169,272,10.983721
68234985971,274,10.983626
68256134873,274,10.983490
81902755829,276,10.983414
81915784189,276,10.983345
98287346077,278,10.983297
5335894763,246,10.983259
32965598623,266,10.983234
47468525809,270,10.983051
68332255127,274,10.983000
98380830799,278,10.982884
82034354263,276,10.982713
39602645087,268,10.982634
82083013583,276,10.982453
47534902843,270,10.982427
68428816481,274,10.982378
15943693819,258,10.982308
98514305749,278,10.982296
47549656663,270,10.982288
47550226387,270,10.982283
82132066927,276,10.982192
15948155827,258,10.982178
68482645943,274,10.982032
47578841857,270,10.982014
57108634111,272,10.981814
82210159673,276,10.981777
82210545317,276,10.981775
82222061137,276,10.981713
98655471931,278,10.981675
2583791957,238,10.981647
98674695517,278,10.981590
57144796963,272,10.981533
13312466477,256,10.981484
27588941101,264,10.981386
2585579987,238,10.981297
98745118909,278,10.981281
27595453157,264,10.981278
98770016551,278,10.981172
68621881451,274,10.981137
82333257103,276,10.981123
47674829687,270,10.981114
39745079027,268,10.981018
98809012087,278,10.981001
3104350747,240,10.980931
27617774521,264,10.980909
82388425793,276,10.980830
82421900593,276,10.980653
23033114759,262,10.980629
27639679433,264,10.980547
68723889581,274,10.980484
68746369631,274,10.980340
57298880623,272,10.980340
82510809443,276,10.980182
33194514037,266,10.980098
3109830289,240,10.980045
99028086901,278,10.980040
19231681303,260,10.979811
68832414971,274,10.979790
604068551,222,10.979664
99126813127,278,10.979608
82622989259,276,10.979589
39875867099,268,10.979540
82643226559,276,10.979482
82683343429,276,10.979270
23104264223,262,10.979210
82708522097,276,10.979136
82710338593,276,10.979127
47891556221,270,10.979089
82729785979,276,10.979025
82742264467,276,10.978958
47918604431,270,10.978837
5384284187,246,10.978834
39939293399,268,10.978826
39949873307,268,10.978706
99333358669,278,10.978705
27752761721,264,10.978683
19281907087,260,10.978601
19282759537,260,10.978581
6463769311,248,10.978562
11164577443,254,10.978556
99388994149,278,10.978462
27767273851,264,10.978444
7757357651,250,10.978439
33322860283,266,10.978349
47975868373,270,10.978304
27777619951,264,10.978273
19299662071,260,10.978175
99479385601,278,10.978068
3123550081,240,10.977834
69188278787,274,10.977521
83021575963,276,10.977487
83026553213,276,10.977461
99625535377,278,10.977432
83038866457,276,10.977396
48075764887,270,10.977375
83059571659,276,10.977287
69227485883,274,10.977272
99724574251,278,10.977001
3129121861,240,10.976939
33428415439,266,10.976915
83140296289,276,10.976863
83148042293,276,10.976823
69298365251,274,10.976822
99766250317,278,10.976820
83158844683,276,10.976766
48147502217,270,10.976709
33444613999,266,10.976696
48160053989,270,10.976593
83194614487,276,10.976578
48166756409,270,10.976531
48168643703,270,10.976514
99844205437,278,10.976481
9346657861,252,10.976430
69363964301,274,10.976406
19376626279,260,10.976331
27896581763,264,10.976323
48191195951,270,10.976305
48194251741,270,10.976276
83277133939,276,10.976145
48209932961,270,10.976131
27908525803,264,10.976128
99947656927,278,10.976033
48251221289,270,10.975749
11233713817,254,10.975627
83400164863,276,10.975501
23293477379,262,10.975459
48284669077,270,10.975440
19414576549,260,10.975424
27959272417,264,10.975299
2616630941,238,10.975251
83453584843,276,10.975222
27968105257,264,10.975155
83499157793,276,10.974983
19435955377,260,10.974914
33579311599,266,10.974876
7815407849,250,10.974846
58025573863,272,10.974756
27993164261,264,10.974746
9380485661,252,10.974703
48368064067,270,10.974670
69652930301,274,10.974578
83598650087,276,10.974463
9387346261,252,10.974354
48402484859,270,10.974353
4528589927,244,10.974343
83675721253,276,10.974061
83680713023,276,10.974035
48441511673,270,10.973993
23368219271,262,10.973987
69782616677,274,10.973761
69791401973,274,10.973705
23383196909,262,10.973692
83755637677,276,10.973645
28068390461,264,10.973522
48498969091,270,10.973465
16262070611,258,10.973073
28099615351,264,10.973015
83888699659,276,10.972952
48555175579,270,10.972948
48572009989,270,10.972794
48582783553,270,10.972694
28123692197,264,10.972624
33756053119,266,10.972500
70001540027,274,10.972384
23453845601,262,10.972305
84022529033,276,10.972257
9429169499,252,10.972229
16295596507,258,10.972112
19559775337,260,10.971972
48679411307,270,10.971808
23481486533,262,10.971764
48686918107,270,10.971740
70136688647,274,10.971537
28191275647,264,10.971530
28193187973,264,10.971498
58457185741,272,10.971476
84204443633,276,10.971313
19590272827,260,10.971251
40621360469,268,10.971214
33872830567,266,10.970937
28240115681,264,10.970740
40667407421,268,10.970706
84323085779,276,10.970699
84362377439,276,10.970496
84376657577,276,10.970423
19629226483,260,10.970332
84439936697,276,10.970096
84456127117,276,10.970012
84463247717,276,10.969975
23578383119,262,10.969872
58677306559,272,10.969812
19652178307,260,10.969791
48914201993,270,10.969664
40763100839,268,10.969650
48919869623,270,10.969612
28321906421,264,10.969422
40793443349,268,10.969316
23609022113,262,10.969275
84607232719,276,10.969233
70517812973,274,10.969156
34013219197,266,10.969066
28344754847,264,10.969054
5492982233,246,10.969050
84650009893,276,10.969012
84660585587,276,10.968958
84665486897,276,10.968933
34038582619,266,10.968728
6596272429,248,10.968709
34048619173,266,10.968595
5498412863,246,10.968567
40865377991,268,10.968525
49043135539,270,10.968491
70625133443,274,10.968489
3819428761,242,10.968408
28386338737,264,10.968387
70641844577,274,10.968385
70668992321,274,10.968216
13694960597,256,10.968157
84838929337,276,10.968040
84845743667,276,10.968006
28413888733,264,10.967944
40922452799,268,10.967898
40932534761,268,10.967788
84889692523,276,10.967780
49126877903,270,10.967731
70774553693,274,10.967561
34128377977,266,10.967537
7937450153,250,10.967385
49167659857,270,10.967361
49170811829,270,10.967333
11432375587,254,10.967319
49191486479,270,10.967145
16480265357,258,10.966856
41026814267,268,10.966756
85125524153,276,10.966571
11452647631,254,10.966481
34210609669,266,10.966449
70955485703,274,10.966440
28511242763,264,10.966386
70964655323,274,10.966383
34222731373,266,10.966289
85200683587,276,10.966187
85234599139,276,10.966013
59193804841,272,10.965937
85262448619,276,10.965871
28548663443,264,10.965789
16520352049,258,10.965724
13767336857,256,10.965680
28571755481,264,10.965421
85381502579,276,10.965262
71167998887,274,10.965128
13792266659,256,10.964830
85466733739,276,10.964828
11495270497,254,10.964723
2227807819,236,10.964360
19885044667,260,10.964342
9587432879,252,10.964283
59416166209,272,10.964279
85603246633,276,10.964133
49528527463,270,10.964105
1289694487,230,10.964039
71352363347,274,10.963992
6661094059,248,10.963967
19901398243,260,10.963962
71377605401,274,10.963838
34411970113,266,10.963796
49569774437,270,10.963734
85685613847,276,10.963715
9599529293,252,10.963681
71407845401,274,10.963652
49584216449,270,10.963604
85717017979,276,10.963554
49604626919,270,10.963421
71452913801,274,10.963375
85772254433,276,10.963274
28728157181,264,10.962934
85847747939,276,10.962891
5563537457,246,10.962811
49677674881,270,10.962766
16628881349,258,10.962673
59643224461,272,10.962594
28753515503,264,10.962533
34510592827,266,10.962502
49709147027,270,10.962483
49714175461,270,10.962439
34518003523,266,10.962406
71620313711,274,10.962348
85962636953,276,10.962309
28770482987,264,10.962264
59703312751,272,10.962149
520058753,220,10.961934
49806923347,270,10.961609
49817879729,270,10.961512
71788098713,274,10.961322
86166520217,276,10.961277
41550161027,268,10.961070
59863022683,272,10.960969
86240340503,276,10.960904
49894300991,270,10.960830
59900655211,272,10.960691
59936810209,272,10.960424
24080175503,262,10.960209
41636172491,268,10.960143
28904978953,264,10.960142
28913035027,264,10.960015
49988307043,270,10.959991
86434979329,276,10.959923
50000964863,270,10.959879
16729396069,258,10.959867
28924529353,264,10.959834
50014415041,270,10.959760
34726529293,266,10.959685
86485727203,276,10.959668
50025968761,270,10.959657
86492512619,276,10.959634
50033342063,270,10.959591
50040835133,270,10.959524
41697982247,268,10.959478
9684693181,252,10.959470
41701986857,268,10.959435
86570052739,276,10.959244
60125644003,272,10.959036
86629581917,276,10.958944
24147356069,262,10.958931
72212031293,274,10.958741
24162294683,262,10.958648
41777028731,268,10.958630
29003704291,264,10.958591
72270991151,274,10.958384
20145910207,260,10.958319
86817777323,276,10.958000
20159929369,260,10.957997
6744015319,248,10.957973
34873560913,266,10.957778
2708994881,238,10.957722
34883491927,266,10.957649
72395093027,274,10.957631
14011014503,256,10.957445
24228755849,262,10.957389
16819090181,258,10.957377
86946927953,276,10.957354
86949001729,276,10.957343
9728699263,252,10.957310
9728846011,252,10.957302
3905972563,242,10.957280
41903177711,268,10.957279
3254370523,240,10.957271
72456258353,274,10.957261
29091972557,264,10.957209
86993792267,276,10.957119
87015594569,276,10.957010
34937350639,266,10.956953
14025868817,256,10.956948
72515933411,274,10.956901
87058090019,276,10.956798
34956408439,266,10.956707
41957820461,268,10.956695
24275140733,262,10.956512
29137414051,264,10.956499
253098649,212,10.956475
87125867267,276,10.956459
87131253439,276,10.956432
6768505207,248,10.956219
60510566629,272,10.956219
50419319833,270,10.956174
60522064579,272,10.956135
87194053039,276,10.956120
14053230599,256,10.956035
50435709287,270,10.956029
20247070237,260,10.956006
87218428147,276,10.955997
35014049923,266,10.955963
50443782679,270,10.955958
16872300869,258,10.955908
9759075713,252,10.955825
87274997627,276,10.955715
50474119859,270,10.955690
24329418299,262,10.955489
50499848699,270,10.955464
87332686757,276,10.955428
16893214397,258,10.955331
29215798501,264,10.955277
87366236803,276,10.955261
60642573661,272,10.955256
72833784917,274,10.954985
29238343891,264,10.954926
14086745417,256,10.954918
87439811909,276,10.954895
60699529993,272,10.954843
87484453949,276,10.954673
42170742179,268,10.954428
60777193471,272,10.954279
24394516169,262,10.954266
87598706953,276,10.954105
87605404069,276,10.954073
87611561987,276,10.954042
60810646489,272,10.954036
3932661631,242,10.953903
11763700177,254,10.953808
11764272031,254,10.953784
60849153961,272,10.953756
50698133957,270,10.953722
20348491663,260,10.953700
60891415513,272,10.953450
29340599417,264,10.953340
20368907389,260,10.953237
35232238429,266,10.953161
87815329649,276,10.953032
29362318607,264,10.953003
87822597067,276,10.952996
29362844807,264,10.952995
3282738169,240,10.952930
87864681907,276,10.952787
73204870283,274,10.952759
73221533303,274,10.952660
87897808409,276,10.952624
42350708531,268,10.952521
61020538561,272,10.952516
6820580467,248,10.952511
16998517187,258,10.952441
50846109757,270,10.952427
87947900009,276,10.952376
73286037437,274,10.952274
35301962569,266,10.952270
24504743573,262,10.952201
50889501703,270,10.952048
88023364057,276,10.952003
50899011221,270,10.951965
35326688497,266,10.951954
73342172291,274,10.951939
88049533153,276,10.951875
8198583917,250,10.951834
73378223981,274,10.951723
35351448397,266,10.951637
29453068873,264,10.951601
29461037677,264,10.951478
50956316003,270,10.951466
88134022027,276,10.951458
50960509517,270,10.951429
88178003863,276,10.951241
17046268331,258,10.951138
29486972477,264,10.951078
88227398449,276,10.950997
20468107357,260,10.950995
88238157757,276,10.950945
73544794607,274,10.950731
88285555063,276,10.950711
51051221783,270,10.950639
51053970109,270,10.950615
61286903533,272,10.950596
51057366863,270,10.950585
61297147903,272,10.950521
9870614983,252,10.950415
51085419659,270,10.950341
29537982151,264,10.950294
42562050857,268,10.950294
17078952221,258,10.950247
51103163047,270,10.950188
51107480299,270,10.950150
73642954433,274,10.950148
20508154783,260,10.950094
42586852577,268,10.950033
88444847713,276,10.949928
51136147259,270,10.949901
88466895817,276,10.949820
88470259019,276,10.949803
123346481,204,10.949783
24638273063,262,10.949714
88540154903,276,10.949460
51188786287,270,10.949444
51194458157,270,10.949395
51222901651,270,10.949148
35548192213,266,10.949136
20552767783,260,10.949092
29616441203,264,10.949089
921336419,226,10.948904
29645341247,264,10.948646
88750105043,276,10.948432
73943239043,274,10.948367
51319686487,270,10.948310
51337185931,270,10.948158
88808528867,276,10.948146
29679180617,264,10.948128
88830382717,276,10.948039
88859331019,276,10.947897
5737528463,246,10.947787
51394519783,270,10.947663
35673712999,266,10.947547
88933729103,276,10.947534
74097452981,274,10.947455
14314059233,256,10.947418
42854832851,268,10.947227
17190466829,258,10.947223
51446499547,270,10.947214
51447147013,270,10.947209
14324300033,256,10.947083
11934659467,254,10.946996
89049703493,276,10.946968
89075367989,276,10.946843
35730205657,266,10.946835
51503721251,270,10.946721
17212038131,258,10.946641
42948837119,268,10.946248
51558706327,270,10.946248
89202533923,276,10.946223
74317286567,274,10.946160
42958113287,268,10.946152
42962150159,268,10.946109
29828099407,264,10.945856
17244064531,258,10.945777
61969013011,272,10.945718
35821515283,266,10.945684
9970353011,252,10.945632
35832657937,266,10.945544
89353045987,276,10.945492
89374502039,276,10.945388
51665124997,270,10.945333
20727539461,260,10.945189
43077546881,268,10.944910
17279253071,258,10.944831
89504704853,276,10.944756
9989075021,252,10.944740
9989455241,252,10.944722
35899170049,266,10.944710
51755069473,270,10.944561
17290774309,258,10.944521
43118375039,268,10.944487
89570033713,276,10.944439
74621215997,274,10.944375
89594648147,276,10.944320
17301233281,258,10.944241
51800255723,270,10.944174
51802154273,270,10.944158
62190226519,272,10.944149
10001933021,252,10.944129
89652270979,276,10.944040
89659311767,276,10.944007
10004693969,252,10.943998
43166914139,268,10.943984
62220106723,272,10.943937
29964259811,264,10.943789
51857771033,270,10.943682
74759377403,274,10.943567
43213675727,268,10.943501
35997160477,266,10.943482
51892717193,270,10.943382
51900374311,270,10.943317
89802145283,276,10.943316
51906483929,270,10.943265
51907932917,270,10.943253
62340666481,272,10.943085
10024435583,252,10.943061
89864653157,276,10.943014
36037111543,266,10.942983
74890561517,274,10.942801
51964502963,270,10.942770
89949614357,276,10.942604
89958294203,276,10.942562
89973020029,276,10.942492
89979013247,276,10.942462
52002464593,270,10.942446
89992784477,276,10.942396
30059172487,264,10.942355
17379008719,258,10.942159
62478521869,272,10.942112
90099312773,276,10.941883
30091107143,264,10.941874
30093616253,264,10.941835
90139818859,276,10.941688
43395294797,268,10.941627
4840366757,244,10.941578
52108460357,270,10.941543
52114546147,270,10.941491
75121275917,274,10.941457
540017879,220,10.941402
30128817337,264,10.941305
62613808471,272,10.941160
62619670999,272,10.941119
20911722409,260,10.941114
62634930703,272,10.941012
30148480543,264,10.941010
90294081613,276,10.940946
36209485993,266,10.940835
25121387699,262,10.940834
20925774757,260,10.940805
75235866611,274,10.940790
30168409991,264,10.940710
90366848753,276,10.940597
36230644669,266,10.940572
52226331019,270,10.940541
62710018633,272,10.940485
90394254089,276,10.940465
75306858647,274,10.940378
36251816869,266,10.940310
52280353259,270,10.940083
30216644483,264,10.939985
4856250977,244,10.939971
52298207053,270,10.939931
43568366987,268,10.939849
90527982533,276,10.939824
4046897269,242,10.939724
20978549023,260,10.939646
10097794241,252,10.939597
75448761923,274,10.939556
75453417881,274,10.939529
52350227077,270,10.939490
90621080339,276,10.939379
90631701829,276,10.939327
52375541989,270,10.939277
52376630287,270,10.939267
90670094699,276,10.939144
21012448729,260,10.938903
17505218701,258,10.938802
90751637309,276,10.938754
1354023331,230,10.938658
90771769883,276,10.938658
8434845743,250,10.938221
90872258777,276,10.938178
63056144383,272,10.938063
30348801247,264,10.938007
14605661033,256,10.937985
10132833331,252,10.937953
30353122127,264,10.937943
90958066273,276,10.937769
36458260603,266,10.937755
21068474257,260,10.937677
52571060039,270,10.937625
36501349693,266,10.937223
52643532209,270,10.937015
36521857303,266,10.936971
91126323787,276,10.936968
91142881927,276,10.936890
36535572487,266,10.936802
17581328047,258,10.936790
52681481197,270,10.936696
17585887721,258,10.936669
52698521881,270,10.936552
75971723561,274,10.936541
52702993663,270,10.936515
36559022713,266,10.936514
91226133587,276,10.936494
91226549093,276,10.936492
91232588497,276,10.936463
91243844537,276,10.936410
75998914127,274,10.936384
63309494659,272,10.936299
52742140933,270,10.936186
76044304793,274,10.936124
91305288379,276,10.936118
30493940761,264,10.935845
91364319919,276,10.935838
91378872737,276,10.935769
63415545709,272,10.935564
36636805633,266,10.935558
30513887413,264,10.935550
91448247029,276,10.935440
52847167897,270,10.935305
91480921957,276,10.935286
8487106541,250,10.935266
44024161199,268,10.935203
8489096783,250,10.935153
52880566793,270,10.935025
52926320929,270,10.934642
91617548293,276,10.934639
76318675541,274,10.934551
30581545721,264,10.934546
36733383307,266,10.934375
30595936451,264,10.934334
2363519287,236,10.934320
91695770017,276,10.934269
36763118299,266,10.934011
63647478883,272,10.933959
12271297183,254,10.933888
63672401941,272,10.933786
76476989117,274,10.933647
36796578943,266,10.933602
63704318581,272,10.933566
91879951853,276,10.933400
91880613367,276,10.933396
30660243443,264,10.933383
12285796921,254,10.933332
44215098119,268,10.933272
12287697133,254,10.933259
3415012849,240,10.933220
12289851031,254,10.933177
44234534489,268,10.933076
17726303761,258,10.932983
91973486459,276,10.932960
76602801257,274,10.932930
92018124949,276,10.932749
53158296679,270,10.932706
53168957977,270,10.932617
1140990817,228,10.932545
53178224279,270,10.932540
44296364867,268,10.932453
92102140649,276,10.932354
76710042107,274,10.932320
30734395283,264,10.932289
53228424611,270,10.932122
30764652053,264,10.931844
17770032107,258,10.931843
76810653131,274,10.931748
76814278691,274,10.931727
92239966597,276,10.931706
44383878641,268,10.931573
64013315719,272,10.931440
30792358423,264,10.931436
30797598967,264,10.931359
92317036099,276,10.931345
64031198911,272,10.931317
53338129393,270,10.931211
92349266767,276,10.931193
92368476943,276,10.931104
44441101079,268,10.930999
44453899151,268,10.930870
37023801733,266,10.930836
1982015807,234,10.930810
53442089959,270,10.930349
44507189039,268,10.930336
53445277891,270,10.930323
53446787393,270,10.930310
64179158599,272,10.930304
92550182887,276,10.930253
37073499097,266,10.930233
382297843,216,10.930228
44521608671,268,10.930192
92566287263,276,10.930178
77088869657,274,10.930172
53468814209,270,10.930128
77099170787,274,10.930114
53475671917,270,10.930071
53478405577,270,10.930048
92610202309,276,10.929973
53495456423,270,10.929908
30902704543,264,10.929817
92646127177,276,10.929805
17850126887,258,10.929760
17855058407,258,10.929632
10314483271,252,10.929523
77205472781,274,10.929513
14873624573,256,10.929496
77213684897,274,10.929466
53558408801,270,10.929387
92759436443,276,10.929276
64332223141,272,10.929257
92776043413,276,10.929198
77279549141,274,10.929094
53600387359,270,10.929041
77293866347,274,10.929014
30958430621,264,10.929002
21470656183,260,10.928984
37177818049,266,10.928971
30966151673,264,10.928889
37186731313,266,10.928864
14893800347,256,10.928864
92873667377,276,10.928742
53637858217,270,10.928731
53682189247,270,10.928366
92969438377,276,10.928297
53692696469,270,10.928279
31008511661,264,10.928270
53702576563,270,10.928198
37250497267,266,10.928095
31032831601,264,10.927916
53743312481,270,10.927862
53787307069,270,10.927501
53815730057,270,10.927267
93202894843,276,10.927212
37336207333,266,10.927063
25895145779,262,10.926992
7191989881,248,10.926923
17960280361,258,10.926912
93289188649,276,10.926811
53880749821,270,10.926733
31116442493,264,10.926699
44877057359,268,10.926648
93327374837,276,10.926634
93339602299,276,10.926578
64727468059,272,10.926568
3461166703,240,10.926538
53916078679,270,10.926443
93386040893,276,10.926362
93409000859,276,10.926256
25944132653,262,10.926131
93449176973,276,10.926070
77819038343,274,10.926063
37429136047,266,10.925947
54004710247,270,10.925717
10399964461,252,10.925612
54018295169,270,10.925606
77901293231,274,10.925603
93595914617,276,10.925391
54046826189,270,10.925372
31217961953,264,10.925226
54066730853,270,10.925209
31227186013,264,10.925093
31231658651,264,10.925028
93689700563,276,10.924958
31237764917,264,10.924939
31242455477,264,10.924871
93723266387,276,10.924804
54120435521,270,10.924770
93731946359,276,10.924764
78068333033,274,10.924669
65026092289,272,10.924548
26034708041,262,10.924543
93780905639,276,10.924538
93787079993,276,10.924509
21681708229,260,10.924492
45102484577,268,10.924417
37557224233,266,10.924415
78127506683,274,10.924339
54207691397,270,10.924059
93923063183,276,10.923882
45159957641,268,10.923849
45162689969,268,10.923822
93946128193,276,10.923777
54244446077,270,10.923759
18086300387,258,10.923677
2899455869,238,10.923550
12546331267,254,10.923466
37643919493,266,10.923380
94060581343,276,10.923250
78326921147,274,10.923229
65224003321,272,10.923215
94077028813,276,10.923175
45229818131,268,10.923161
94081487749,276,10.923154
26118505121,262,10.923079
94098473039,276,10.923076
37682475487,266,10.922920
94132908983,276,10.922918
107534789,202,10.922861
45265133471,268,10.922813
21762020083,260,10.922794
3487421603,240,10.922780
3487589299,240,10.922756
54398139053,270,10.922508
65332636933,272,10.922485
54401328049,270,10.922482
94229008007,276,10.922477
45299677001,268,10.922474
54402935413,270,10.922470
54410992777,270,10.922404
94252090343,276,10.922371
65351078521,272,10.922361
45319902461,268,10.922276
15110890343,256,10.922116
78559548161,274,10.921938
78562507313,274,10.921922
45359119361,268,10.921890
78571178783,274,10.921874
7268085421,248,10.921858
26189092493,262,10.921850
21830367673,260,10.921356
15138359519,256,10.921269
21836968957,260,10.921217
78695550407,274,10.921185
78707347493,274,10.921120
18193497667,258,10.920944
31516888133,264,10.920919
45460817867,268,10.920894
65603095759,272,10.920673
94647976217,276,10.920560
5052885437,244,10.920536
94671542113,276,10.920452
78840130571,274,10.920386
54666115219,270,10.920338
94713475543,276,10.920260
54689773979,270,10.920147
1168363517,228,10.920132
18233314327,258,10.919934
7297864537,248,10.919892
54724716973,270,10.919865
78934705301,274,10.919865
94804539029,276,10.919846
78945442547,274,10.919806
94817238947,276,10.919787
78961722023,274,10.919716
37970449987,266,10.919507
79003164431,274,10.919487
2026590913,234,10.919465
94888768343,276,10.919462
94890280699,276,10.919455
12655015717,254,10.919415
18256579447,258,10.919345
54791545609,270,10.919326
94945577533,276,10.919203
94946931913,276,10.919197
54819524611,270,10.919100
12664107013,254,10.919078
94997274943,276,10.918968
95045081489,276,10.918751
6091369279,246,10.918708
54870008891,270,10.918694
95058920989,276,10.918688
38041528489,266,10.918669
8788285409,250,10.918611
10555567999,252,10.918582
79167657761,274,10.918582
5073751601,244,10.918522
18289583621,258,10.918510
54901307869,270,10.918442
45723635231,268,10.918328
79238227403,274,10.918195
38088629629,266,10.918115
7325293021,248,10.918088
54947175589,270,10.918074
54948618157,270,10.918061
18308852101,258,10.918024
10568880961,252,10.917986
12698064277,254,10.917821
54978871397,270,10.917819
45781600889,268,10.917766
79353954983,274,10.917560
38140776097,266,10.917501
66086602573,272,10.917455
18334968109,258,10.917365
95355168823,276,10.917344
95357947249,276,10.917332
55040070191,270,10.917328
22024091917,260,10.917304
79414276433,274,10.917229
31792938211,264,10.916981
55086013951,270,10.916959
55099594619,270,10.916850
79494765227,274,10.916788
31806700691,264,10.916785
6116611073,246,10.916704
38209775377,266,10.916692
95504745473,276,10.916667
95505128377,276,10.916665
55124781991,270,10.916649
95544811613,276,10.916486
7350097147,248,10.916464
38241806899,266,10.916316
45938542649,268,10.916244
31851173083,264,10.916155
95620569269,276,10.916143
31856591827,264,10.916078
79653350327,274,10.915921
38276428087,266,10.915911
95695332947,276,10.915807
79679227763,274,10.915780
79685596967,274,10.915746
38290916107,266,10.915741
55244707901,270,10.915689
95725091897,276,10.915672
55254791881,270,10.915609
55275202537,270,10.915446
55281964421,270,10.915392
55282286447,270,10.915389
66433211443,272,10.915163
31922530201,264,10.915145
55314321509,270,10.915133
108958169,202,10.915100
46058978729,268,10.915079
2044208077,234,10.915056
79817797691,274,10.915025
38353967209,266,10.915004
79871068307,274,10.914735
46094669507,268,10.914735
95957218453,276,10.914627
18449530657,258,10.914488
31970644687,264,10.914465
66544087261,272,10.914433
66544807333,272,10.914428
96030576703,276,10.914297
31996514897,264,10.914101
96098010917,276,10.913994
96098494447,276,10.913992
96114311113,276,10.913920
15379552883,256,10.913910
46184494199,268,10.913870
32013329471,264,10.913863
66648855841,272,10.913744
80070781877,274,10.913649
46224194057,268,10.913487
96215841859,276,10.913465
55527687119,270,10.913435
80136317831,274,10.913293
26689431623,262,10.913241
2051843557,234,10.913158
38513176729,266,10.913149
96291509659,276,10.913126
96297035207,276,10.913101
26697693059,262,10.913100
18508385969,258,10.913018
4272169639,242,10.913000
12830323801,254,10.912961
46280163647,268,10.912950
96340798987,276,10.912905
6165943943,246,10.912814
96395531899,276,10.912660
96435635969,276,10.912480
96441819907,276,10.912453
10693784183,252,10.912432
55655438777,270,10.912421
96515369869,276,10.912124
26759461511,262,10.912050
96553187189,276,10.911955
80405012483,274,10.911839
80405884697,274,10.911834
38627856067,266,10.911818
96585985417,276,10.911808
2968336031,238,10.911792
96604044133,276,10.911728
46408471217,268,10.911720
96609119437,276,10.911705
96629934529,276,10.911613
7426461517,248,10.911499
38661051349,266,10.911433
80492300711,274,10.911367
96693584947,276,10.911328
32195796931,264,10.911300
46478324561,268,10.911052
4289168161,242,10.911046
55831033439,270,10.911033
32215668571,264,10.911021
55835755117,270,10.910995
80564577833,274,10.910977
38703044557,266,10.910948
55861169411,270,10.910794
80609155853,274,10.910737
96834527617,276,10.910700
32246885653,264,10.910584
38734651237,266,10.910583
67158210319,272,10.910411
55915590439,270,10.910365
96925324273,276,10.910295
55963652023,270,10.909986
46591196819,268,10.909974
32290948747,264,10.909968
55966976551,270,10.909961
55977260069,270,10.909880
80774071061,274,10.909849
22386609013,260,10.909825
97065936389,276,10.909670
97084791487,276,10.909587
32323562671,264,10.909513
4303685629,242,10.909384
2067306067,234,10.909339
97146805037,276,10.909311
67336138291,272,10.909253
46667419361,268,10.909248
97194638603,276,10.909099
229316669,210,10.908743
67432403581,272,10.908628
32387444671,264,10.908624
46736735447,268,10.908589
81045148187,274,10.908394
56185858409,270,10.908240
46800078167,268,10.907988
97474497049,276,10.907859
46819945241,268,10.907800
22489053127,260,10.907736
38989319599,266,10.907650
27021068111,262,10.907630
27026393291,262,10.907541
97556669359,276,10.907496
67622079619,272,10.907399
46865788511,268,10.907365
39016018123,266,10.907344
46873354259,268,10.907293
56308094053,270,10.907282
56315958341,270,10.907221
97632019577,276,10.907164
32499051281,264,10.907073
81295905827,274,10.907052
46911449147,268,10.906933
22530619369,260,10.906891
18760729829,258,10.906771
10823704729,252,10.906728
56380393049,270,10.906717
56383299139,270,10.906694
32533796003,264,10.906591
56398739981,270,10.906573
22549779667,260,10.906502
56409581233,270,10.906488
67763794921,272,10.906484
97821696923,276,10.906326
10833386191,252,10.906306
32556872081,264,10.906272
27111001961,262,10.906121
18787735381,258,10.906107
56458803857,270,10.906105
56473520839,270,10.905990
32589603701,264,10.905820
56497138769,270,10.905806
6256494733,246,10.905761
97951446317,276,10.905755
18806354977,258,10.905650
39166952479,266,10.905618
81571752323,274,10.905581
98007559613,276,10.905509
98061562793,276,10.905272
10859976763,252,10.905149
32638544201,264,10.905144
39217919263,266,10.905036
98115956647,276,10.905032
32648668313,264,10.905004
9044206973,250,10.904940
81705474563,274,10.904871
68024861053,272,10.904802
27200265971,262,10.904630
68057769463,272,10.904591
98219645003,276,10.904577
10873726091,252,10.904552
56658548851,270,10.904549
68066413549,272,10.904535
32682949573,264,10.904531
39271227673,266,10.904428
133284643,204,10.904428
47185423541,268,10.904348
27220109303,262,10.904299
39286220383,266,10.904259
81846258167,274,10.904123
18876118091,258,10.903944
56745985931,270,10.903870
98385251047,276,10.903852
32732709223,264,10.903846
56750662481,270,10.903833
32736410461,264,10.903795
47251080689,268,10.903731
27258934673,262,10.903652
98437512263,276,10.903623
56784093137,270,10.903574
98459263729,276,10.903527
6286795549,246,10.903425
98492580269,276,10.903382
98493652223,276,10.903378
22707243199,260,10.903319
56829121331,270,10.903225
98547490267,276,10.903142
32787343621,264,10.903095
32800866941,264,10.902909
18922146401,258,10.902822
32808380261,264,10.902806
68347631551,272,10.902733
6297031997,246,10.902639
192984059,208,10.902543
98721018317,276,10.902384
39451416847,266,10.902383
18942611551,258,10.902324
68414607829,272,10.902306
98740986913,276,10.902297
98746726049,276,10.902272
47407299257,268,10.902267
32870893537,264,10.901949
22777533517,260,10.901906
98850394063,276,10.901820
57014092901,270,10.901794
27380161379,262,10.901639
27384070799,262,10.901574
98940706967,276,10.901427
57076664809,270,10.901312
27401245043,262,10.901289
27405496661,262,10.901219
82402308371,274,10.901186
57099646039,270,10.901134
99009851813,276,10.901126
57101830613,270,10.901118
39565565983,266,10.901092
39566141893,266,10.901086
82441699853,274,10.900979
82453968881,274,10.900914
13166790757,254,10.900837
82475264471,274,10.900803
99092440817,276,10.900767
39598064017,266,10.900725
68665100143,272,10.900708
99142170353,276,10.900551
22852067263,260,10.900413
82579611131,274,10.900254
39643300987,266,10.900215
33000086387,264,10.900184
57225007337,270,10.900169
47635752389,268,10.900136
57232340257,270,10.900113
841360357,224,10.899962
33020226661,264,10.899909
19042468411,258,10.899902
6333468689,246,10.899852
57270601673,270,10.899819
68814195409,272,10.899761
57286784833,270,10.899694
82697098301,274,10.899637
9147051659,250,10.899564
99375261439,276,10.899540
22896853711,260,10.899518
99394030663,276,10.899459
57320642479,270,10.899435
701086649,222,10.899374
27518516999,262,10.899353
22906718929,260,10.899322
82785503741,274,10.899175
99503158939,276,10.898987
99513768407,276,10.898941
82834883231,274,10.898916
68953981813,272,10.898874
57397441951,270,10.898846
99537852839,276,10.898836
57418700569,270,10.898683
57421418221,270,10.898662
82889706113,274,10.898629
39789316939,266,10.898573
99602517403,276,10.898557
57437222971,270,10.898540
82926055463,274,10.898439
19103713379,258,10.898423
27575222669,262,10.898419
15901963313,256,10.898390
19109658037,258,10.898280
22963300531,260,10.898194
82983610547,274,10.898138
99712139827,276,10.898084
99719953253,276,10.898050
57508464373,270,10.897996
47870389481,268,10.897958
69100041823,272,10.897950
57515284301,270,10.897943
11029656089,252,10.897838
39858182323,266,10.897801
9181712849,250,10.897767
69139882543,272,10.897699
33183883987,264,10.897684
57557634577,270,10.897620
22995218383,260,10.897560
99844461989,276,10.897513
99872011847,276,10.897394
3672108221,240,10.897187
39920743549,266,10.897101
57630933991,270,10.897060
39926703307,266,10.897035
7654267039,248,10.897014
99964309439,276,10.896996
69286117969,272,10.896776
13289582347,254,10.896496
33280010941,264,10.896383
33291344033,264,10.896230
23064592183,260,10.896184
57753971411,270,10.896122
69392907553,272,10.896104
33303813203,264,10.896062
57765752131,270,10.896032
57766017497,270,10.896030
195208439,208,10.895998
27734038859,262,10.895817
69452636059,272,10.895729
19220731727,258,10.895613
40059820063,266,10.895549
57838595569,270,10.895478
40075264939,266,10.895376
69518381731,272,10.895316
57862213993,270,10.895299
19240515457,258,10.895140
11109229231,252,10.894451
33441850987,264,10.894202
58011377891,270,10.894167
83756624243,274,10.894120
83786428151,274,10.893967
13362716527,254,10.893931
11124198313,252,10.893817
27857789171,262,10.893800
6413518619,246,10.893789
48336184607,268,10.893668
58077765853,270,10.893664
33483525641,264,10.893642
2563301749,236,10.893366
58125450899,270,10.893304
48378967529,268,10.893277
58132418329,270,10.893250
33512784061,264,10.893250
69871087381,272,10.893107
33524882323,264,10.893087
33525012011,264,10.893085
83973267563,274,10.893002
83998828937,274,10.892870
4452436753,242,10.892698
11152517669,252,10.892619
2138053933,234,10.892251
16115553653,256,10.892203
58277143867,270,10.892159
84184529333,274,10.891913
58325099233,270,10.891797
40398413203,266,10.891793
58331762471,270,10.891747
40431052267,266,10.891434
33659892353,264,10.891281
58393702621,270,10.891280
23323868959,260,10.891082
40465029907,266,10.891059
58435241993,270,10.890968
40474188913,266,10.890958
58441424123,270,10.890922
16161788849,256,10.890876
19422668717,258,10.890806
1028682299,226,10.890756
70268972413,272,10.890631
1236425777,228,10.890597
84448012343,274,10.890561
28060107899,262,10.890523
11203502413,252,10.890472
70302477313,272,10.890423
58511790329,270,10.890393
84495452477,274,10.890318
9327552161,250,10.890285
19450711799,258,10.890142
84533657171,274,10.890122
58558220867,270,10.890044
70374663181,272,10.889976
70374595243,272,10.889976
48743283551,268,10.889956
33771315577,264,10.889796
33772529321,264,10.889780
19466071081,258,10.889780
84605706863,274,10.889753
19468590697,258,10.889721
84638501603,274,10.889585
84654039251,274,10.889506
33798478151,264,10.889435
19483596809,258,10.889366
58659553163,270,10.889285
19493305399,258,10.889137
70519212691,272,10.889081
58701562747,270,10.888970
58722646589,270,10.888813
70583789161,272,10.888682
58752391613,270,10.888591
58777110913,270,10.888406
70650682783,272,10.888269
58833277807,270,10.887986
5403070811,244,10.887883
70718885953,272,10.887849
33918471871,264,10.887843
40776423409,266,10.887642
33938623001,264,10.887577
28246988249,262,10.887519
58918605373,270,10.887350
70827814579,272,10.887177
58949721137,270,10.887118
70841444689,272,10.887094
70854764521,272,10.887012
58983000751,270,10.886870
23540605861,260,10.886864
16303666109,256,10.886827
11293037309,252,10.886727
23555400031,260,10.886578
70934241151,272,10.886523
85240783997,274,10.886518
16318959047,256,10.886394
6513719453,246,10.886316
7828643839,248,10.886238
49154976797,268,10.886235
59070174479,270,10.886223
34042331221,264,10.886208
70996259413,272,10.886143
85317434603,274,10.886129
85347107897,274,10.885979
34060982381,264,10.885962
59111821547,270,10.885913
85420345937,274,10.885608
59165034881,270,10.885518
34100429647,264,10.885442
49245703721,268,10.885420
59181512323,270,10.885396
34110068401,264,10.885315
85509151271,274,10.885159
28395567359,262,10.885145
11333464711,252,10.885047
59231320153,270,10.885027
11334750373,252,10.884994
59246121059,270,10.884917
34141129661,264,10.884907
49313529521,268,10.884811
59264531509,270,10.884781
41041863307,266,10.884750
23650068571,260,10.884749
49331433077,268,10.884651
71241056503,272,10.884644
71247807079,272,10.884602
6541576843,246,10.884260
59347615031,270,10.884166
34199695571,264,10.884137
23683955173,260,10.884097
866957461,224,10.884089
85737792611,274,10.884004
85743468731,274,10.883975
59403464161,270,10.883754
23701957267,260,10.883751
19723322797,258,10.883749
71406267223,272,10.883635
34241047721,264,10.883595
49452402011,268,10.883569
71427078109,272,10.883508
85849218761,274,10.883442
71442644719,272,10.883412
85857414647,274,10.883401
85857433703,274,10.883401
59472951679,270,10.883241
23737957513,260,10.883060
34291854781,264,10.882930
49527234377,268,10.882900
23751986737,260,10.882791
59538971579,270,10.882753
23755862017,260,10.882716
59560028641,270,10.882599
59564995547,270,10.882562
86031548543,274,10.882525
41252735743,266,10.882468
86053268867,274,10.882416
86054667443,274,10.882409
28568829269,262,10.882395
59602083509,270,10.882289
59641149443,270,10.882002
59647374923,270,10.881956
86145927821,274,10.881951
7899616939,248,10.881927
86156801573,274,10.881896
34371844427,264,10.881885
71717901019,272,10.881739
19811719111,258,10.881696
41326385137,266,10.881675
59708680309,270,10.881505
6579163579,246,10.881502
86274457931,274,10.881307
11425017403,252,10.881266
34429339933,264,10.881135
23841731653,260,10.881073
19844053609,258,10.880947
86350049573,274,10.880928
34452572417,264,10.880833
34462096441,264,10.880709
71894376751,272,10.880669
16523012543,256,10.880644
6592025197,246,10.880562
59840347181,270,10.880540
2629808803,236,10.880502
59892118469,270,10.880160
11454035969,252,10.880074
13765917283,254,10.880059
23902745851,260,10.879909
86559751697,274,10.879880
5493395483,244,10.879834
34530674531,264,10.879817
59947636783,270,10.879754
86586578921,274,10.879746
72069216409,272,10.879611
28746447413,262,10.879595
23922834289,260,10.879526
16565828429,256,10.879447
86682183293,274,10.879270
60031355609,270,10.879143
23943460117,260,10.879134
19931513339,258,10.878930
34606072801,264,10.878839
19946055799,258,10.878595
41618245393,266,10.878543
86832788711,274,10.878520
34641787391,264,10.878377
60137292461,270,10.878369
86870337767,274,10.878333
19965195427,258,10.878156
60173975177,270,10.878102
50068230449,268,10.878101
86923491293,274,10.878069
13824918787,254,10.878066
19972006937,258,10.877999
72338257051,272,10.877990
41674124839,266,10.877946
60210992927,270,10.877832
28864373453,262,10.877746
60234072757,270,10.877665
60247825711,270,10.877564
72434006041,272,10.877415
87061852967,274,10.877382
50154470057,268,10.877341
60318080159,270,10.877054
731075951,222,10.877007
50207793821,268,10.876872
50219279699,268,10.876771
13866911077,254,10.876654
60397141027,270,10.876480
87253426511,274,10.876433
60439017277,270,10.876177
50293767611,268,10.876117
60462332069,270,10.876007
50319486929,268,10.875892
34849043897,264,10.875704
28995469421,262,10.875699
28998591173,262,10.875650
50350028699,268,10.875624
41894502943,266,10.875600
87450357977,274,10.875460
60542067671,270,10.875430
60553281281,270,10.875349
34890844067,264,10.875167
60600726629,270,10.875006
87545702201,274,10.874990
72861617053,272,10.874855
20110814551,258,10.874824
60630356453,270,10.874792
50447961659,268,10.874766
41973488083,266,10.874763
24176356819,260,10.874729
60644951113,270,10.874686
72896558719,272,10.874646
6673637137,246,10.874643
41987132023,266,10.874619
2661555493,236,10.874485
72943100899,272,10.874369
72950974111,272,10.874322
87706019501,274,10.874200
87720348593,274,10.874129
24214473559,260,10.874013
60740553067,270,10.873997
42058121389,266,10.873867
60786639581,270,10.873664
60788289619,270,10.873652
60799465693,270,10.873572
60836578307,270,10.873304
35056995023,264,10.873038
60874450397,270,10.873033
24271308829,260,10.872947
87967761803,274,10.872914
73197722791,272,10.872854
13981223161,254,10.872831
73219220443,272,10.872726
60942403453,270,10.872543
60966608653,270,10.872370
50723677397,268,10.872361
61000508563,270,10.872127
61003947607,270,10.872102
88144433627,274,10.872048
42237449677,266,10.871976
88189437173,274,10.871828
4649622391,242,10.871493
9706494977,250,10.871427
20264593709,258,10.871333
11669629709,252,10.871321
88313769197,274,10.871221
35201514113,264,10.871197
73486267051,272,10.871144
35241691717,264,10.870687
61202035859,270,10.870683
73574538481,272,10.870623
11688532813,252,10.870562
88460170367,274,10.870506
88460662541,274,10.870503
61234129007,270,10.870453
20305147507,258,10.870417
42398958619,266,10.870280
35287127963,264,10.870110
88581967571,274,10.869913
88586918117,274,10.869888
29371970423,262,10.869878
24441910261,260,10.869762
88613857583,274,10.869758
61340944169,270,10.869691
35322510163,264,10.869661
61349477713,270,10.869630
88693873937,274,10.869369
61395155207,270,10.869304
51086495921,268,10.869219
29416071689,262,10.869202
35360892601,264,10.869175
6750698363,246,10.869127
20363854019,258,10.869095
88773546371,274,10.868981
20373945617,258,10.868868
88798030901,274,10.868862
35387724677,264,10.868835
24497337853,260,10.868733
61489483277,270,10.868632
61499567741,270,10.868561
88885599221,274,10.868438
88905147497,274,10.868342
20401797607,258,10.868242
73986523903,272,10.868197
61557150877,270,10.868152
35449886513,264,10.868051
20411571637,258,10.868023
61581260011,270,10.867980
88996513667,274,10.867900
20418078451,258,10.867877
35467352351,264,10.867829
8138666827,248,10.867711
61624831189,270,10.867670
35486777861,264,10.867585
20432851321,258,10.867546
61650668017,270,10.867487
61662682537,270,10.867402
11771512721,252,10.867246
14154059497,254,10.867116
61709826023,270,10.867067
61725480913,270,10.866957
14159315161,254,10.866943
35542934101,264,10.866878
9803344631,250,10.866735
35577946081,264,10.866437
35578173821,264,10.866434
1077625847,226,10.866416
51429852041,268,10.866266
74320350319,272,10.866243
74334935071,272,10.866158
51447789137,268,10.866113
11802975383,252,10.865995
9819508469,250,10.865957
61885756883,270,10.865823
61891835087,270,10.865780
35635341011,264,10.865716
51499920959,268,10.865666
89483377337,274,10.865548
51515517569,268,10.865534
61939810259,270,10.865440
35665903601,264,10.865333
61961263253,270,10.865290
24687442603,260,10.865223
35680597487,264,10.865149
51561489641,268,10.865141
62011851817,270,10.864933
35699001991,264,10.864918
35702889877,264,10.864869
74557295653,272,10.864861
42923191117,266,10.864824
1562124877,230,10.864783
74576979649,272,10.864747
62044304681,270,10.864704
89688153671,274,10.864564
62078059931,270,10.864466
74628975613,272,10.864445
3264752717,238,10.864380
74645787379,272,10.864347
35744854853,264,10.864344
74671322821,272,10.864199
62121041089,270,10.864163
89772419831,274,10.864160
89775795821,274,10.864143
74717468113,272,10.863930
89830165571,274,10.863882
62175017963,270,10.863784
89863735691,274,10.863721
35796013171,264,10.863705
51730980017,268,10.863695
89904298007,274,10.863527
74809372369,272,10.863397
35833746371,264,10.863234
62297214583,270,10.862926
62302086247,270,10.862891
43111714777,266,10.862880
51832108901,268,10.862835
90068806133,274,10.862740
90101599811,274,10.862583
11890063363,252,10.862552
11891808571,252,10.862483
62362899139,270,10.862465
90164750801,274,10.862281
62393896759,270,10.862247
75015808093,272,10.862202
90189100091,274,10.862164
90193739093,274,10.862143
29882307239,262,10.862115
35927193623,264,10.862070
62422255859,270,10.862049
62428581203,270,10.862005
43198553407,266,10.861987
75062669641,272,10.861931
90248650721,274,10.861880
90292340441,274,10.861672
51973628237,268,10.861634
90305364767,274,10.861610
75130306819,272,10.861540
62496901769,270,10.861527
75142402591,272,10.861470
51997040507,268,10.861437
3948757583,240,10.861366
11920955399,252,10.861337
52018783211,268,10.861253
29939568959,262,10.861253
62553102361,270,10.861135
17238230879,256,10.861082
52044507371,268,10.861034
62570995327,270,10.861010
8254318549,248,10.860995
62575758521,270,10.860976
43306550893,266,10.860880
24928655971,260,10.860809
52079490389,268,10.860739
52081300937,268,10.860723
20741158331,258,10.860695
24942383647,260,10.860559
11941263563,252,10.860540
20749478419,258,10.860512
52114933217,268,10.860439
43360185619,266,10.860332
36076290571,264,10.860219
62691637391,270,10.860168
90627020567,274,10.860080
14370264823,254,10.860072
30023334191,262,10.859995
1577336329,230,10.859813
20786421497,258,10.859698
62761780853,270,10.859679
36126872497,264,10.859593
52223572421,268,10.859523
90771711587,274,10.859393
62817360371,270,10.859293
62822179681,270,10.859260
62823298919,270,10.859252
52256853947,268,10.859242
36163500697,264,10.859140
30080377793,262,10.859140
75549521821,272,10.859127
6893260007,246,10.859100
62845575259,270,10.859097
5734284893,244,10.859054
52281466277,268,10.859035
75569186911,272,10.859015
17317453763,256,10.858970
90871992377,274,10.858917
30095977463,262,10.858908
75590760169,272,10.858891
3969156467,240,10.858834
52314854927,268,10.858755
25047174109,260,10.858658
20841034457,258,10.858500
25063776649,260,10.858357
17341737563,256,10.858324
9981262391,250,10.858247
62980895267,270,10.858157
63004498373,270,10.857994
63011468059,270,10.857945
12012420989,252,10.857760
36278127971,264,10.857727
63043110209,270,10.857726
43622266627,266,10.857659
75812164663,272,10.857622
75812588779,272,10.857620
14447091433,254,10.857596
63070228511,270,10.857538
30191622689,262,10.857480
63085450367,270,10.857433
91200042551,274,10.857367
36309092731,264,10.857347
91206099431,274,10.857338
36318951187,264,10.857225
12027879001,252,10.857159
52507929977,268,10.857134
91276870943,274,10.857005
63154745789,270,10.856954
91298482553,274,10.856903
25145471971,260,10.856882
91314742223,274,10.856826
6927321307,246,10.856738
63194917763,270,10.856676
63200531731,270,10.856638
63201042859,270,10.856634
631940369,220,10.856528
52581191951,268,10.856521
2294885833,234,10.856480
76019808841,272,10.856438
3988600439,240,10.856434
43749196993,266,10.856372
76034059819,272,10.856356
63256167889,270,10.856254
76057658401,272,10.856221
17421803177,256,10.856203
76071073501,272,10.856145
63271883069,270,10.856145
20951059687,258,10.856093
76083548641,272,10.856074
91483404791,274,10.856032
63292245347,270,10.856005
52657031417,268,10.855887
1589776933,230,10.855785
30308182643,262,10.855746
526397029,218,10.855727
63341270441,270,10.855666
36454440287,264,10.855562
25220166997,260,10.855537
52699021679,268,10.855536
25225662937,260,10.855439
43854898567,266,10.855303
63397864379,270,10.855277
76229151619,272,10.855246
91670982323,274,10.855151
36488626003,264,10.855145
63417981839,270,10.855139
36497533433,264,10.855035
5782786601,244,10.854985
10051690001,250,10.854932
91718479337,274,10.854929
252314957,210,10.854852
43908321553,266,10.854764
30375757481,262,10.854745
63475808153,270,10.854740
63476229049,270,10.854737
43919380759,266,10.854652
91795963517,274,10.854566
91836734117,274,10.854375
76392823099,272,10.854317
30406220129,262,10.854294
91854795107,274,10.854290
91855337411,274,10.854287
25293841891,260,10.854216
63554130071,270,10.854202
76417765651,272,10.854176
63564793403,270,10.854129
43975742809,266,10.854084
12107708671,252,10.854065
76457942419,272,10.853948
52890048137,268,10.853946
25312372837,260,10.853884
63602897087,270,10.853868
76511930779,272,10.853642
17519328107,256,10.853634
4011667663,240,10.853603
92013042767,274,10.853550
76548410383,272,10.853436
92039271473,274,10.853428
63675175997,270,10.853373
63702476407,270,10.853186
92097561527,274,10.853155
63724015153,270,10.853038
4016472179,240,10.853016
21092829761,258,10.853014
92143568663,274,10.852941
92157044501,274,10.852878
92187717773,274,10.852735
25383327631,260,10.852615
53062126727,268,10.852518
21117810551,258,10.852473
63826632409,270,10.852336
2314650413,234,10.852161
92323150313,274,10.852104
30557781413,262,10.852058
92337266753,274,10.852038
92384925371,274,10.851816
25428283999,260,10.851814
44205651829,266,10.851775
53153621441,268,10.851761
12167795083,252,10.851751
44214963607,266,10.851682
63923449367,270,10.851675
63923576659,270,10.851674
53167884227,268,10.851644
36781268243,264,10.851580
30593317661,262,10.851536
92463090281,274,10.851453
63960221951,270,10.851424
63965201897,270,10.851390
63969692939,270,10.851359
76916727763,272,10.851357
92484987293,274,10.851351
92486658581,274,10.851343
12178607291,252,10.851336
44255080297,266,10.851280
7007311709,246,10.851240
92514600131,274,10.851213
63996219269,270,10.851178
92525738861,274,10.851162
5829339377,244,10.851114
36822373463,264,10.851082
64012336447,270,10.851068
12185690633,252,10.851065
64036818683,270,10.850902
44293823377,266,10.850893
64041777389,270,10.850868
77011534783,272,10.850823
12192446863,252,10.850805
64059065771,270,10.850751
36849852521,264,10.850749
36852820441,264,10.850713
64064958961,270,10.850711
12199337023,252,10.850541
64094266241,270,10.850511
30670930949,262,10.850397
64120183207,270,10.850335
17647514909,256,10.850280
21221676647,258,10.850234
53339478029,268,10.850227
10153449557,250,10.850186
92746849373,274,10.850136
36904513573,264,10.850088
17662681109,256,10.849885
64187906147,270,10.849874
77185131073,272,10.849850
77234781979,272,10.849571
12225507121,252,10.849541
64240335281,270,10.849519
36952753753,264,10.849505
4047022633,240,10.849298
12233844019,252,10.849222
21269387197,258,10.849210
53463816797,268,10.849205
36979877167,264,10.849178
36982678613,264,10.849145
36989497877,264,10.849063
36995035067,264,10.848996
926709373,224,10.848955
64333331177,270,10.848887
44499936433,266,10.848839
4870937251,242,10.848830
30779010929,262,10.848817
64349820313,270,10.848776
4053113279,240,10.848560
37033780997,264,10.848529
93138216827,274,10.848327
37050571981,264,10.848327
37061533541,264,10.848195
77489330161,272,10.848147
64444390429,270,10.848136
21319550311,258,10.848135
53601475799,268,10.848076
93219110273,274,10.847954
25650708289,260,10.847871
53629452479,268,10.847847
64488320401,270,10.847839
14757448753,254,10.847741
37101993301,264,10.847709
64517272207,270,10.847643
37123089313,264,10.847455
53677502897,268,10.847453
21356037887,258,10.847355
77658451963,272,10.847204
21366265699,258,10.847136
4889514379,242,10.846979
64617984839,270,10.846964
30908629121,262,10.846930
70396589,196,10.846916
21377780267,258,10.846890
37171373357,264,10.846876
64638657319,270,10.846825
64664641417,270,10.846649
37194851717,264,10.846595
77782006543,272,10.846517
1346350991,228,10.846470
25736149297,260,10.846366
64736330573,270,10.846167
37235366017,264,10.846109
77890708711,272,10.845912
8521264189,248,10.845878
64796559239,270,10.845761
14823553963,254,10.845671
53898389339,268,10.845651
64844941793,270,10.845436
93781876157,274,10.845370
93790270751,274,10.845331
64892698729,270,10.845116
37321275781,264,10.845083
53971410797,268,10.845057
78053090953,272,10.845012
14845136407,254,10.844996
93874341251,274,10.844947
93878909513,274,10.844926
64930188133,270,10.844864
37346696501,264,10.844779
31060892963,262,10.844723
8542104061,248,10.844719
64959818533,270,10.844665
64966392091,270,10.844621
54028020407,268,10.844596
54038385311,268,10.844512
21493400239,258,10.844432
54056704901,268,10.844363
65005159949,270,10.844361
65010944623,270,10.844322
5912463863,244,10.844286
4088653553,240,10.844281
65021739593,270,10.844250
37392481331,264,10.844234
78201899599,272,10.844189
37400223037,264,10.844141
65042439311,270,10.844111
65080007711,270,10.843860
21520417859,258,10.843859
65083699481,270,10.843835
45016611853,266,10.843733
54134702129,268,10.843731
25888464439,260,10.843697
45027725929,266,10.843624
78316994779,272,10.843553
12383708609,252,10.843538
94186035617,274,10.843524
94186597223,274,10.843522
54165066929,268,10.843485
94206221573,274,10.843432
94229256581,274,10.843328
65168025799,270,10.843271
65177680781,270,10.843206
8570980387,248,10.843119
25921766359,260,10.843115
65199377129,270,10.843061
31179845759,262,10.843007
31182485339,262,10.842970
2357417017,234,10.842956
37505083241,264,10.842895
94327451123,274,10.842880
65227989587,270,10.842871
94358191043,274,10.842741
65259422803,270,10.842661
78491828551,272,10.842588
45141442237,266,10.842509
65286106751,270,10.842483
78527129053,272,10.842394
21591846077,258,10.842349
37551930877,264,10.842339
31235595161,262,10.842206
45176457967,266,10.842167
65337774323,270,10.842138
94512098333,274,10.842041
54347605889,268,10.842009
10332448787,250,10.841963
10333111289,250,10.841933
65379382787,270,10.841862
45213903967,266,10.841801
12430102843,252,10.841793
65416915763,270,10.841612
31281038111,262,10.841554
65427499139,270,10.841541
78695226061,272,10.841470
26019390247,260,10.841415
37634961451,264,10.841355
54431343677,268,10.841333
37644751561,264,10.841239
65496174547,270,10.841084
54462548087,268,10.841083
65505262541,270,10.841024
54479149859,268,10.840949
12452678443,252,10.840947
54493555289,268,10.840833
65561260747,270,10.840652
78861426481,272,10.840559
37707530291,264,10.840498
65610322387,270,10.840326
65613241511,270,10.840307
65616329563,270,10.840286
37739387407,264,10.840121
54588236177,268,10.840072
12476296321,252,10.840063
65652630409,270,10.840046
65653817897,270,10.840038
54598135451,268,10.839992
94967143763,274,10.839981
1363988099,228,10.839759
65696659213,270,10.839754
95041904681,274,10.839643
65731005943,270,10.839527
65750480179,270,10.839397
65753225849,270,10.839379
45480204043,266,10.839206
65804660431,270,10.839040
10401048767,250,10.838853
37847263723,264,10.838851
45522750067,266,10.838793
65847085517,270,10.838759
65864945921,270,10.838641
95278040393,274,10.838579
31491638333,262,10.838544
95287796393,274,10.838535
95317905821,274,10.838400
15058603657,254,10.838389
12522107053,252,10.838355
12522427843,252,10.838343
37893113897,264,10.838312
65918648591,270,10.838286
79278440473,272,10.838281
31513609373,262,10.838232
95365688981,274,10.838185
54842417207,268,10.838035
79325652493,272,10.838023
37927209091,264,10.837913
95531300687,274,10.837441
45665617477,266,10.837409
26252535937,260,10.837384
4147312991,240,10.837305
31581509651,262,10.837267
95576310821,274,10.837239
79482319159,272,10.837172
12554539391,252,10.837149
37992873733,264,10.837143
66095347541,270,10.837122
8681764081,248,10.837034
8685259267,248,10.836843
21859120531,258,10.836746
95695761641,274,10.836704
38048382913,264,10.836493
2388066773,234,10.836469
38056195967,264,10.836402
38066960207,264,10.836276
45784003807,266,10.836267
21887665139,258,10.836152
95821512713,274,10.836142
21898769621,258,10.835921
79717714693,272,10.835895
66285384161,270,10.835874
95916435971,274,10.835717
38115696317,264,10.835708
21909327917,258,10.835702
26352583879,260,10.835667
15150508213,254,10.835577
79779052201,272,10.835563
26359586893,260,10.835546
12601739159,252,10.835401
95987564327,274,10.835400
45876227599,266,10.835378
79830759373,272,10.835283
66376011659,270,10.835279
454735219,216,10.835092
55215766091,268,10.835062
55224773897,268,10.834991
66427321339,270,10.834943
96106076141,274,10.834871
66440557279,270,10.834856
66485654821,270,10.834561
38227217653,264,10.834408
12629716579,252,10.834368
38239426207,264,10.834266
10504937507,250,10.834184
38250310751,264,10.834140
15205932601,254,10.833889
4177620299,240,10.833743
66612496007,270,10.833733
96366107561,274,10.833714
26467071493,260,10.833710
31838171633,262,10.833639
38297641111,264,10.833590
26474918101,260,10.833575
31851197309,262,10.833456
66656130077,270,10.833448
55422587879,268,10.833425
18308999477,256,10.833385
46084101529,266,10.833383
46085610997,266,10.833368
46093073827,266,10.833297
15226208521,254,10.833273
66689782493,270,10.833229
26504856193,260,10.833065
18322184693,256,10.833054
26518073683,260,10.832840
96601394231,274,10.832669
66776445091,270,10.832664
18344444603,256,10.832498
66807939967,270,10.832459
66811750787,270,10.832435
10550655383,250,10.832146
38424716663,264,10.832117
26562726679,260,10.832081
80426083561,272,10.832077
22086322829,258,10.832042
80443039213,272,10.831986
66881003429,270,10.831985
46232719567,266,10.831963
96765673307,274,10.831942
55613567987,268,10.831919
38446638667,264,10.831863
22095174539,258,10.831860
8777588731,248,10.831839
66903577529,270,10.831838
66905216429,270,10.831827
96796943651,274,10.831803
46250521417,266,10.831793
96806943053,274,10.831758
31981696361,262,10.831625
96838888631,274,10.831617
96854140583,274,10.831550
31998732431,262,10.831387
80571666859,272,10.831297
22123205449,258,10.831283
38508459167,264,10.831150
46332097717,266,10.831016
55728403769,268,10.831016
55728497441,268,10.831015
32031468389,262,10.830929
80659497181,272,10.830827
18412613987,256,10.830797
80667654541,272,10.830784
26648524411,260,10.830626
32053788383,262,10.830617
2008916891,232,10.830564
12734025643,252,10.830538
12734044451,252,10.830537
32060834339,262,10.830519
38566805917,264,10.830477
67135580797,270,10.830334
38589546167,264,10.830215
97172716217,274,10.830144
38598241817,264,10.830115
80800431541,272,10.830074
97240956563,274,10.829844
7328696779,246,10.829818
97248098447,274,10.829812
67216621013,270,10.829809
46459552813,266,10.829804
38625268303,264,10.829804
4212469229,240,10.829682
22201414327,258,10.829679
80897238871,272,10.829557
38647839943,264,10.829544
67284948971,270,10.829369
26725266193,260,10.829329
22219233067,258,10.829314
22219242119,258,10.829313
67309751741,270,10.829208
46536878737,266,10.829071
67346712749,270,10.828970
67351293283,270,10.828940
67359271663,270,10.828889
26754253507,260,10.828839
67367692979,270,10.828835
56013306329,268,10.828784
4221330917,240,10.828655
38727962113,264,10.828625
2917905439,236,10.828603
5078909659,242,10.828534
22259357669,258,10.828494
56064291431,268,10.828385
46612220329,266,10.828358
97599232817,274,10.828270
32227002131,262,10.828204
38768607937,264,10.828158
18521985107,256,10.828084
97644372851,274,10.828072
67533056879,270,10.827769
97731956417,274,10.827688
15411720811,254,10.827681
56172848729,268,10.827539
46701768037,266,10.827512
38835922847,264,10.827388
46716862987,266,10.827370
97835399807,274,10.827235
67619850107,270,10.827212
22324554229,258,10.827165
38862371783,264,10.827085
67646143619,270,10.827044
67651561297,270,10.827008
97907067821,274,10.826922
67674944237,270,10.826859
67682488043,270,10.826810
18573591359,256,10.826810
1398942911,228,10.826734
81429594139,272,10.826731
56277991589,268,10.826721
56282849279,268,10.826684
32337972749,262,10.826667
67707081641,270,10.826653
38913111961,264,10.826507
46810527859,266,10.826487
67734821663,270,10.826474
67739618351,270,10.826444
22365266191,258,10.826337
8880640477,248,10.826319
98074353227,274,10.826192
32372680709,262,10.826186
38946255301,264,10.826129
38961459583,264,10.825955
56380021037,268,10.825930
38964185501,264,10.825924
32405908091,262,10.825727
98188715693,274,10.825693
26945072377,260,10.825635
56419933169,268,10.825620
67873959931,270,10.825583
56435201939,268,10.825501
39003751091,264,10.825474
67891819339,270,10.825470
7396613527,246,10.825421
39016735943,264,10.825326
67925373469,270,10.825255
26970963973,260,10.825202
39033862661,264,10.825131
67946829901,270,10.825118
98327801903,274,10.825088
22432159081,258,10.824981
15503082481,254,10.824953
67973109433,270,10.824950
67977898823,270,10.824920
67980567143,270,10.824903
10714913453,250,10.824900
56513088839,268,10.824899
22438588567,258,10.824850
67996905293,270,10.824799
98396960423,274,10.824787
22442327801,258,10.824775
81802251043,272,10.824763
46994144563,266,10.824761
10718926997,250,10.824724
22444987847,258,10.824720
68013751121,270,10.824691
56543767589,268,10.824661
7408591349,246,10.824651
18662736437,256,10.824618
12902737763,252,10.824414
22461240821,258,10.824392
68117357453,270,10.824030
98574034583,274,10.824018
47075571997,266,10.823999
98585836691,274,10.823967
81961839571,272,10.823924
68141913341,270,10.823874
4263261257,240,10.823829
22489831747,258,10.823814
47105249089,266,10.823722
39158577433,264,10.823715
98650776737,274,10.823686
68171743183,270,10.823684
98672563247,274,10.823591
27068346847,260,10.823578
68199410599,270,10.823508
68200256659,270,10.823503
39182399783,264,10.823445
47136411277,266,10.823430
27078642637,260,10.823407
68228004277,270,10.823326
1694170033,230,10.823296
68233771339,270,10.823289
98743085003,274,10.823286
12935828033,252,10.823223
22521256259,258,10.823180
22525624739,258,10.823092
47173420663,266,10.823085
47184113533,266,10.822985
98848965023,274,10.822827
47203585939,266,10.822803
22545911147,258,10.822683
39256204621,264,10.822611
98902810271,274,10.822595
98904861227,274,10.822586
98911243877,274,10.822558
18749402699,256,10.822498
47236795777,266,10.822494
68359160159,270,10.822493
15587597593,254,10.822446
56835229127,268,10.822413
98944993601,274,10.822412
68388574343,270,10.822307
39287155553,264,10.822261
7446651889,246,10.822210
56863544939,268,10.822196
39295773271,264,10.822164
68412977849,270,10.822151
4278176957,240,10.822124
8964915049,248,10.821857
99086585393,274,10.821801
82374608839,272,10.821760
99096790853,274,10.821757
68478245167,270,10.821738
68491854241,270,10.821651
99122022851,274,10.821649
68506681829,270,10.821558
68508608447,270,10.821546
32712686003,262,10.821514
27195602857,260,10.821465
5153732341,242,10.821452
68532090199,270,10.821397
47358967267,266,10.821357
39373359313,264,10.821288
82487484139,272,10.821171
32737872329,262,10.821171
82490610511,272,10.821155
68574571883,270,10.821128
1414300267,228,10.821124
99278309951,274,10.820975
99286212833,274,10.820941
47407127389,266,10.820909
82572139423,272,10.820729
22645105831,258,10.820691
15652898707,254,10.820518
68673246539,270,10.820504
57088970891,268,10.820467
68684483719,270,10.820434
27259680031,260,10.820405
47464508989,266,10.820376
68697700321,270,10.820351
32816966993,262,10.820092
18848898353,256,10.820077
47505063583,266,10.820001
15672884203,254,10.819930
68773442429,270,10.819873
57167196287,268,10.819869
99544667693,274,10.819830
47532884779,266,10.819743
1179068789,226,10.819614
68816008301,270,10.819604
57205185971,268,10.819579
39527076793,264,10.819560
99635609651,274,10.819440
82831725931,272,10.819378
18877809149,256,10.819376
99669485051,274,10.819295
18882161663,256,10.819271
82868287819,272,10.819188
39569068457,264,10.819090
6230739953,244,10.819075
82918970359,272,10.818925
22733654137,258,10.818920
68937962039,270,10.818836
22740590219,258,10.818782
68951546707,270,10.818751
9024382309,248,10.818736
68968389167,270,10.818645
82987805533,272,10.818568
68981170523,270,10.818565
68981190193,270,10.818564
39617720543,264,10.818545
99859004657,274,10.818483
99866878247,274,10.818450
83020077631,272,10.818400
99898686983,274,10.818314
22765190737,258,10.818291
99913212977,274,10.818252
27391605727,260,10.818232
57382744241,268,10.818226
32972454299,262,10.817981
18936481097,256,10.817958
32976739571,262,10.817923
69111174229,270,10.817749
9043971907,248,10.817713
32992323449,262,10.817711
39700149001,264,10.817623
6251587541,244,10.817472
22806356801,258,10.817472
22808892607,258,10.817421
69174974783,270,10.817348
33020280563,262,10.817333
69178302119,270,10.817328
69184910783,270,10.817286
83238506479,272,10.817270
83238815629,272,10.817268
22822096279,258,10.817159
39746614781,264,10.817105
69224539889,270,10.817039
83305106083,272,10.816926
27471702103,260,10.816917
9059787379,248,10.816888
18981575549,256,10.816871
39775926973,264,10.816778
18985715867,256,10.816771
22844711167,258,10.816710
18989058167,256,10.816690
27487086409,260,10.816666
18991369799,256,10.816634
2066357849,232,10.816328
1427575049,228,10.816328
69343465621,270,10.816295
33098517611,262,10.816277
13131337223,252,10.816255
69358051699,270,10.816203
27516849937,260,10.816178
39834810271,264,10.816123
15805705381,254,10.816042
39852706463,264,10.815924
57701236829,268,10.815809
47965511527,266,10.815757
5214902479,242,10.815745
5216134981,242,10.815632
22906325837,258,10.815488
69474429793,270,10.815477
57746149259,268,10.815469
27568387321,260,10.815337
57774930119,268,10.815251
69519279769,270,10.815198
3607092707,238,10.815149
48058576963,266,10.814904
39946647863,264,10.814880
48065883493,266,10.814837
57856381199,268,10.814637
83754201379,272,10.814614
69623059453,270,10.814551
83787354751,272,10.814444
48122554927,266,10.814320
57919784969,268,10.814159
10963679033,250,10.814153
57921434477,268,10.814146
40014628963,264,10.814127
69699155363,270,10.814078
40027550093,264,10.813984
69725231941,270,10.813916
40041245623,264,10.813832
40050466483,264,10.813731
83928499813,272,10.813720
13206163973,252,10.813618
83986070023,272,10.813425
473303093,216,10.813384
23012895029,258,10.813384
2078468009,232,10.813382
23014782067,258,10.813347
40085451671,264,10.813344
69827073073,270,10.813284
10985016431,250,10.813243
23028339329,258,10.813080
69865945271,270,10.813043
40119434561,264,10.812968
40126932533,264,10.812886
40128296057,264,10.812871
4360871257,240,10.812789
1437681241,228,10.812709
27732377047,260,10.812669
23050638601,258,10.812641
15923577751,254,10.812621
48312736867,266,10.812586
69947645813,270,10.812537
70002689993,270,10.812197
13247357621,252,10.812173
40198859401,264,10.812093
40211040283,264,10.811958
19189103237,256,10.811903
40218677951,264,10.811874
70062117611,270,10.811829
27785447539,260,10.811810
40224833261,264,10.811807
70081307053,270,10.811710
33445486499,262,10.811622
40244917183,264,10.811585
84418379971,272,10.811218
23124898919,258,10.811184
40288080787,264,10.811111
23129633347,258,10.811091
70182274361,270,10.811088
4376161093,240,10.811085
70187867249,270,10.811052
84464877493,272,10.810982
70208954903,270,10.810923
19234835237,256,10.810816
70241650159,270,10.810721
84521875393,272,10.810692
58423706771,268,10.810380
48558635509,266,10.810355
70314765481,270,10.810270
58448096129,268,10.810198
70328771599,270,10.810184
6350188391,244,10.809973
70367879227,270,10.809944
58488135437,268,10.809899
3647469851,238,10.809682
27917383951,260,10.809680
17051887,180,10.809668
70438319167,270,10.809511
58550340419,268,10.809436
40442737661,264,10.809415
3033275563,236,10.809370
40451993191,264,10.809314
84813019513,272,10.809215
40470749617,264,10.809109
70521535141,270,10.809000
23240588171,258,10.808924
70534174483,270,10.808923
13341799301,252,10.808878
16056363553,254,10.808800
70570834627,270,10.808698
70582096567,270,10.808629
33679522211,262,10.808512
48775197337,266,10.808400
70632398461,270,10.808320
9227633809,248,10.808234
70654151483,270,10.808187
40555710763,264,10.808181
85029273739,272,10.808121
40567529323,264,10.808052
70696558879,270,10.807927
70697082371,270,10.807924
3660692027,238,10.807905
9234745171,248,10.807872
48835849087,266,10.807855
70719538343,270,10.807787
85097962549,272,10.807775
70740967321,270,10.807656
40605417817,264,10.807639
28050087313,260,10.807549
33754362419,262,10.807522
48878419123,266,10.807472
70794546077,270,10.807328
48906400747,266,10.807220
85227662269,272,10.807120
23337069361,258,10.807048
3667576919,238,10.806983
19401796577,256,10.806871
58904614859,268,10.806807
40699153543,264,10.806619
58934801327,268,10.806583
23362590151,258,10.806554
7697648627,246,10.806451
33838033913,262,10.806418
58968627611,268,10.806334
40727946167,264,10.806306
85402336153,272,10.806241
40734035591,264,10.806240
85414921243,272,10.806178
6401132393,244,10.806148
70994734277,270,10.806107
5321048911,242,10.806014
71021249281,270,10.805945
85466102143,272,10.805921
33875930591,262,10.805920
28161779713,260,10.805764
71062402001,270,10.805695
85526825983,272,10.805616
19458368459,256,10.805544
33914506763,262,10.805412
49134687067,266,10.805176
23435585309,258,10.805141
85625779711,272,10.805120
71208721603,270,10.804806
2544170333,234,10.804786
28223861203,260,10.804775
59182460849,268,10.804756
40874196491,264,10.804721
40876064261,264,10.804700
40877235517,264,10.804688
13465936919,252,10.804586
71265459361,270,10.804461
85770878533,272,10.804393
33996171089,262,10.804340
59246187251,268,10.804288
71305624997,270,10.804217
49258768393,266,10.804070
59276170631,268,10.804068
85843845103,272,10.804028
71337776099,270,10.804023
11207261981,250,10.803884
71372473021,270,10.803812
34036978091,262,10.803806
85896745279,272,10.803763
49293356533,266,10.803761
85897309699,272,10.803761
71411628487,270,10.803576
71440591829,270,10.803400
71449515131,270,10.803346
41004257843,264,10.803316
85993765111,272,10.803279
71494051757,270,10.803077
71505285431,270,10.803009
28336154389,260,10.802993
71519499011,270,10.802923
71555706787,270,10.802704
71561146273,270,10.802671
41075379937,264,10.802549
59484643859,268,10.802538
41076536971,264,10.802537
71597975881,270,10.802449
41086621283,264,10.802429
59501620001,268,10.802414
3702059891,238,10.802393
9343032967,248,10.802383
23583602407,258,10.802293
19599738083,256,10.802243
41106264097,264,10.802217
49467206053,266,10.802217
49479553687,266,10.802107
59548246547,268,10.802073
71671383871,270,10.802006
71687979263,270,10.801906
41138497171,264,10.801871
71717358743,270,10.801729
86316548251,272,10.801672
49532318767,266,10.801640
41160596033,264,10.801634
59619308417,268,10.801554
71755533979,270,10.801499
71760626569,270,10.801468
23629576799,258,10.801413
49559164357,266,10.801402
16318534657,254,10.801355
71785743011,270,10.801317
41195866477,264,10.801255
86409142849,272,10.801212
6468325013,244,10.801152
59678109167,268,10.801125
16331101123,254,10.801002
71840451773,270,10.800988
86455634101,272,10.800982
49613780413,266,10.800919
86475932233,272,10.800880
59719255109,268,10.800824
86507562961,272,10.800724
41246127313,264,10.800716
49655733067,266,10.800549
19672901243,256,10.800545
41262574237,264,10.800540
6476847191,244,10.800523
34289837033,262,10.800509
844848691,222,10.800467
3088663243,236,10.800419
7796198203,246,10.800415
9388801561,248,10.800084
59847559019,268,10.799891
49737893077,266,10.799823
9394883149,248,10.799780
13607356943,252,10.799748
86710418203,272,10.799719
86728037113,272,10.799632
72079831469,270,10.799551
72088280839,270,10.799500
72103254253,270,10.799411
41370211511,264,10.799389
72107553499,270,10.799384
86805511549,272,10.799250
2572622387,234,10.799240
846959921,222,10.799155
59966568731,268,10.799026
72181578229,270,10.798942
72184315507,270,10.798925
2574403301,234,10.798895
49850052523,266,10.798836
86889826549,272,10.798833
49859735239,266,10.798751
41437493533,264,10.798672
34433427911,262,10.798649
86951293489,272,10.798530
72250644839,270,10.798529
41454195491,264,10.798493
49892759197,266,10.798460
41457561757,264,10.798457
34463693171,262,10.798258
19772949167,256,10.798234
41481896371,264,10.798199
49925982709,266,10.798168
41495798711,264,10.798050
28654283521,260,10.797984
16441068823,254,10.797920
60127204931,268,10.797862
49978672609,266,10.797706
72428924543,270,10.797464
72441909779,270,10.797387
87206589571,272,10.797273
19816083743,256,10.797241
72471520291,270,10.797211
23850404839,258,10.797208
19820790809,256,10.797133
34556870081,262,10.797057
41590700927,264,10.797042
72527098489,270,10.796879
4505976899,240,10.796867
72535311319,270,10.796830
72536947237,270,10.796821
87316714711,272,10.796732
72554333899,270,10.796717
72563452789,270,10.796663
23880300887,258,10.796641
72578887921,270,10.796571
41642065583,264,10.796496
72597101723,270,10.796463
707429711,220,10.796408
23902029181,258,10.796230
60353582279,268,10.796227
23903478397,258,10.796204
72651364381,270,10.796140
72655610221,270,10.796115
50163816763,266,10.796085
23914856617,258,10.795988
87489404089,272,10.795886
23920774859,258,10.795877
41708362793,264,10.795794
87508733251,272,10.795791
72741006193,270,10.795608
50222436973,266,10.795574
1789294603,230,10.795544
60449572901,268,10.795536
28812464053,260,10.795516
41735067223,264,10.795511
41738033543,264,10.795480
16530465313,254,10.795432
23952616199,258,10.795276
19910977679,256,10.795066
41783258047,264,10.795002
41789276027,264,10.794939
87711535333,272,10.794799
41805667763,264,10.794765
41814443747,264,10.794673
41818162571,264,10.794634
11434106897,250,10.794536
87849892813,272,10.794124
41875427287,264,10.794029
73030676063,270,10.793893
73057781827,270,10.793733
73061688499,270,10.793710
73069987349,270,10.793660
73079048869,270,10.793607
87973476469,272,10.793522
24046792697,258,10.793504
34834989611,262,10.793491
24051092161,258,10.793423
73111194031,270,10.793417
41940599473,264,10.793344
3133284937,236,10.793334
73140817577,270,10.793242
60772252139,268,10.793221
73163742893,270,10.793107
41971224583,264,10.793021
88099298731,272,10.792910
73205051597,270,10.792864
50539539097,266,10.792817
50541086923,266,10.792804
60839279429,268,10.792743
60842066561,268,10.792723
73265720117,270,10.792506
34912739033,262,10.792500
29007746767,260,10.792489
73279551437,270,10.792425
29013789907,260,10.792396
16641124693,254,10.792372
73293371219,270,10.792343
9544904977,248,10.792335
50607864163,266,10.792225
20035765307,256,10.792223
88242419539,272,10.792214
13831017953,252,10.792209
73320912017,270,10.792181
50618669149,266,10.792131
6594122201,244,10.791950
73363002611,270,10.791934
88306461301,272,10.791903
50646262483,266,10.791893
60969675329,268,10.791812
73388798267,270,10.791782
60992248127,268,10.791651
88360869901,272,10.791640
73426299731,270,10.791562
73444213457,270,10.791456
88422039889,272,10.791344
61045829681,268,10.791269
16684335763,254,10.791183
88469778469,272,10.791113
29098958971,260,10.791082
73517529073,270,10.791026
7952426159,246,10.791016
73523397331,270,10.790992
29105317819,260,10.790985
35032759973,262,10.790975
13869509861,252,10.790924
73535220439,270,10.790922
88557042289,272,10.790690
73608708917,270,10.790492
73627657193,270,10.790380
73640373029,270,10.790306
50831083297,266,10.790298
24222901889,258,10.790210
61207886951,268,10.790117
11543392391,250,10.790104
9590648071,248,10.790090
42255600887,264,10.790043
88710491923,272,10.789949
61268946269,268,10.789684
61270565537,268,10.789673
16740685123,254,10.789637
7978048613,246,10.789493
73789041979,270,10.789436
73796655703,270,10.789392
29211020383,260,10.789361
24269192531,258,10.789348
61329810671,268,10.789253
88865227981,272,10.789204
13922612903,252,10.789159
50964003787,266,10.789156
42349081751,264,10.789068
42350891267,264,10.789049
42351351521,264,10.789044
88902175591,272,10.789026
2625942661,234,10.789025
73859973277,270,10.789022
29241542647,260,10.788894
35199077831,262,10.788870
73900438933,270,10.788786
42386301703,264,10.788681
42386421743,264,10.788679
11581682447,250,10.788562
61428182939,268,10.788557
42403812733,264,10.788499
89027086219,272,10.788425
24324329291,258,10.788324
6644517203,244,10.788318
16792666063,254,10.788216
74012529271,270,10.788133
61498973021,268,10.788057
3167109427,236,10.788036
11595253463,250,10.788016
35268234671,262,10.787998
5523976789,242,10.787985
61523665607,268,10.787883
42464912071,264,10.787864
42466367197,264,10.787848
35286832481,262,10.787764
42476890133,264,10.787740
51135057517,266,10.787689
89194028449,272,10.787623
74100309911,270,10.787622
24370795571,258,10.787463
11612140619,250,10.787339
74164982207,270,10.787246
74166641831,270,10.787236
1511551109,228,10.787077
74195914477,270,10.787066
51222827899,266,10.786940
51233295517,266,10.786850
42564447977,264,10.786832
89380267531,272,10.786731
42580225607,264,10.786669
4601864207,240,10.786649
89410190341,272,10.786588
74285899319,270,10.786544
89420628001,272,10.786538
61739148161,268,10.786365
42625855967,264,10.786197
89505421171,272,10.786133
24444625937,258,10.786099
4608579247,240,10.785942
74390640241,270,10.785937
16877215387,254,10.785915
61805136431,268,10.785901
74402012831,270,10.785871
42657798221,264,10.785867
74410122373,270,10.785824
61817718731,268,10.785812
8040880789,246,10.785782
29446419187,260,10.785769
24462669409,258,10.785767
74420901871,270,10.785762
74421549809,270,10.785758
29454722533,260,10.785643
29461061299,260,10.785546
42715612057,264,10.785270
89694450661,272,10.785231
24493156837,258,10.785205
344149573,212,10.785189
89707711039,272,10.785167
24499161047,258,10.785094
29493119011,260,10.785060
42742625963,264,10.784991
74568443293,270,10.784908
20362023827,256,10.784879
61967829551,268,10.784760
8060518519,246,10.784628
24528532849,258,10.784554
16928068153,254,10.784537
89852989999,272,10.784475
89860050421,272,10.784442
74652343613,270,10.784424
89876546653,272,10.784363
42815850317,264,10.784237
29550235993,260,10.784194
89916257341,272,10.784174
74699791721,270,10.784150
29556013339,260,10.784107
2652076393,234,10.784101
42836640281,264,10.784023
51569254897,266,10.783992
9716828389,248,10.783957
62083833089,268,10.783948
62089604531,268,10.783908
42848603657,264,10.783900
51583365919,266,10.783872
74750391719,270,10.783858
11701786673,250,10.783760
29581102333,260,10.783728
62116392407,268,10.783721
51602588287,266,10.783709
51610896199,266,10.783639
2654822627,234,10.783587
74800862167,270,10.783567
90056970643,272,10.783505
42895016977,264,10.783423
16970904163,254,10.783381
90087154501,272,10.783362
74846603779,270,10.783304
1833246313,230,10.783261
42911089187,264,10.783258
51657185953,266,10.783247
62187891851,268,10.783221
74863644859,270,10.783207
42917636261,264,10.783191
35654905043,262,10.783156
62205707177,268,10.783097
62210376659,268,10.783065
62217879461,268,10.783012
62227123067,268,10.782948
35678095763,262,10.782868
29646628783,260,10.782738
20461488629,256,10.782665
42970406653,264,10.782650
74962702811,270,10.782638
90270068533,272,10.782495
90274419943,272,10.782475
90274408333,272,10.782475
14127383069,252,10.782418
14128196759,252,10.782392
14129825981,252,10.782338
75046270979,270,10.782157
24659736599,258,10.782150
51788477569,266,10.782137
35739674279,262,10.782103
4645826701,240,10.782042
24668337871,258,10.781993
75104552833,270,10.781823
75108234893,270,10.781802
75120119147,270,10.781734
51836696143,266,10.781731
35773208231,262,10.781687
24689186761,258,10.781612
1054393741,224,10.781551
90481116031,272,10.781497
51872883553,266,10.781425
62454127181,268,10.781368
24705809257,258,10.781309
75195595021,270,10.781301
43102719461,264,10.781296
90532287709,272,10.781256
24709562431,258,10.781240
35813003099,262,10.781194
24714910897,258,10.781143
75243994687,270,10.781025
75258987589,270,10.780939
62521287071,268,10.780902
75268209701,270,10.780886
75276548107,270,10.780838
62543879789,268,10.780746
51957754549,266,10.780711
43163327747,264,10.780678
90659866123,272,10.780654
51973179847,266,10.780581
4660085921,240,10.780558
75328789387,270,10.780540
75333278621,270,10.780514
9791217487,248,10.780381
43194041251,264,10.780364
43211276803,264,10.780189
35896071971,262,10.780166
75398540909,270,10.780142
29821998013,260,10.780101
62639138339,268,10.780086
52033037389,266,10.780079
43231465327,264,10.779984
90810124891,272,10.779946
75434227147,270,10.779938
35916449333,262,10.779914
75454203079,270,10.779823
14208071431,252,10.779791
90851914969,272,10.779750
75499855213,270,10.779563
62717934341,268,10.779540
75513136667,270,10.779488
62730759431,268,10.779451
17117462701,254,10.779445
90921333673,272,10.779424
75528639161,270,10.779399
75533424073,270,10.779372
62745233909,268,10.779352
1534707847,228,10.779324
75549348533,270,10.779282
14226027841,252,10.779209
43316490361,264,10.779119
11821233761,250,10.779038
62796780647,268,10.778996
62803148831,268,10.778952
91031903173,272,10.778904
75617448097,270,10.778893
36006170621,262,10.778808
75649318067,270,10.778712
75666688249,270,10.778614
52213127929,266,10.778569
75675131471,270,10.778565
62860291457,268,10.778558
52214852779,266,10.778555
8166345527,246,10.778465
75695189239,270,10.778452
75720701831,270,10.778307
52248547147,266,10.778274
52257814243,266,10.778195
24877978351,258,10.778181
20666696147,256,10.778135
43418371991,264,10.778085
75763573891,270,10.778063
14261572921,252,10.778058
62940951947,268,10.778002
75775260361,270,10.777997
4684820293,240,10.777994
17172960433,254,10.777965
75787005643,270,10.777930
11849848889,250,10.777915
24900740587,258,10.777769
24901858847,258,10.777749
75829711481,270,10.777688
52318731169,266,10.777687
52322396683,266,10.777657
36102394481,262,10.777624
24909759991,258,10.777606
36108563111,262,10.777549
36109447973,262,10.777537
43477256623,264,10.777488
20699000939,256,10.777427
4691245529,240,10.777331
14285252083,252,10.777294
63044229839,268,10.777291
14291053619,252,10.777106
91419734869,272,10.777088
52395833557,266,10.777044
11873953661,250,10.776971
20720138207,256,10.776963
24950598419,258,10.776869
43547494511,264,10.776778
91504901779,272,10.776691
36187802999,262,10.776577
76062890051,270,10.776367
63185306021,268,10.776322
1543807567,228,10.776312
76102685077,270,10.776142
91624856923,272,10.776132
76107330059,270,10.776115
14325841813,252,10.775986
17248668907,254,10.775953
52527793459,266,10.775946
91666401139,272,10.775938
91689242863,272,10.775832
25008565739,258,10.775825
52542641167,266,10.775823
5666441731,242,10.775753
43659654821,264,10.775646
14336695531,252,10.775637
43675867531,264,10.775483
14346583309,252,10.775319
76271780509,270,10.775187
91839055969,272,10.775135
14353508549,252,10.775097
43716215927,264,10.775077
8226835873,246,10.774981
52645013263,266,10.774973
43733397683,264,10.774904
25064490497,258,10.774819
20826879869,256,10.774632
63437077871,268,10.774599
91964530519,272,10.774552
63460943111,268,10.774437
20836643813,256,10.774421
76408175021,270,10.774419
63475040327,268,10.774341
76430266687,270,10.774295
20845644899,256,10.774224
63495238967,268,10.774202
2247336761,232,10.774155
76455399179,270,10.774154
52752339859,266,10.774084
76486908851,270,10.773976
76489646257,270,10.773961
63531114611,268,10.773958
52769683927,266,10.773940
8245243367,246,10.773926
63537924077,268,10.773911
76529805907,270,10.773735
36427562309,262,10.773650
52829612593,266,10.773445
63608299751,268,10.773432
92211809083,272,10.773406
76598153449,270,10.773352
25163851379,258,10.773039
52891690993,266,10.772933
14427060433,252,10.772742
76734559063,270,10.772587
43965678791,264,10.772575
76741724639,270,10.772547
76745045957,270,10.772528
76749221677,270,10.772505
25196740291,258,10.772451
76765360741,270,10.772414
20932042577,256,10.772349
76783083667,270,10.772315
92456195119,272,10.772277
92474597779,272,10.772192
92489162173,272,10.772125
52993272667,266,10.772096
36567045731,262,10.771957
20950818299,256,10.771943
36568954241,262,10.771935
92535422611,272,10.771912
44036004853,264,10.771873
76865645369,270,10.771853
14455571491,252,10.771833
44040954491,264,10.771823
76880794409,270,10.771769
76883307899,270,10.771754
44049980237,264,10.771733
25244721457,258,10.771596
63885232727,268,10.771551
44071235683,264,10.771522
92634173173,272,10.771457
25252828037,258,10.771451
76964195423,270,10.771302
36626663873,262,10.771236
92688863431,272,10.771205
76993987141,270,10.771136
76995669973,270,10.771127
44112228401,264,10.771112
1559804921,228,10.771064
77010533021,270,10.771044
92748422953,272,10.770930
92757314281,272,10.770890
25287929189,258,10.770826
4754782427,240,10.770824
92771752399,272,10.770823
17448798151,254,10.770682
77089587811,270,10.770603
53176307617,266,10.770592
25305002399,258,10.770523
77107206601,270,10.770505
77108115443,270,10.770500
92851824889,272,10.770455
77136584243,270,10.770341
77137920911,270,10.770334
25328128211,258,10.770113
3955139381,238,10.770068
53251959289,266,10.769972
8314990357,246,10.769953
64122779687,268,10.769944
14516401121,252,10.769900
14518333859,252,10.769839
25348381411,258,10.769753
77263137031,270,10.769637
93053417713,272,10.769530
93077070349,272,10.769423
64203814919,268,10.769398
93087514951,272,10.769375
77311063019,270,10.769371
53339634619,266,10.769255
44301041627,264,10.769236
93143405323,272,10.769118
53356706629,266,10.769115
93147005593,272,10.769102
14546868043,252,10.768935
53380468039,266,10.768921
64276948397,268,10.768905
53383307743,266,10.768898
77416391947,270,10.768785
14551814161,252,10.768779
44356825291,264,10.768683
64310518829,268,10.768680
25411268429,258,10.768640
77443692461,270,10.768635
30598058143,260,10.768631
17530117021,254,10.768559
36849208103,262,10.768554
93275158513,272,10.768516
25420809307,258,10.768471
25421529577,258,10.768458
77475682387,270,10.768457
25423158547,258,10.768429
53441402653,266,10.768423
77497106191,270,10.768338
44394541831,264,10.768310
64376681099,268,10.768234
53469830593,266,10.768191
64397799737,268,10.768092
3298460449,236,10.768034
10056285199,248,10.767879
77616386077,270,10.767678
44463872723,264,10.767625
93471108091,272,10.767621
64485574997,268,10.767503
64490885579,268,10.767467
77660460491,270,10.767434
64496560091,268,10.767429
8359688459,246,10.767426
21161804063,256,10.767403
25484553257,258,10.767345
21165108863,256,10.767332
77682972337,270,10.767309
53580385357,266,10.767291
25488944267,258,10.767268
64532162087,268,10.767191
93576691723,272,10.767140
21174201869,256,10.767138
36969619649,262,10.767111
77736381211,270,10.767015
77737347917,270,10.767009
64562218181,268,10.766989
53629538497,266,10.766891
77762597867,270,10.766870
77765323553,270,10.766854
53642714197,266,10.766785
77824068643,270,10.766530
44591905367,264,10.766362
12149792129,250,10.766313
25544292281,258,10.766294
53706881509,266,10.766264
77873116567,270,10.766260
77876143061,270,10.766243
53711154157,266,10.766229
64683165851,268,10.766180
44611387817,264,10.766170
77890251487,270,10.766166
64702486577,268,10.766050
77917879927,270,10.766013
93827284549,272,10.766001
10096795081,248,10.765999
53749900453,266,10.765915
77936232277,270,10.765912
10101065041,248,10.765801
5785905649,242,10.765752
17640470707,254,10.765695
53783760577,266,10.765640
30813874303,260,10.765497
21255583049,256,10.765401
30831414457,260,10.765244
78067461061,270,10.765190
30837468769,260,10.765156
37138532579,262,10.765094
25616748929,258,10.765020
44734246153,264,10.764962
53871228727,266,10.764933
44769601687,264,10.764616
3322143919,236,10.764520
64931950607,268,10.764520
64948431419,268,10.764410
10132042369,248,10.764371
44795668751,264,10.764360
14693219971,252,10.764331
44802239687,264,10.764296
10133706559,248,10.764294
25658805779,258,10.764284
2760579313,234,10.764210
64980745421,268,10.764194
44813187721,264,10.764189
53964343627,266,10.764180
53968632097,266,10.764146
14700822473,252,10.764092
78277102763,270,10.764039
78278016547,270,10.764034
78353888227,270,10.763618
94361972791,272,10.763579
44875765057,264,10.763577
37266535661,262,10.763572
78367352251,270,10.763545
78377016437,270,10.763492
78394135891,270,10.763398
25709455301,258,10.763398
94428584113,272,10.763279
54078356623,266,10.763261
44916788737,264,10.763175
12232798661,250,10.763157
94476290413,272,10.763063
78475490417,270,10.762953
94505850721,272,10.762931
21372762707,256,10.762913
37324902623,262,10.762880
78491976809,270,10.762863
31002407197,260,10.762778
78517746887,270,10.762722
31010072371,260,10.762669
78538562447,270,10.762609
44975463037,264,10.762603
78549593687,270,10.762548
94596658693,272,10.762522
44987523421,264,10.762485
44992111117,264,10.762441
45015193387,264,10.762216
78618404567,270,10.762173
78622911019,270,10.762148
10183322557,248,10.762012
78657040117,270,10.761962
54247501219,266,10.761901
78670179719,270,10.761890
78673317133,270,10.761873
298258601,210,10.761796
2774093837,234,10.761792
45060268511,264,10.761776
54269703487,266,10.761723
78700906189,270,10.761723
31077436987,260,10.761702
54278264539,266,10.761654
94827011263,272,10.761486
5837799871,242,10.761477
31106392183,260,10.761287
45117930287,264,10.761215
78804080489,270,10.761161
78805389343,270,10.761153
94901529823,272,10.761151
25838729509,258,10.761147
78830568727,270,10.761017
628224781,218,10.760963
10207166689,248,10.760921
45151321093,264,10.760891
54384981349,266,10.760799
37501245389,262,10.760797
78872277569,270,10.760790
78880682047,270,10.760744
78886222747,270,10.760714
54396153157,266,10.760710
95008125271,272,10.760674
78911537659,270,10.760576
78922659941,270,10.760516
54424508119,266,10.760483
65552981717,268,10.760406
31170738787,260,10.760366
45207803621,264,10.760343
4034991767,238,10.760335
45208890901,264,10.760332
37542855281,262,10.760306
2310527249,232,10.760298
45220076933,264,10.760223
14826041609,252,10.760195
17855428561,254,10.760171
14827169801,252,10.760159
79013544091,270,10.760022
65613865439,268,10.760004
79022620487,270,10.759973
95167212703,272,10.759961
79025857517,270,10.759955
25912154699,258,10.759873
79053222449,270,10.759807
45263732677,264,10.759800
14839066531,252,10.759791
79056639031,270,10.759789
37591824341,262,10.759730
65658114029,268,10.759713
25927021639,258,10.759616
79092532241,270,10.759594
7058432057,244,10.759569
14853690749,252,10.759338
95317219813,272,10.759291
79153057849,270,10.759266
5865320611,242,10.759227
45325394393,264,10.759203
79166670091,270,10.759192
65737387721,268,10.759192
95340223501,272,10.759189
79171367227,270,10.759167
31257068107,260,10.759135
21554790869,256,10.759076
79195992877,270,10.759033
37651179329,262,10.759033
4872904657,240,10.758976
95402579053,272,10.758910
45358813321,264,10.758880
95409607333,272,10.758879
45373741307,264,10.758736
54647466439,266,10.758703
79275427999,270,10.758603
45418229543,264,10.758306
95547659533,272,10.758264
54719553919,266,10.758130
26014569851,258,10.758103
14895503443,252,10.758047
79387423009,270,10.757998
79392838937,270,10.757969
65936329499,268,10.757887
79411589249,270,10.757868
79421292677,270,10.757815
54769871869,266,10.757730
8533701809,246,10.757725
26038050397,258,10.757699
26039106997,258,10.757680
45487020517,264,10.757643
95698791379,272,10.757591
79488309683,270,10.757454
79501279423,270,10.757384
45513787691,264,10.757384
12389802401,250,10.757251
79533385823,270,10.757211
14924211959,252,10.757163
37816778633,262,10.757094
37818139493,262,10.757079
45553482971,264,10.757003
26082383749,258,10.756935
95847118789,272,10.756932
66084005609,268,10.756921
79594021433,270,10.756885
1932208693,230,10.756746
45591003877,264,10.756641
95937116959,272,10.756533
45603421943,264,10.756522
79680812671,270,10.756417
95963581543,272,10.756415
66168096209,268,10.756371
79699706929,270,10.756315
26119609127,258,10.756296
79705251601,270,10.756286
54957709993,266,10.756241
26123564801,258,10.756228
79716586493,270,10.756225
54961050799,266,10.756214
5902721779,242,10.756186
79728000467,270,10.756164
14957283743,252,10.756146
66204733697,268,10.756133
79751342959,270,10.756038
96053073709,272,10.756019
66231887261,268,10.755956
79772256313,270,10.755926
96112566559,272,10.755755
45693707231,264,10.755655
79824756227,270,10.755644
96155166493,272,10.755568
45705418037,264,10.755543
66303571487,268,10.755489
66308071469,268,10.755460
79877208493,270,10.755363
45726500471,264,10.755342
79900733113,270,10.755237
14987512739,252,10.755220
14988490151,252,10.755190
37981648403,262,10.755174
79912760467,270,10.755172
31538283577,260,10.755149
96250413703,272,10.755146
14993806021,252,10.755027
79948708933,270,10.754979
26200743157,258,10.754906
31557664399,260,10.754875
38008841201,262,10.754858
79982992357,270,10.754795
79991310967,270,10.754751
96345422791,272,10.754726
26213252077,258,10.754691
45801291967,264,10.754625
96379549753,272,10.754576
7133262881,244,10.754567
80029194569,270,10.754548
922411991,222,10.754510
80038257493,270,10.754499
45815668403,264,10.754488
38042332901,262,10.754469
38044108523,262,10.754448
528058759,216,10.754445
80052037957,270,10.754426
45822591761,264,10.754421
38056920623,262,10.754300
18090422563,254,10.754214
12471694481,250,10.754202
55237003363,266,10.754036
66528080849,268,10.754030
55251621679,266,10.753922
80146659311,270,10.753920
15030912791,252,10.753893
7144781213,244,10.753803
45897560017,264,10.753705
45911278967,264,10.753574
55315935079,266,10.753415
80245839239,270,10.753390
38136861779,262,10.753373
80256555037,270,10.753333
80257886827,270,10.753325
80266020823,270,10.753283
5938923763,242,10.753264
15051953759,252,10.753251
96686030821,272,10.753226
26301554809,258,10.753184
80303981507,270,10.753080
55359212893,266,10.753076
55363370047,266,10.753043
96741556903,272,10.752982
45973972123,264,10.752976
80332443341,270,10.752928
96759402169,272,10.752904
1342336517,226,10.752853
31707556471,260,10.752768
38193524711,262,10.752718
46004022241,264,10.752690
26332338559,258,10.752660
80385654677,270,10.752645
96824853259,272,10.752616
15076300333,252,10.752509
31733566021,260,10.752403
26348814637,258,10.752379
46037878937,264,10.752368
38227103339,262,10.752331
31744712803,260,10.752247
12524908853,250,10.752233
31747511137,260,10.752208
66824045117,268,10.752115
46065322781,264,10.752108
55484646787,266,10.752091
96952951219,272,10.752054
80497007977,270,10.752052
80518269043,270,10.751939
80522120453,270,10.751919
31771608577,260,10.751870
80548911761,270,10.751776
46108737797,264,10.751695
80574833981,270,10.751638
46120571947,264,10.751582
66908651681,268,10.751569
38295643163,262,10.751540
46125858067,264,10.751533
80613061153,270,10.751435
770458589,220,10.751376
10421156611,248,10.751242
80653269121,270,10.751222
80680109677,270,10.751080
21941749889,256,10.751037
80695929869,270,10.750996
55627909147,266,10.750971
46187110511,264,10.750951
12560438381,250,10.750923
67011302009,268,10.750908
80719476953,270,10.750871
46197795967,264,10.750850
46198733531,264,10.750841
80730804353,270,10.750811
12564681557,250,10.750767
80741035247,270,10.750756
15135057001,252,10.750725
80757893483,270,10.750667
31871577967,260,10.750474
80836594477,270,10.750250
31893367309,260,10.750170
46279318273,264,10.750078
80869214347,270,10.750077
4121521451,238,10.750023
80894245007,270,10.749945
26497291957,258,10.749862
15163715053,252,10.749858
80911437881,270,10.749854
67177822211,268,10.749838
38447161901,262,10.749798
1959273223,230,10.749754
38453340371,262,10.749727
80942345251,270,10.749690
15170123629,252,10.749663
97506705313,272,10.749634
80955794561,270,10.749619
22012681907,256,10.749579
67221259067,268,10.749559
46341822893,264,10.749487
97544808433,272,10.749468
46346118227,264,10.749447
46350320671,264,10.749407
80996753543,270,10.749403
55835645617,266,10.749352
81013770763,270,10.749312
97591619941,272,10.749264
46376381687,264,10.749161
81043984783,270,10.749153
46379893487,264,10.749128
26555887601,258,10.748873
4976776243,240,10.748813
2847916391,234,10.748809
81122926837,270,10.748736
46422160781,264,10.748730
97716869671,272,10.748719
10479926059,248,10.748621
46448142757,264,10.748485
15209681899,252,10.748469
46453234057,264,10.748437
81180897103,270,10.748431
55963215817,266,10.748361
97811254369,272,10.748309
97816093261,272,10.748288
67439590259,268,10.748161
32038963129,260,10.748146
26600786161,258,10.748116
67456318541,268,10.748055
46495829671,264,10.748035
97896592999,272,10.747939
26613776857,258,10.747897
38616324101,262,10.747862
97928356069,272,10.747801
56036167027,266,10.747795
38622421289,262,10.747792
18347886913,254,10.747784
15233726363,252,10.747746
67504589597,268,10.747746
32068879639,260,10.747731
46543757903,264,10.747584
46544778853,264,10.747575
67531478309,268,10.747574
46546981567,264,10.747554
22112738429,256,10.747533
18360180451,254,10.747478
98014305061,272,10.747429
81378782581,270,10.747389
98024761369,272,10.747383
98047311379,272,10.747286
38688395789,262,10.747040
15257310571,252,10.747037
98113016761,272,10.747002
8730975637,246,10.746984
81456765239,270,10.746980
26670153091,258,10.746950
67635218351,268,10.746913
81470269261,270,10.746908
98138532559,272,10.746891
67652943497,268,10.746799
46641542951,264,10.746666
32151091879,260,10.746593
38731816769,262,10.746546
81547397777,270,10.746504
81562513801,270,10.746425
22169571689,256,10.746375
98258461393,272,10.746372
81584815511,270,10.746307
81603197437,270,10.746211
15285501871,252,10.746190
32182689163,260,10.746158
67765258637,268,10.746085
46718378543,264,10.745946
81662030221,270,10.745903
56282858977,266,10.745888
46739463733,264,10.745749
56309292667,266,10.745684
81721721713,270,10.745590
81729973723,270,10.745547
46762802657,264,10.745531
98472554941,272,10.745448
98472985651,272,10.745446
38828723711,262,10.745444
15313792093,252,10.745343
81771737129,270,10.745329
2868398311,234,10.745272
67901866007,268,10.745217
67906097057,268,10.745191
38851894073,262,10.745181
81801107191,270,10.745175
18455959183,254,10.745113
81829931147,270,10.745025
46821119831,264,10.744986
67938729941,268,10.744984
38882440451,262,10.744835
46838379041,264,10.744824
10566476257,248,10.744791
38893466999,262,10.744710
81895771943,270,10.744680
81896244223,270,10.744678
32291771539,260,10.744655
81903531361,270,10.744640
81908990393,270,10.744612
56453013049,266,10.744577
81919544519,270,10.744556
46868141921,264,10.744547
4168397267,238,10.744534
32301358183,260,10.744523
98697813481,272,10.744478
98700209059,272,10.744468
15344585363,252,10.744423
46892465911,264,10.744320
1644243551,228,10.744304
81968333329,270,10.744302
56494509499,266,10.744258
81984255193,270,10.744219
32330069491,260,10.744128
82008700369,270,10.744092
98787736591,272,10.744092
15356868929,252,10.744057
98812145779,272,10.743987
82040578621,270,10.743925
82044088069,270,10.743907
56543266939,266,10.743884
56550971089,266,10.743825
26857947551,258,10.743810
46949544091,264,10.743788
46956506741,264,10.743723
15369794543,252,10.743670
68150831351,268,10.743641
56574911047,266,10.743641
82096507639,270,10.743634
82109762071,270,10.743565
15375348419,252,10.743505
82142524361,270,10.743395
82142985989,270,10.743392
46994131291,264,10.743373
32385178333,260,10.743373
7304206487,244,10.743354
15386330581,252,10.743178
18541124593,254,10.743021
56659035313,266,10.742996
39049262909,262,10.742949
8809488907,246,10.742783
82269732739,270,10.742733
47064010753,264,10.742723
39072017093,262,10.742692
32436351859,260,10.742672
99122908879,272,10.742655
82285168813,270,10.742653
82285535561,270,10.742651
82289994139,270,10.742628
15406596421,252,10.742576
47086787567,264,10.742512
26938259357,258,10.742475
26939583091,258,10.742453
82324718897,270,10.742448
99182588839,272,10.742399
47107995371,264,10.742315
99207969673,272,10.742290
256526327,208,10.742281
22375049153,256,10.742215
26955042241,258,10.742196
18576307177,254,10.742160
47125294313,264,10.742154
56772878209,266,10.742126
4189237127,238,10.742116
82404560533,270,10.742033
47147691221,264,10.741947
82428133273,270,10.741911
47158108453,264,10.741850
82440816391,270,10.741845
26981425409,258,10.741758
56825489407,266,10.741724
15435732803,252,10.741711
68460467381,268,10.741689
32513021491,260,10.741624
47183031983,264,10.741619
56840994517,266,10.741606
82487859023,270,10.741601
47186146991,264,10.741590
47187252787,264,10.741580
82502136463,270,10.741528
82503097777,270,10.741523
2890911571,234,10.741416
15447075299,252,10.741374
47218496417,264,10.741291
32538947443,260,10.741270
32540944981,260,10.741242
12834832181,250,10.740941
27032978317,258,10.740905
99543840589,272,10.740857
56945652553,266,10.740808
15467167733,252,10.740779
47274026183,264,10.740777
47280107513,264,10.740721
6097375489,242,10.740698
47286173917,264,10.740664
27052036309,258,10.740589
99615338791,272,10.740552
32604677419,260,10.740375
27065278039,258,10.740371
47319879163,264,10.740354
10668437161,248,10.740322
47327928521,264,10.740279
57023913613,266,10.740211
47336620757,264,10.740199
82770420869,270,10.740140
12860194031,250,10.740030
12860256221,250,10.740027
4207338251,238,10.740026
12861617429,250,10.739979
47376644437,264,10.739830
99789340933,272,10.739812
47381272927,264,10.739787
10681220089,248,10.739765
47395719907,264,10.739654
82869296707,270,10.739630
82897949809,270,10.739483
47414871631,264,10.739477
32674144969,260,10.739430
27128330897,258,10.739330
32683762453,260,10.739300
5076861611,240,10.739236
57154389529,266,10.739221
15523417619,252,10.739118
47455932413,264,10.739100
12887451377,250,10.739053
8881191923,246,10.738981
82998742339,270,10.738963
12890768081,250,10.738935
1661998801,228,10.738869
27158923111,258,10.738827
57210948499,266,10.738792
83035483357,270,10.738774
57217260799,266,10.738745
15539240149,252,10.738651
32733856819,260,10.738621
32737693393,260,10.738568
47530584187,264,10.738413
57263142847,266,10.738397
27185423417,258,10.738391
18731368813,254,10.738384
83136290483,270,10.738256
83142874853,270,10.738222
57289929043,266,10.738194
47555392667,264,10.738185
83159124359,270,10.738139
69031414229,268,10.738114
83164851293,270,10.738110
8899819547,246,10.737999
83195713963,270,10.737951
57340650517,266,10.737810
22594855169,256,10.737810
32798788951,260,10.737741
15570889979,252,10.737720
69100123511,268,10.737686
39519304301,262,10.737680
27229613707,258,10.737664
69117443561,268,10.737578
57372905743,266,10.737567
57373273543,266,10.737564
57375670747,266,10.737546
27237143491,258,10.737541
32823511381,260,10.737408
69154069991,268,10.737350
32828190091,260,10.737345
47666314613,264,10.737167
83352581063,270,10.737146
8917522843,246,10.737067
22639330919,256,10.736924
69283779659,268,10.736545
69285086987,268,10.736536
39624880289,262,10.736506
83486118173,270,10.736464
39637216193,262,10.736370
22667313377,256,10.736368
22668267497,256,10.736349
83517873641,270,10.736300
83603695229,270,10.735863
83626826359,270,10.735744
47823968441,264,10.735725
83635017647,270,10.735703
83656182409,270,10.735595
83665715131,270,10.735546
69457128347,268,10.735470
69460816157,268,10.735447
57662608417,266,10.735384
377034523,212,10.735348
15660779413,252,10.735087
32996985517,260,10.735071
27393906979,258,10.734977
57723054469,266,10.734930
33008058487,260,10.734922
83792357227,270,10.734900
7436462633,244,10.734872
2018361781,230,10.734846
57742787383,266,10.734782
15671435113,252,10.734776
39783084353,262,10.734754
3530731147,236,10.734704
27415697009,258,10.734622
47962276267,264,10.734465
47969117843,264,10.734403
47969806513,264,10.734396
47973192077,264,10.734365
18898746091,254,10.734347
39825148901,262,10.734289
15692127881,252,10.734173
69670843667,268,10.734149
4260229811,238,10.733974
39857760563,262,10.733929
18919955851,254,10.733838
84007047679,270,10.733809
84008869699,270,10.733799
84008872687,270,10.733799
84009869747,270,10.733794
84033776053,270,10.733672
33109849051,260,10.733558
84064494499,270,10.733517
84067872887,270,10.733500
57921993607,266,10.733439
69798365309,268,10.733362
27495355427,258,10.733326
39920984921,262,10.733232
69823164347,268,10.733210
57957809449,266,10.733172
18954655021,254,10.733007
33153491671,260,10.732974
27517480609,258,10.732967
5143721623,240,10.732952
69866079209,268,10.732945
33162704941,260,10.732851
27526795409,258,10.732816
48145833751,264,10.732798
27528218251,258,10.732793
84217623299,270,10.732740
84218569349,270,10.732736
84221576347,270,10.732720
9000849149,246,10.732711
27533889937,258,10.732701
84251151211,270,10.732571
84257164777,270,10.732540
27544807189,258,10.732524
84264129949,270,10.732505
84270150397,270,10.732474
48191234461,264,10.732387
84297019309,270,10.732338
69987181997,268,10.732202
2029127773,230,10.732182
22884866957,256,10.732069
84359736077,270,10.732020
1398238913,226,10.732019
15768091543,252,10.731965
84374681887,270,10.731945
33234819973,260,10.731889
48271961347,264,10.731656
70077867971,268,10.731645
84436829143,270,10.731631
84453165971,270,10.731548
70098953279,268,10.731516
84483075913,270,10.731398
2032414927,230,10.731371
48305051273,264,10.731358
70133968691,268,10.731301
27624206459,258,10.731239
84522030097,270,10.731201
33286391011,260,10.731201
48323948983,264,10.731187
13109613659,250,10.731174
84527798851,270,10.731172
84535982183,270,10.731131
84546345929,270,10.731078
27635349019,258,10.731059
84552828257,270,10.731046
15802397813,252,10.730972
70191296237,268,10.730949
84579126949,270,10.730913
84582499387,270,10.730896
84589445009,270,10.730861
70238310071,268,10.730662
58299448327,266,10.730627
48397714403,264,10.730521
48399024811,264,10.730510
84689002193,270,10.730359
84711358763,270,10.730247
22983829217,256,10.730128
70329644519,268,10.730103
22985465813,256,10.730096
19077940537,254,10.730067
48451641097,264,10.730036
70343084351,268,10.730021
10908774559,248,10.729970
40222282553,262,10.729927
48467016097,264,10.729897
84782513759,270,10.729889
84798478091,270,10.729809
84811152067,270,10.729745
33398541871,260,10.729712
19094339197,254,10.729678
23006983679,256,10.729675
4299095261,238,10.729580
48508193273,264,10.729527
70436100869,268,10.729454
70436431937,268,10.729452
2962025827,234,10.729446
58462398763,266,10.729419
27738836659,258,10.729391
70460417957,268,10.729306
23030477819,256,10.729216
23031258119,256,10.729201
5185264769,240,10.729093
27759614759,258,10.729057
48562948853,264,10.729035
40306846421,262,10.729004
33454573591,260,10.728970
84967952897,270,10.728957
58535878087,266,10.728875
58548102253,266,10.728786
58550689189,266,10.728766
85020287291,270,10.728695
85023745907,270,10.728678
58564796503,266,10.728662
85029721901,270,10.728647
70575764489,268,10.728603
33488066197,260,10.728527
48621455801,264,10.728510
48621505831,264,10.728510
7537729601,244,10.728488
33507159163,260,10.728274
4311600077,238,10.728175
27820134227,258,10.728086
85147745489,270,10.728056
58653360523,266,10.728008
15905915203,252,10.727989
58672396753,266,10.727867
85203824743,270,10.727776
85212082507,270,10.727735
48714431347,264,10.727677
70731540449,268,10.727656
19183673863,254,10.727563
40443805211,262,10.727514
85257784187,270,10.727506
15923073169,252,10.727497
58739495107,266,10.727373
48748594997,264,10.727372
15927577789,252,10.727367
85303401899,270,10.727278
85304990779,270,10.727269
70796468441,268,10.727262
48768022867,264,10.727198
85350627781,270,10.727041
58795702249,266,10.726959
58804068313,266,10.726898
6277536271,242,10.726834
5210293997,240,10.726784
40513319513,262,10.726760
85443242701,270,10.726580
70918656287,268,10.726522
85460751511,270,10.726492
85462048213,270,10.726485
1703344267,228,10.726454
40542718133,262,10.726441
70954595027,268,10.726304
19237120447,254,10.726302
48870058577,264,10.726287
15967023953,252,10.726238
48879037531,264,10.726207
58901469397,266,10.726182
85542660887,270,10.726084
85543123739,270,10.726082
48895541743,264,10.726060
70998499751,268,10.726039
40582984283,262,10.726006
7578682997,244,10.725932
85579788521,270,10.725899
27959564747,258,10.725856
85590905401,270,10.725843
85591684463,270,10.725840
58959668497,266,10.725755
48935047853,264,10.725708
48960754957,264,10.725479
48966981727,264,10.725424
85681566343,270,10.725392
19276995097,254,10.725365
48985871257,264,10.725256
28005116407,258,10.725130
85764336139,270,10.724981
85767538561,270,10.724965
40679780831,262,10.724959
59073626737,266,10.724919
85783159351,270,10.724888
85783067053,270,10.724888
85784799323,270,10.724879
9153846473,246,10.724824
59110571893,266,10.724649
85912209473,270,10.724247
9165209597,246,10.724244
40746370733,262,10.724241
85934810993,270,10.724135
85938113683,270,10.724119
71318085269,268,10.724112
6313784749,242,10.724097
33831358027,260,10.724013
23298633557,256,10.724013
85968884581,270,10.723967
59210587099,266,10.723919
85981861789,270,10.723903
59222039449,266,10.723835
9173371367,246,10.723827
71366528027,268,10.723820
49159360897,264,10.723716
71388663239,268,10.723687
59243857927,266,10.723676
86031660343,270,10.723656
86041978489,270,10.723604
86048114363,270,10.723575
40808868239,262,10.723569
86049355313,270,10.723568
5246850859,240,10.723433
49192248377,264,10.723424
86081572853,270,10.723409
86083205557,270,10.723400
16067220529,252,10.723383
86091554947,270,10.723359
86096479187,270,10.723335
86112951137,270,10.723253
86124629891,270,10.723196
28130192399,258,10.723144
49223914561,264,10.723144
86137628029,270,10.723131
86143481219,270,10.723103
86159423149,270,10.723023
3001104961,234,10.723002
28149468469,258,10.722838
40878400271,262,10.722821
9194385983,246,10.722758
86260953479,270,10.722522
86284331201,270,10.722406
71602171211,268,10.722405
86286612611,270,10.722396
28177506541,258,10.722394
71617834487,268,10.722312
40928838263,262,10.722281
9209055593,246,10.722013
86390759089,270,10.721882
86398380043,270,10.721845
59499476833,266,10.721814
59500189849,266,10.721809
49385640833,264,10.721715
86426597057,270,10.721705
86430747833,270,10.721684
40988348573,262,10.721642
41011174163,262,10.721398
34040604019,260,10.721287
28250582671,258,10.721240
3629854957,236,10.721201
23451909749,256,10.721068
86561162627,270,10.721043
41044977581,262,10.721037
86568121379,270,10.721008
59619714379,266,10.720942
49478723951,264,10.720896
86594320541,270,10.720880
86604003583,270,10.720832
86629208657,270,10.720709
49500855907,264,10.720701
34091326411,260,10.720629
28301600059,258,10.720436
34108090729,260,10.720411
71944062287,268,10.720363
49559097611,264,10.720189
28317562759,258,10.720185
34128777139,260,10.720143
34131677353,260,10.720106
49569276941,264,10.720099
49575689717,264,10.720043
49584896797,264,10.719962
28332965651,258,10.719943
86791022977,270,10.719914
9251390033,246,10.719870
86808275921,270,10.719830
86810086621,270,10.719821
16197264319,252,10.719706
28352096299,258,10.719643
16199605159,252,10.719640
72067880051,268,10.719625
41179060451,262,10.719606
72071407229,268,10.719604
23532010757,256,10.719538
5290219973,240,10.719490
28363012697,258,10.719471
34186365943,260,10.719398
16208526073,252,10.719389
86924602747,270,10.719259
86933023963,270,10.719218
41217089141,262,10.719202
28387116377,258,10.719092
19546827691,254,10.719073
86982440849,270,10.718977
72199472537,268,10.718843
87022597121,270,10.718781
49720682651,264,10.718772
9273554957,246,10.718752
49725359963,264,10.718731
41266607873,262,10.718675
49754646857,264,10.718475
87086147063,270,10.718470
72263370197,268,10.718464
72263648759,268,10.718462
41290171661,262,10.718425
87103579223,270,10.718385
72301690049,268,10.718237
87136785713,270,10.718222
72311342639,268,10.718180
87147061633,270,10.718172
87183661519,270,10.717994
7707643043,244,10.717982
87190320079,270,10.717960
87203456111,270,10.717896
28463657969,258,10.717894
72359804597,268,10.717892
87213264487,270,10.717849
87222743299,270,10.717803
13497994313,250,10.717743
72394316387,268,10.717688
23630986007,256,10.717654
28482040931,258,10.717607
16275025763,252,10.717522
49870092607,264,10.717466
60103312963,266,10.717453
49874492777,264,10.717428
72446609357,268,10.717379
49880659033,264,10.717374
34343849647,260,10.717367
23648395937,256,10.717323
60121887697,266,10.717319
9302372509,246,10.717303
49895582873,264,10.717244
60140164369,266,10.717188
87352098703,270,10.717173
3037669273,234,10.717055
4412186231,238,10.717034
49921533217,264,10.717018
28526045161,258,10.716919
34389157639,260,10.716785
28537575329,258,10.716739
49964890531,264,10.716640
49966064383,264,10.716630
28544646497,258,10.716629
87466006763,270,10.716618
16308366089,252,10.716589
28556131447,258,10.716450
72608932619,268,10.716419
87507704467,270,10.716415
60256651993,266,10.716352
5325158599,240,10.716339
87530742973,270,10.716303
87538158503,270,10.716267
50017021363,264,10.716187
50027249693,264,10.716098
60294249493,266,10.716084
87580958587,270,10.716059
5328536039,240,10.716036
50035046233,264,10.716030
28586603021,258,10.715975
87600952157,270,10.715962
87604870481,270,10.715943
87608871043,270,10.715923
87624695551,270,10.715847
60333232807,266,10.715804
3045517817,234,10.715789
87637810879,270,10.715783
34467959707,260,10.715775
50077847471,264,10.715658
87688763009,270,10.715536
87712846369,270,10.715419
41580444809,262,10.715354
34503572269,260,10.715318
28628830001,258,10.715318
6431622679,242,10.715317
72808384487,268,10.715243
60413264017,266,10.715232
50129210371,264,10.715212
87757673291,270,10.715202
50147004181,264,10.715057
87803594873,270,10.714979
41625105101,262,10.714884
87839679377,270,10.714805
60473684419,266,10.714801
72891502241,268,10.714755
87858352289,270,10.714714
87865219681,270,10.714682
9354997679,246,10.714670
28673305027,258,10.714627
23795562377,256,10.714540
50212211323,264,10.714493
13594753769,250,10.714462
60525131683,266,10.714434
87935869169,270,10.714339
60546488413,266,10.714281
87949807399,270,10.714272
60553921303,266,10.714228
87965073533,270,10.714198
4439130539,238,10.714097
87986530637,270,10.714094
88006716887,270,10.713997
73021432331,268,10.713992
23824946603,256,10.713987
88027343237,270,10.713898
41721454241,262,10.713870
88054326257,270,10.713767
4442347529,238,10.713748
60626084503,266,10.713715
88071771899,270,10.713683
325579747,210,10.713675
73103025551,268,10.713513
73121072051,268,10.713408
34660159393,260,10.713319
73146592361,268,10.713259
13630452359,250,10.713258
50357437943,264,10.713237
23866455443,256,10.713206
88177144043,270,10.713175
88183066963,270,10.713146
88185861017,270,10.713133
9390434609,246,10.712906
60754472617,266,10.712801
16444952011,252,10.712790
50425397843,264,10.712650
73262598737,268,10.712580
28806813389,258,10.712561
34730114137,260,10.712429
88343477743,270,10.712374
34735448647,260,10.712361
88349429579,270,10.712345
60819593599,266,10.712339
50463380827,264,10.712323
41876940821,262,10.712241
88371446123,270,10.712239
88374303041,270,10.712225
88378750601,270,10.712204
88378870589,270,10.712203
88384279531,270,10.712177
60874593427,266,10.711949
16476099271,252,10.711928
88440425561,270,10.711907
73382176559,268,10.711882
60885608989,266,10.711871
28855333627,258,10.711812
88462774849,270,10.711800
88468063067,270,10.711775
60904666237,266,10.711737
23946108539,256,10.711713
13676651993,250,10.711704
73436428649,268,10.711565
28887098237,258,10.711323
50582250193,264,10.711301
88570707221,270,10.711282
88573084307,270,10.711270
11360631169,248,10.711161
34834267201,260,10.711107
60998032177,266,10.711076
5385137633,240,10.710982
16514500811,252,10.710868
88674735197,270,10.710783
88678485769,270,10.710765
88694959097,270,10.710686
61071549223,266,10.710556
61075081549,266,10.710531
88739800823,270,10.710471
73629704909,268,10.710440
16531814059,252,10.710391
24017676737,256,10.710376
50716177943,264,10.710152
88811606099,270,10.710128
88839338603,270,10.709995
3082720757,234,10.709834
42112672463,262,10.709783
28991007761,258,10.709726
3083609101,234,10.709693
16558147811,252,10.709666
28995494207,258,10.709658
88915198699,270,10.709633
50786419091,264,10.709551
88934858053,270,10.709538
19965761701,254,10.709489
73830873119,268,10.709272
73831432721,268,10.709270
88993246681,270,10.709260
88997544341,270,10.709239
73841232701,268,10.709212
5406060089,240,10.709129
34991838367,260,10.709116
42180309581,262,10.709081
73881221321,268,10.708981
5408548549,240,10.708909
89094978499,270,10.708775
35020038409,260,10.708761
35023889851,260,10.708713
42218913431,262,10.708680
50913679981,264,10.708464
89171695709,270,10.708409
89177723711,270,10.708381
35053590511,260,10.708339
74011342247,268,10.708228
61419621517,266,10.708106
29098620041,258,10.708079
1465808819,226,10.708021
61448193427,266,10.707905
29120532821,258,10.707745
89318755079,270,10.707709
74106322721,268,10.707679
3096473561,234,10.707652
89337559081,270,10.707620
42328473989,262,10.707545
89354383331,270,10.707540
20052263587,254,10.707538
20053309597,254,10.707514
61512398809,266,10.707455
74149807211,268,10.707428
7883082761,244,10.707397
74158150571,268,10.707380
5427467069,240,10.707241
35147796331,260,10.707155
51077486293,264,10.707068
89453824157,270,10.707067
89459787031,270,10.707039
61575002527,266,10.707017
61586749219,266,10.706934
89483665301,270,10.706926
29176230337,258,10.706896
89503662043,270,10.706831
5432828131,240,10.706769
74285714429,268,10.706645
51130736071,264,10.706615
29201516587,258,10.706511
89587502909,270,10.706433
89596528163,270,10.706390
89611832689,270,10.706318
51168451483,264,10.706296
89619251143,270,10.706284
74348704037,268,10.706283
42465446741,262,10.706132
89693215081,270,10.705933
61735562377,266,10.705894
51222320447,264,10.705839
89733926441,270,10.705740
74444265971,268,10.705733
51240398393,264,10.705686
35270016487,260,10.705625
61784046949,266,10.705556
89780007259,270,10.705523
89781862213,270,10.705514
35288217421,260,10.705398
35291207047,260,10.705359
29279515219,258,10.705326
74516640449,268,10.705317
89852732999,270,10.705178
20158726453,254,10.705148
89872236131,270,10.705087
61853023579,266,10.705075
29296603411,258,10.705067
74564307599,268,10.705044
51317090317,264,10.705036
35317275439,260,10.705034
89913219983,270,10.704893
24321998633,256,10.704737
89954898841,270,10.704697
42607373033,262,10.704673
89964767989,270,10.704650
35358738361,260,10.704517
89995265863,270,10.704506
90028092647,270,10.704351
90045656329,270,10.704268
29351477711,258,10.704235
51423053531,264,10.704141
24358912937,256,10.704058
90095296579,270,10.704035
90118176931,270,10.703927
51458100371,264,10.703845
74776767257,268,10.703827
24378961073,256,10.703690
62061691207,266,10.703625
90197258633,270,10.703554
51492839117,264,10.703552
51496757003,264,10.703520
62079407179,266,10.703502
90237518633,270,10.703365
90250252997,270,10.703305
35456988691,260,10.703295
90259946653,270,10.703259
90279670519,270,10.703167
20247820123,254,10.703158
20248407187,254,10.703145
90300692473,270,10.703069
90343085423,270,10.702869
62173255369,266,10.702851
51576384043,264,10.702848
74951645999,268,10.702828
42805684679,262,10.702642
29461511741,258,10.702574
62220434359,266,10.702524
35520753379,260,10.702503
29470267811,258,10.702442
24447911519,256,10.702426
20282048863,254,10.702396
42830121053,262,10.702393
42830528921,262,10.702389
75036617039,268,10.702345
51638846767,264,10.702324
24456794207,256,10.702263
90482122397,270,10.702217
90490257719,270,10.702179
16833113359,252,10.702176
90492303761,270,10.702169
90504823909,270,10.702110
51666371987,264,10.702092
42863488361,262,10.702052
16837789081,252,10.702049
90522535291,270,10.702027
29501422427,258,10.701973
29503096681,258,10.701948
90540326323,270,10.701944
90563330723,270,10.701837
16848277573,252,10.701767
62348382253,266,10.701640
16857055001,252,10.701530
90659869819,270,10.701385
62389993219,266,10.701353
42935100209,262,10.701323
90676808543,270,10.701305
90694308437,270,10.701223
29554153207,258,10.701180
51776425387,264,10.701170
42960843953,262,10.701060
29563961891,258,10.701033
90740480447,270,10.701008
90740498389,270,10.701007
62448420253,266,10.700950
51810026731,264,10.700888
42984579593,262,10.700819
51825240781,264,10.700761
16888540931,252,10.700682
51840145163,264,10.700636
62520003967,266,10.700457
29604432211,258,10.700426
29610642749,258,10.700333
90896943509,270,10.700276
3143575387,234,10.700260
43039914173,262,10.700256
75406594499,268,10.700243
35704183057,260,10.700234
43042505501,262,10.700231
20381236807,254,10.700197
11636877481,248,10.700058
51913566433,264,10.700022
35723670337,260,10.699994
20396755723,254,10.699854
6645917449,242,10.699789
51947728097,264,10.699737
29655068381,258,10.699668
35752407133,260,10.699640
91037477093,270,10.699621
20412065887,254,10.699515
29669404889,258,10.699453
9665547079,246,10.699451
75553997231,268,10.699409
91086653821,270,10.699392
62695844443,266,10.699247
52019172853,264,10.699141
43155449681,262,10.699085
29696800669,258,10.699043
1237765267,224,10.698981
91182026701,270,10.698949
5522785523,240,10.698931
91196046077,270,10.698884
52055712473,264,10.698836
62756048629,266,10.698834
35818317439,260,10.698829
75658807517,268,10.698816
91217434507,270,10.698785
14068484093,250,10.698756
52065894421,264,10.698751
91226127463,270,10.698744
52074303851,264,10.698682
35832607963,260,10.698653
52083386063,264,10.698606
91267275241,270,10.698553
52100374883,264,10.698464
91290529751,270,10.698445
43226401373,262,10.698368
1239266383,224,10.698361
91314110959,270,10.698336
16979625791,252,10.698238
4587791027,238,10.698233
43242070061,262,10.698210
2618574383,232,10.698197
91345955783,270,10.698188
75778563551,268,10.698141
91361295257,270,10.698116
62862071533,266,10.698109
24687674087,256,10.698061
75797004407,268,10.698037
29765025341,258,10.698026
35887097293,260,10.697985
91404625451,270,10.697915
91405047119,270,10.697913
91410876703,270,10.697886
62894902849,266,10.697884
62900749273,266,10.697844
52183430543,264,10.697774
1496297207,226,10.697587
43304871101,262,10.697576
52214605481,264,10.697515
91491951151,270,10.697511
91512019987,270,10.697417
17011062559,252,10.697398
35938039387,260,10.697360
8053598171,244,10.697351
52252366063,264,10.697202
24747890099,256,10.696972
63052090009,266,10.696810
24759167063,256,10.696769
52306766401,264,10.696751
52313204071,264,10.696697
91672925879,270,10.696673
91690124959,270,10.696593
43410829589,262,10.696508
29870196877,258,10.696461
91722428747,270,10.696445
52345468267,264,10.696430
91753700167,270,10.696300
91759510967,270,10.696273
36027787879,260,10.696262
17054292721,252,10.696246
91784028811,270,10.696160
91797155539,270,10.696099
29895134771,258,10.696091
52387432931,264,10.696083
43453848881,262,10.696075
14151222641,250,10.696072
8075983427,244,10.696050
11741469769,248,10.695929
63198964177,266,10.695809
17070827479,252,10.695806
91873543261,270,10.695746
29918389727,258,10.695746
76211285939,268,10.695710
52433489531,264,10.695703
20589815497,254,10.695609
63231869713,266,10.695585
91935126923,270,10.695463
91943179313,270,10.695426
63271611463,266,10.695315
76282371437,268,10.695312
52493832107,264,10.695204
29959594361,258,10.695136
92012673397,270,10.695106
29962330091,258,10.695095
29964965971,258,10.695057
92037594937,270,10.694991
63333200737,266,10.694897
17110194053,252,10.694760
5573249399,240,10.694594
63379460017,266,10.694583
1035590651,222,10.694550
92157421429,270,10.694440
92173801039,270,10.694365
92173975409,270,10.694364
92181241193,270,10.694330
92188333651,270,10.694298
14207566589,250,10.694254
24903036017,256,10.694180
4626973019,238,10.694145
92297008511,270,10.693799
92296974779,270,10.693799
30050714521,258,10.693789
30051278189,258,10.693782
63500596219,266,10.693762
63501159937,266,10.693758
92309397001,270,10.693742
36243359371,260,10.693638
76608731921,268,10.693490
232424029,206,10.693481
76613161007,268,10.693465
92383935373,270,10.693400
92398566619,270,10.693333
17169067103,252,10.693202
92428087327,270,10.693198
20700785647,254,10.693190
30094183781,258,10.693150
92449386853,270,10.693100
43752606659,262,10.693085
92458626373,270,10.693058
63636296683,266,10.692844
17183090383,252,10.692831
36312620119,260,10.692799
92531703269,270,10.692723
92544776879,270,10.692663
14257262963,250,10.692657
52804838501,264,10.692645
76761330131,268,10.692641
92566907089,270,10.692562
24995096537,256,10.692532
92587812241,270,10.692467
92591075449,270,10.692451
63701722417,266,10.692403
52835780867,264,10.692391
76810804997,268,10.692367
14266350017,250,10.692365
92622737341,270,10.692307
92624348419,270,10.692300
30152180977,258,10.692296
63718700323,266,10.692287
20742571393,254,10.692282
92630161991,270,10.692273
76864483637,268,10.692068
92686121477,270,10.692018
43863890513,262,10.691976
5605316527,240,10.691861
76907134217,268,10.691832
36403553293,260,10.691698
30192864607,258,10.691698
92766456989,270,10.691650
76953735587,268,10.691573
36415929757,260,10.691549
92794938521,270,10.691521
43910437583,262,10.691513
43920199229,262,10.691417
36427681117,260,10.691407
30216536501,258,10.691351
92833789333,270,10.691343
17243721631,252,10.691234
63896615119,266,10.691090
53001848687,264,10.691032
20801681611,254,10.691001
11868775339,248,10.690956
53015406221,264,10.690922
30251082629,258,10.690845
53026660991,264,10.690830
30254914517,258,10.690789
53042542013,264,10.690701
25098877313,256,10.690681
25102251809,256,10.690621
77136982217,268,10.690558
14323644317,250,10.690533
30275886187,258,10.690482
20826158317,254,10.690472
77153591429,268,10.690467
63990773767,266,10.690457
53079468037,264,10.690399
93045948959,270,10.690377
53082156103,264,10.690377
11884339927,248,10.690352
4663689881,238,10.690349
1830475747,228,10.690252
44042657651,262,10.690202
30296837639,258,10.690175
93114236227,270,10.690066
53121046903,264,10.690060
93117471011,270,10.690052
14341224839,250,10.689972
93146377637,270,10.689920
93163031641,270,10.689845
93170607083,270,10.689810
20857028893,254,10.689805
93178317049,270,10.689775
93180142201,270,10.689767
93195918763,270,10.689695
64109763199,266,10.689659
93205722601,270,10.689651
20866296007,254,10.689606
64142957929,266,10.689437
53201652311,264,10.689404
36595017799,260,10.689393
93266166391,270,10.689377
93268460917,270,10.689366
64153719367,266,10.689364
64163086129,266,10.689301
93289441103,270,10.689271
93310887347,270,10.689174
53236634621,264,10.689119
93325478209,270,10.689107
53238410317,264,10.689105
30374488099,258,10.689042
93341954243,270,10.689033
93358018223,270,10.688960
93389491981,270,10.688817
36667563469,260,10.688522
30412340137,258,10.688490
17348382509,252,10.688489
14388923657,250,10.688455
64295025007,266,10.688419
44237489069,262,10.688276
6810366271,242,10.688238
93528186937,270,10.688190
9904008629,246,10.688122
93612763403,270,10.687807
77650844009,268,10.687728
93645081617,270,10.687661
17382756113,252,10.687592
20962580227,254,10.687534
53436069877,264,10.687501
64452546859,266,10.687368
53457028201,264,10.687331
44336581319,262,10.687302
93733400791,270,10.687262
77738311967,268,10.687248
93742091351,270,10.687222
14428743587,250,10.687192
64492959499,266,10.687099
53488618943,264,10.687076
93788312089,270,10.687015
44367474911,262,10.686997
93793157551,270,10.686993
30518011141,258,10.686954
77793379199,268,10.686947
17410377163,252,10.686872
20996080477,254,10.686816
53522168533,264,10.686805
93836910883,270,10.686795
3896509129,236,10.686786
93844721507,270,10.686760
36821279527,260,10.686685
93863954549,270,10.686673
21003222283,254,10.686664
53544683891,264,10.686623
53545049161,264,10.686620
77857200119,268,10.686597
93891757727,270,10.686548
93891877109,270,10.686547
77877116027,268,10.686488
25336245863,256,10.686481
77879020589,268,10.686478
44420673281,262,10.686475
64587400879,266,10.686471
17426099143,252,10.686463
64593729883,266,10.686429
30570570461,258,10.686193
93970745287,270,10.686193
93985962397,270,10.686124
11994243931,248,10.686111
77951561057,268,10.686081
93995692807,270,10.686080
53619515401,264,10.686019
30583911929,258,10.686000
36878926093,260,10.685997
3236717747,234,10.685992
4706340887,238,10.685979
3237636947,234,10.685854
17449678919,252,10.685850
94073282803,270,10.685731
25382659109,256,10.685664
17458207441,252,10.685629
12007317571,248,10.685610
36912954823,260,10.685593
78047867147,268,10.685555
94116926983,270,10.685534
30616295179,258,10.685532
64731737617,266,10.685513
94140425329,270,10.685430
53694572857,264,10.685413
36928485901,260,10.685408
78078704339,268,10.685387
21063332527,254,10.685379
94154505371,270,10.685366
64754651113,266,10.685361
94167602791,270,10.685308
64767078307,266,10.685279
53711725087,264,10.685275
64769067487,266,10.685266
14491987451,250,10.685194
36949951897,260,10.685152
53729382851,264,10.685133
78127942859,268,10.685118
94217672981,270,10.685082
17481633073,252,10.685021
94238396719,270,10.684990
94240133773,270,10.684981
94242412543,270,10.684972
64816654849,266,10.684950
44585918063,262,10.684857
53764100917,264,10.684854
94277718517,270,10.684813
25434149267,256,10.684760
9977139349,246,10.684707
53787887801,264,10.684663
78215097209,268,10.684643
94333230007,270,10.684565
53808276943,264,10.684499
44625833783,262,10.684467
53820590251,264,10.684400
8279698943,244,10.684381
64902941839,266,10.684380
53824964077,264,10.684364
44637619781,262,10.684352
37017673207,260,10.684348
94384632809,270,10.684334
53829282193,264,10.684330
64921582333,266,10.684256
94409199499,270,10.684224
53850506777,264,10.684159
78305061467,268,10.684154
94425445313,270,10.684151
37040684701,260,10.684075
78340072409,268,10.683963
78342100019,268,10.683952
53878723627,264,10.683933
94477102939,270,10.683920
30730324591,258,10.683887
53888042011,264,10.683858
30737050361,258,10.683789
37065171877,260,10.683785
64999661329,266,10.683740
9998185199,246,10.683728
78395334449,268,10.683662
78405601121,268,10.683607
78408049079,268,10.683594
6878061961,242,10.683571
94562348533,270,10.683538
94574973611,270,10.683482
3923559709,236,10.683439
30762424241,258,10.683425
14548877897,250,10.683405
65052120079,266,10.683394
94594826107,270,10.683393
53946418607,264,10.683390
94605972803,270,10.683344
94619292613,270,10.683284
17549192779,252,10.683274
30775494419,258,10.683237
65076856177,266,10.683230
94634709641,270,10.683215
94653626423,270,10.683131
94667844181,270,10.683067
53987788187,264,10.683059
53989826477,264,10.683043
78515278217,268,10.683012
53995930607,264,10.682994
37132681429,260,10.682986
3257084777,234,10.682932
54010390877,264,10.682878
94711285969,270,10.682874
94721347129,270,10.682829
30804513307,258,10.682819
94736471321,270,10.682761
94737187123,270,10.682757
30810792059,258,10.682730
54033108667,264,10.682696
94757891507,270,10.682666
78588531299,268,10.682614
10022486857,246,10.682602
94779132881,270,10.682570
54058703323,264,10.682491
30831417899,258,10.682433
94811059807,270,10.682428
25568017253,256,10.682420
54072109907,264,10.682384
94851243853,270,10.682249
54092884147,264,10.682218
5720328109,240,10.682196
37204866421,260,10.682135
54103447253,264,10.682134
54105002297,264,10.682121
21216762811,254,10.682117
54111423151,264,10.682070
5723424173,240,10.681938
78717693599,268,10.681915
65292839299,266,10.681809
30876397429,258,10.681788
1061636593,222,10.681767
65299224079,266,10.681767
65317194199,266,10.681649
30888076909,258,10.681622
94993558109,270,10.681616
95000283899,270,10.681585
37254478117,260,10.681549
37267330501,260,10.681398
78826320821,268,10.681328
37274171149,260,10.681317
78849968489,268,10.681200
30919098709,258,10.681178
95098070369,270,10.681151
95104450901,270,10.681123
95105716411,270,10.681117
65412884167,266,10.681022
78890334569,268,10.680983
95136392501,270,10.680981
54249594797,264,10.680967
95159674277,270,10.680878
37312490977,260,10.680866
78912296657,268,10.680864
95189034767,270,10.680747
30951592471,258,10.680714
95204657567,270,10.680677
78953073167,268,10.680644
95215228613,270,10.680631
54293027827,264,10.680622
45027907913,262,10.680560
4761103037,238,10.680430
17660393501,252,10.680414
65523952723,266,10.680294
37361959777,260,10.680285
30983076101,258,10.680264
21305770153,254,10.680237
95314976839,270,10.680188
79042447481,268,10.680162
95321113033,270,10.680161
95330967581,270,10.680118
25701366209,256,10.680101
45085834823,262,10.680000
54376451683,264,10.679958
95372324183,270,10.679935
54382786357,264,10.679908
37395900799,260,10.679887
95388276047,270,10.679864
31011166481,258,10.679863
21326675737,254,10.679796
65605220917,266,10.679763
31020629119,258,10.679729
54411717817,264,10.679679
54411727241,264,10.679678
95437915907,270,10.679644
95443681717,270,10.679619
95456462513,270,10.679562
95460466471,270,10.679544
45140796863,262,10.679470
95483734579,270,10.679441
65655092917,266,10.679437
54449008687,264,10.679382
31047639851,258,10.679343
45156127451,262,10.679322
54461573447,264,10.679283
95523779303,270,10.679264
37450041961,260,10.679253
21359079103,254,10.679115
54482805341,264,10.679114
95569170391,270,10.679064
17714902753,252,10.679020
25764162689,256,10.679014
54502248301,264,10.678960
25767821477,256,10.678951
95605858349,270,10.678902
54523914587,264,10.678788
45212219183,262,10.678782
17726061593,252,10.678735
54530935031,264,10.678733
95655629431,270,10.678681
95660088383,270,10.678661
37501833913,260,10.678646
45226774193,262,10.678642
65778097309,266,10.678634
31097510329,258,10.678634
95673137597,270,10.678604
6952278433,242,10.678512
37518804907,260,10.678448
79364535191,268,10.678432
54569430961,264,10.678429
95731792747,270,10.678346
95752245913,270,10.678255
95759772331,270,10.678222
54633433873,264,10.677922
65889405553,266,10.677909
45307975061,262,10.677861
95852364233,270,10.677814
31163199967,258,10.677701
25843778669,256,10.677640
95893032259,270,10.677634
95893254157,270,10.677633
31169072971,258,10.677618
54676131871,264,10.677585
79533202739,268,10.677529
65953464439,266,10.677493
79567052711,268,10.677348
95960595277,270,10.677338
95961025763,270,10.677336
54715346713,264,10.677275
96012372073,270,10.677110
66012966013,266,10.677106
37634691799,260,10.677095
96032754079,270,10.677020
12234735157,248,10.676979
888588209,220,10.676946
66037795267,266,10.676945
96058236899,270,10.676908
54768762437,264,10.676853
96103102597,270,10.676711
54791452517,264,10.676675
45433369211,262,10.676659
79721639861,268,10.676522
96151632757,270,10.676497
66107923363,266,10.676491
1293822781,224,10.676394
1293875767,224,10.676373
96191813189,270,10.676321
10159198993,246,10.676321
37709350489,260,10.676227
66156497137,266,10.676176
96259446991,270,10.676024
10166826809,246,10.675973
54886450837,264,10.675927
96284069797,270,10.675917
3304475843,234,10.675892
96318090689,270,10.675767
45528428189,262,10.675750
79894998947,268,10.675598
21527480911,254,10.675590
79900683701,268,10.675569
54932144647,264,10.675568
79906913111,268,10.675535
96383345033,270,10.675482
31323356809,258,10.675437
54948827387,264,10.675436
5802322891,240,10.675433
96398895937,270,10.675413
96406598347,270,10.675380
3307994167,234,10.675373
21537952003,254,10.675372
4811884001,238,10.675348
54969915827,264,10.675271
37793084221,260,10.675254
45586343219,262,10.675197
37799481289,260,10.675180
66322722439,266,10.675100
54993457817,264,10.675086
7003100851,242,10.675080
66329611069,266,10.675056
66331949797,266,10.675041
80004586451,268,10.675015
96495063953,270,10.674993
21558381067,254,10.674947
8449985993,244,10.674866
55023408031,264,10.674850
80047488497,268,10.674788
96554772191,270,10.674731
55043727601,264,10.674691
26016008873,256,10.674683
96574346959,270,10.674646
96577544033,270,10.674632
55062250883,264,10.674546
45655607849,262,10.674536
55066136161,264,10.674516
96626335123,270,10.674418
12303499051,248,10.674403
55082896927,264,10.674384
96637183481,270,10.674372
96639318761,270,10.674362
350029699,210,10.674242
96667650241,270,10.674238
80151939851,268,10.674233
5817187501,240,10.674218
96679416161,270,10.674187
14847074969,250,10.674150
96691485521,270,10.674134
26048137433,256,10.674133
31421084831,258,10.674061
80190511397,268,10.674028
55143109487,264,10.673913
45724688879,262,10.673879
96754267213,270,10.673861
55151377213,264,10.673848
37916720953,260,10.673822
45734209799,262,10.673788
96790785811,270,10.673701
45750192569,262,10.673636
66557694349,266,10.673586
17931452381,252,10.673524
21633724183,254,10.673382
96870205463,270,10.673355
96875484751,270,10.673332
96883350503,270,10.673298
96889462309,270,10.673271
37967694169,260,10.673234
96914438941,270,10.673162
80359459361,268,10.673134
66628446883,266,10.673130
80361156779,268,10.673125
96927708211,270,10.673105
96929988097,270,10.673095
96939409601,270,10.673054
55259514803,264,10.673003
17952821011,252,10.672985
4010274613,236,10.672877
21661347541,254,10.672810
55290035137,264,10.672765
97016660971,270,10.672718
10239359113,246,10.672681
17965363279,252,10.672669
97035026651,270,10.672638
97037421769,270,10.672627
10240749707,246,10.672618
55315492147,264,10.672566
10241927407,246,10.672565
55335405287,264,10.672411
97100451373,270,10.672354
45886031351,262,10.672347
97107509221,270,10.672323
55353564653,264,10.672269
31550195687,258,10.672250
97132846351,270,10.672213
97147082699,270,10.672151
55375740083,264,10.672096
97166754859,270,10.672066
55384495613,264,10.672029
55390225081,264,10.671984
97195487003,270,10.671941
97200418331,270,10.671920
26178239513,256,10.671916
80605885907,268,10.671833
66847591903,266,10.671724
55428866147,264,10.671683
55432056373,264,10.671658
55438458433,264,10.671608
80659753241,268,10.671549
80669809637,268,10.671495
55460088161,264,10.671440
10267083187,246,10.671429
21729591133,254,10.671399
66910484539,266,10.671322
38134913917,260,10.671309
31617996719,258,10.671303
26215357937,256,10.671286
80716043861,268,10.671252
18022518289,252,10.671234
66937273219,266,10.671150
97379258839,270,10.671144
38158297123,260,10.671041
31639531817,258,10.671002
18033188969,252,10.670967
21750560977,254,10.670966
97423281497,270,10.670954
97424689553,270,10.670947
66980012479,266,10.670877
55546003307,264,10.670773
97465416569,270,10.670772
80825872937,268,10.670674
55564607941,264,10.670628
97503056251,270,10.670609
80856906917,268,10.670511
97551570383,270,10.670399
46099630001,262,10.670328
97576371121,270,10.670292
97577435237,270,10.670287
67073531683,266,10.670280
97579243807,270,10.670279
38228637169,260,10.670234
31698676301,258,10.670177
4864192691,238,10.670174
97625989271,270,10.670077
67116853759,266,10.670004
18071796469,252,10.670000
31718853301,258,10.669897
2299806559,230,10.669838
18080589463,252,10.669781
97700770691,270,10.669754
38283003463,260,10.669612
31741062257,258,10.669588
38285695471,260,10.669581
38289164827,260,10.669541
38292243643,260,10.669506
3348176383,234,10.669497
97775326463,270,10.669433
55719968741,264,10.669424
7088333761,242,10.669387
97786337827,270,10.669385
55726409551,264,10.669374
97794737473,270,10.669349
81094186967,268,10.669267
46218714161,262,10.669208
10316803117,246,10.669192
67246404787,266,10.669178
353347619,210,10.669126
1088119559,222,10.669119
67255727659,266,10.669119
46229026463,262,10.669110
97853652539,270,10.669095
55762782323,264,10.669092
3351338723,234,10.669037
5881977109,240,10.668962
5882413723,240,10.668927
46248563003,262,10.668927
81175522607,268,10.668841
4044286849,236,10.668802
26363304029,256,10.668783
67308515737,266,10.668783
55808525537,264,10.668739
97949225789,270,10.668683
46275796949,262,10.668672
10328995267,246,10.668646
67335111799,266,10.668614
97971290693,270,10.668589
81224766971,268,10.668583
38382170803,260,10.668479
38383271749,260,10.668467
15034004537,250,10.668450
81252738377,268,10.668437
18135143791,252,10.668420
31825451519,258,10.668417
98016731567,270,10.668393
81261662831,268,10.668390
26388925613,256,10.668351
98038075673,270,10.668302
98081080001,270,10.668117
98088349193,270,10.668085
67419785509,266,10.668077
98095222613,270,10.668056
10343130019,246,10.668014
98117704673,270,10.667959
38428558081,260,10.667951
31859432441,258,10.667946
31865420519,258,10.667863
98149204481,270,10.667824
98159846773,270,10.667778
67469631217,266,10.667760
98191710889,270,10.667642
31882203817,258,10.667631
21913177807,254,10.667628
15063563231,250,10.667557
55962198781,264,10.667554
31892121221,258,10.667494
18175157179,252,10.667424
7118865421,242,10.667365
46415305403,262,10.667364
46415247653,262,10.667364
81479654987,268,10.667253
31909549339,258,10.667253
81485067647,268,10.667225
98294435753,270,10.667200
81507996371,268,10.667106
56040215657,264,10.666953
5907189131,240,10.666934
3365923357,234,10.666925
38520841141,260,10.666901
98382486053,270,10.666823
67620697519,266,10.666803
98396147281,270,10.666764
56068487987,264,10.666736
46482942683,262,10.666731
98406045193,270,10.666722
98411106709,270,10.666700
38543001457,260,10.666649
31956243169,258,10.666608
18209532001,252,10.666572
5911717313,240,10.666571
98449971427,270,10.666534
5912486597,240,10.666509
81635978789,268,10.666439
98472472183,270,10.666438
26505161693,256,10.666398
26507927813,256,10.666351
18222398749,252,10.666252
56139048961,264,10.666194
98555899307,270,10.666081
81713731097,268,10.666035
12532271179,248,10.665945
98591687339,270,10.665928
98598355901,270,10.665899
10390695493,246,10.665892
81742571747,268,10.665885
56192381603,264,10.665785
81764956127,268,10.665769
46592385509,262,10.665710
56208297853,264,10.665663
67801568827,266,10.665661
81790200299,268,10.665638
98664114383,270,10.665619
81794221151,268,10.665617
67832944897,266,10.665463
81848377979,268,10.665337
98742180539,270,10.665285
10406096059,246,10.665207
98771626231,270,10.665160
18266753261,252,10.665155
81887382659,268,10.665134
81899408387,268,10.665071
81903677897,268,10.665050
26591808599,256,10.664948
98835440933,270,10.664887
32082016649,258,10.664876
56314788407,264,10.664847
32085896719,258,10.664823
22054983091,254,10.664739
67955968699,266,10.664688
98891526301,270,10.664649
67980203407,266,10.664536
67987907263,266,10.664488
98950793441,270,10.664396
38746550287,260,10.664345
82043457689,268,10.664326
22076781913,254,10.664296
82080636887,268,10.664134
68048483053,266,10.664106
38768794759,260,10.664094
56426437967,264,10.663994
56427562901,264,10.663985
99048501953,270,10.663980
56431406467,264,10.663956
32154066017,258,10.663887
99075868387,270,10.663864
99084991463,270,10.663826
99094899661,270,10.663783
99097163909,270,10.663774
99107478989,270,10.663730
68116817077,266,10.663677
99131509151,270,10.663628
56480774491,264,10.663579
32176759567,258,10.663576
46822320581,262,10.663573
38819822527,260,10.663518
99161002247,270,10.663503
32188748411,258,10.663412
56503040813,264,10.663409
32190348037,258,10.663390
18340608259,252,10.663334
99207465073,270,10.663305
99263128681,270,10.663069
18351601943,252,10.663064
26707151483,256,10.663025
82296767837,268,10.663018
99280181867,270,10.662997
15215935727,250,10.662977
82313871317,268,10.662930
68238041173,266,10.662917
56568347851,264,10.662911
99303885539,270,10.662896
99308180093,270,10.662878
99331588333,270,10.662779
68263620553,266,10.662757
56595237847,264,10.662707
56597706857,264,10.662688
68278426093,266,10.662664
82368775877,268,10.662647
82382362217,268,10.662577
22162777717,254,10.662556
18375596779,252,10.662475
56628316873,264,10.662456
4944765209,238,10.662320
38932587907,260,10.662250
38936189077,260,10.662210
99470195977,270,10.662191
99476876413,270,10.662164
32284434491,258,10.662104
26763143933,256,10.662095
15246106079,250,10.662077
99498073613,270,10.662074
32287896049,258,10.662057
99502063951,270,10.662057
15247767641,250,10.662027
99520068889,270,10.661981
99524186401,270,10.661963
18397140649,252,10.661945
18397981673,252,10.661925
32300569451,258,10.661883
7202548303,242,10.661873
82521333977,268,10.661861
32303286149,258,10.661846
82539754139,268,10.661767
99577859179,270,10.661736
68436299653,266,10.661677
82563989687,268,10.661643
56737236331,264,10.661628
15261539453,250,10.661616
99612461051,270,10.661590
56743100707,264,10.661584
15262974359,250,10.661573
56746365077,264,10.661559
82591832027,268,10.661500
47046531659,262,10.661500
47050286291,262,10.661466
39011011759,260,10.661370
56772300187,264,10.661362
32339026261,258,10.661360
18427717753,252,10.661197
99721908547,270,10.661128
82665134219,268,10.661123
8702723033,244,10.661119
68531998399,266,10.661080
4958047439,238,10.661039
4110161353,236,10.661016
32366691481,258,10.660983
82697260769,268,10.660958
82705906841,268,10.660914
22244454103,254,10.660910
99784912613,270,10.660862
3408282373,234,10.660848
32377656307,258,10.660833
32380844939,258,10.660790
68581781467,266,10.660770
32387253341,258,10.660703
12676867447,248,10.660686
82751048447,268,10.660683
39075194797,260,10.660651
99839863243,270,10.660630
99862195793,270,10.660536
22265686537,254,10.660483
22267177717,254,10.660453
32410263607,258,10.660390
82826477387,268,10.660296
39114559153,260,10.660212
99944214407,270,10.660191
12692115301,248,10.660134
47203353929,262,10.660056
99976503131,270,10.660054
56953178267,264,10.659993
18477556589,252,10.659979
99995100661,270,10.659976
18482907061,252,10.659848
56982776953,264,10.659769
5998086959,240,10.659699
32465133451,258,10.659645
68769538267,266,10.659602
82971193091,268,10.659556
39177020059,260,10.659513
18503664581,252,10.659342
18504469069,252,10.659322
47299683071,262,10.659172
68839813213,266,10.659166
26943257837,256,10.659117
68858210887,266,10.659052
47322511811,262,10.658963
83124922877,268,10.658772
32539105699,258,10.658643
26976052637,256,10.658577
26978539457,256,10.658536
57150771647,264,10.658503
68946923197,266,10.658502
83212370441,268,10.658326
39287411431,260,10.658284
47398276643,262,10.658270
15374530877,250,10.658264
10564565189,246,10.658222
8758457087,244,10.658147
83276971391,268,10.657997
39322628701,260,10.657893
47452117943,262,10.657777
12757831759,248,10.657768
69068891953,266,10.657747
22404510097,254,10.657702
57259374493,264,10.657685
32618282579,258,10.657573
57274782911,264,10.657570
12763407589,248,10.657569
8769887471,244,10.657539
47479663541,262,10.657526
27045691427,256,10.657434
47495377571,262,10.657382
4996532111,238,10.657348
27057751547,256,10.657235
634278149,216,10.657195
69167426467,266,10.657139
57336121397,264,10.657109
27066034997,256,10.657100
57339602557,264,10.657083
83458166471,268,10.657076
27074927309,256,10.656954
39407373823,260,10.656953
10596036079,246,10.656849
69224013559,266,10.656789
39426271561,260,10.656743
18615773563,252,10.656619
57409726747,264,10.656557
57417807497,264,10.656497
18623717383,252,10.656426
27110770199,256,10.656367
69300199387,266,10.656320
39465740053,260,10.656306
57443920487,264,10.656301
32723840531,258,10.656151
83653606457,268,10.656085
6044692393,240,10.656036
22491361171,254,10.655972
18642602929,252,10.655970
15452704079,250,10.655960
83678420057,268,10.655959
8799932123,244,10.655948
39500454109,260,10.655922
4154234857,236,10.655881
47661656639,262,10.655868
7295762581,242,10.655836
32747686319,258,10.655830
22499858923,254,10.655804
32752229987,258,10.655768
18654683413,252,10.655678
47683140443,262,10.655672
69433996309,266,10.655497
69434455039,266,10.655494
32774362807,258,10.655472
57565010227,264,10.655396
57584542091,264,10.655250
83819130701,268,10.655247
18673467011,252,10.655225
83831070581,268,10.655187
32800764851,258,10.655117
57612078421,264,10.655044
6057834511,240,10.655008
22539936703,254,10.655008
22540240693,254,10.655003
69525718387,266,10.654933
83887731311,268,10.654901
2860435829,232,10.654792
57648590891,264,10.654772
69563626417,266,10.654700
39615904813,260,10.654648
57669785027,264,10.654613
57672404071,264,10.654593
57710776327,264,10.654307
57711711917,264,10.654301
57723309547,264,10.654215
22583383183,254,10.654148
84062445041,268,10.654019
69676023409,266,10.654012
84079131497,268,10.653935
57761334641,264,10.653932
84081009179,268,10.653926
84090155819,268,10.653880
22598995597,254,10.653839
39690142627,260,10.653831
6073334957,240,10.653800
39693193957,260,10.653796
39699388489,260,10.653728
27273779363,256,10.653708
32909863639,258,10.653656
47912139269,262,10.653596
10671297187,246,10.653583
84153821021,268,10.653560
438759619,212,10.653555
69778224487,266,10.653386
32936518997,258,10.653300
47945243921,262,10.653297
39744196699,260,10.653236
39748082779,260,10.653193
47959158833,262,10.653172
32951142641,258,10.653105
57874807307,264,10.653088
22637313487,254,10.653082
69836986633,266,10.653027
48004522043,262,10.652761
57921787163,264,10.652739
22669595197,254,10.652446
69954067297,266,10.652312
48054900143,262,10.652308
84407384657,268,10.652286
33012590537,258,10.652286
2383462141,230,10.652183
22684330873,254,10.652155
33022580861,258,10.652152
33024348079,258,10.652129
8872681343,244,10.652118
22690711933,254,10.652029
33042346697,258,10.651889
18814503523,252,10.651835
6099621923,240,10.651757
70052327893,266,10.651713
84530216261,268,10.651670
58069662671,264,10.651643
33066201431,258,10.651571
33069454477,258,10.651528
70087470799,266,10.651500
84593483441,268,10.651353
84603214907,268,10.651304
39923512333,260,10.651272
84625275257,268,10.651194
48186177131,262,10.651126
12950811421,248,10.650897
2389820239,230,10.650868
39963039979,260,10.650840
84705497477,268,10.650793
70219360363,266,10.650698
70239047839,266,10.650578
15637893707,250,10.650552
58226316427,264,10.650485
84799319771,268,10.650324
84807276629,268,10.650285
58253884153,264,10.650282
12971305981,248,10.650173
58285739507,264,10.650047
70329185833,266,10.650031
58289997011,264,10.650016
33185911439,258,10.649982
33186160691,258,10.649980
84901705901,268,10.649814
22805001481,254,10.649785
40060996069,260,10.649772
84917958401,268,10.649733
48342116891,262,10.649727
27524847869,256,10.649647
58350824573,264,10.649568
58357826881,264,10.649516
58359667391,264,10.649503
70419111649,266,10.649487
33227875699,258,10.649427
58385153927,264,10.649315
15681019931,250,10.649302
40109053639,260,10.649249
58394524957,264,10.649246
70472092459,266,10.649166
70481269687,266,10.649110
58416278251,264,10.649086
70489959877,266,10.649057
70500067333,266,10.648996
70501990063,266,10.648985
40134697717,260,10.648970
85072933391,268,10.648961
18940810279,252,10.648824
27586409429,256,10.648658
70576884883,266,10.648532
118953689,198,10.648458
58505854907,264,10.648428
70594266199,266,10.648427
70598887519,266,10.648399
40188243709,260,10.648389
27603367097,256,10.648385
58522392391,264,10.648306
10794538087,246,10.648288
58524911587,264,10.648288
33318557539,258,10.648230
8948180327,244,10.648179
58541745917,264,10.648164
70650487447,266,10.648088
18971913391,252,10.648086
15723864173,250,10.648065
85260844367,268,10.648027
58565718611,264,10.647988
15732184271,250,10.647824
85307102669,268,10.647798
58608770893,264,10.647673
70724789503,266,10.647640
40257448717,260,10.647638
58621284121,264,10.647581
48603115523,262,10.647397
33385154191,258,10.647352
70806741283,266,10.647146
70813094707,266,10.647108
48638083229,262,10.647086
19016500661,252,10.647030
15760593809,250,10.647006
70830338707,266,10.647004
58708766381,264,10.646941
85484083787,268,10.646921
85492716107,268,10.646878
2409271477,230,10.646872
48677161919,262,10.646738
58745510783,264,10.646672
48705805559,262,10.646483
19041028373,252,10.646450
19047187199,252,10.646304
6172497041,240,10.646146
40403257327,260,10.646062
27748970243,256,10.646055
6173786371,240,10.646048
48760342223,262,10.646000
13090487299,248,10.645992
40417249417,260,10.645911
19067270681,252,10.645830
3516171007,234,10.645733
19074123713,252,10.645669
40440161101,260,10.645664
48804571661,262,10.645607
85759527731,268,10.645560
8999339501,244,10.645531
58906915367,264,10.645494
48826384751,262,10.645414
85796147531,268,10.645380
71114764333,266,10.645297
3519464353,234,10.645279
10869137729,246,10.645114
27810017759,256,10.645082
19102097741,252,10.645010
85909882349,268,10.644820
59000847817,264,10.644811
27832979189,256,10.644717
85931208347,268,10.644715
59031140303,264,10.644590
3524969827,234,10.644523
59044472623,264,10.644493
3525273361,234,10.644481
85991748527,268,10.644418
33610472177,258,10.644397
48954496583,262,10.644280
15860222423,250,10.644150
48972938303,262,10.644118
59096218007,264,10.644117
27872521739,256,10.644089
40587237931,260,10.644082
23100016747,254,10.644049
10896004619,246,10.643977
33644172971,258,10.643957
86090997017,268,10.643929
71351458957,266,10.643882
71352523987,266,10.643875
19152665159,252,10.643821
40638656533,260,10.643530
71423251969,266,10.643453
27913195859,256,10.643444
15889142639,250,10.643324
59205859751,264,10.643322
15889843517,250,10.643304
2928554501,232,10.643289
59219351647,264,10.643224
3534790733,234,10.643175
4265649607,236,10.643163
59232685483,264,10.643127
71484853213,266,10.643085
33712633897,258,10.643064
2428554013,230,10.642944
86296962329,268,10.642920
3536807437,234,10.642900
33726334489,258,10.642886
33732017119,258,10.642812
4269096367,236,10.642775
40711791151,260,10.642747
40716865171,260,10.642693
19206270943,252,10.642565
27969402077,256,10.642553
40738970803,260,10.642456
71591116453,266,10.642453
59329256603,264,10.642428
49170593891,262,10.642377
71607856933,266,10.642354
59362671871,264,10.642187
2935182959,232,10.642184
10939487149,246,10.642143
33786144401,258,10.642108
71652846163,266,10.642086
71659293187,266,10.642048
59384903741,264,10.642026
33792893339,258,10.642020
33797766791,258,10.641957
28011762707,256,10.641884
40798305631,260,10.641822
86522661917,268,10.641816
49234361903,262,10.641816
86526167939,268,10.641799
10948546787,246,10.641762
59423167121,264,10.641750
19242827173,252,10.641710
40818351349,260,10.641608
28031590109,256,10.641571
19249529833,252,10.641554
9077033921,244,10.641540
19260704069,252,10.641293
59495673227,264,10.641227
40866562669,260,10.641094
40878320863,260,10.640968
13236312541,248,10.640932
33883230389,258,10.640849
40891254427,260,10.640831
49348101941,262,10.640819
86734774859,268,10.640781
28081728809,256,10.640780
33904597079,258,10.640573
40915702027,260,10.640571
59595553067,264,10.640508
49385716001,262,10.640490
59613408653,264,10.640379
19303302841,252,10.640301
86841555797,268,10.640262
13256178301,248,10.640247
7543674109,242,10.640181
33937432279,258,10.640147
40958818933,260,10.640112
59652506867,264,10.640098
86885281349,268,10.640049
86896379567,268,10.639995
19326707293,252,10.639756
28147733489,256,10.639743
72052739149,266,10.639717
59710500397,264,10.639681
41004949627,260,10.639622
59721801071,264,10.639600
72083387137,266,10.639536
59750522057,264,10.639394
59755218763,264,10.639360
49515617381,262,10.639355
59764414901,264,10.639294
28178459423,256,10.639260
49532931233,262,10.639203
49536193979,262,10.639175
9123996677,244,10.639145
87089764571,268,10.639056
59854251911,264,10.638650
59867865977,264,10.638553
59876648701,264,10.638490
59876800531,264,10.638489
72290115049,266,10.638318
5200465349,238,10.638291
41139962257,260,10.638191
34096188127,258,10.638100
28254579473,256,10.638067
41154817903,260,10.638034
59943272491,264,10.638013
87382602149,268,10.637638
16089888917,250,10.637638
49715922383,262,10.637610
41196735949,260,10.637590
11049260129,246,10.637548
16094382371,250,10.637512
60041886913,264,10.637308
34160526089,258,10.637273
19434011923,252,10.637269
34163365867,258,10.637237
49771890503,262,10.637125
49774656761,262,10.637101
41243371651,260,10.637098
60079999163,264,10.637036
60093456653,264,10.636941
60093541913,264,10.636940
19450576043,252,10.636887
2967336431,232,10.636868
72543634939,266,10.636828
60116558393,264,10.636776
87571249247,268,10.636727
34213515169,258,10.636593
13363334587,248,10.636573
87609831509,268,10.636541
49844842961,262,10.636492
28358316197,256,10.636448
72608846929,266,10.636446
72609628603,266,10.636442
49852759013,262,10.636424
16133938181,250,10.636401
961268921,220,10.636362
19475680681,252,10.636308
87664162319,268,10.636280
60186333791,264,10.636279
72655189573,266,10.636175
6304725101,240,10.636146
60210358177,264,10.636107
19484646749,252,10.636101
19485482273,252,10.636082
9184659191,244,10.636072
87713034767,268,10.636045
87725709629,268,10.635983
9187440461,244,10.635931
49909988399,262,10.635928
16154851241,250,10.635815
23530739263,254,10.635815
60254738501,264,10.635792
49927997351,262,10.635773
72731658619,266,10.635728
60287807953,264,10.635557
72762352843,266,10.635549
60299680487,264,10.635472
9197255183,244,10.635436
19514035459,252,10.635425
72784006543,266,10.635422
72785479147,266,10.635413
87879451481,268,10.635244
34319597327,258,10.635236
5234927237,238,10.635152
60350015771,264,10.635115
41435338201,260,10.635077
87923734181,268,10.635033
4338904369,236,10.634996
87941703599,268,10.634946
34342379341,258,10.634945
72873477967,266,10.634899
23581197001,254,10.634861
11117691869,246,10.634709
50053535891,262,10.634688
88010182301,268,10.634618
60421841483,264,10.634605
88013865287,268,10.634600
6326370299,240,10.634530
11122278953,246,10.634520
28484092037,256,10.634492
41492622637,260,10.634477
72961656259,266,10.634385
19561405261,252,10.634336
60461690167,264,10.634323
28502336033,256,10.634210
41524041241,260,10.634148
88120075349,268,10.634091
88122639767,268,10.634079
34412297077,258,10.634053
23624073637,254,10.634052
88139176031,268,10.634000
28516214219,256,10.633994
19584413143,252,10.633809
11140217447,246,10.633779
73066187983,266,10.633777
88189121627,268,10.633760
50162305463,262,10.633752
60545951201,264,10.633726
34439889851,258,10.633702
73080898249,266,10.633691
60552249647,264,10.633682
41573145961,260,10.633634
13449804727,248,10.633632
41578455601,260,10.633578
19596421969,252,10.633533
2987819519,232,10.633514
88254724211,268,10.633447
88260580679,268,10.633419
50212736333,262,10.633318
122175257,198,10.633176
50230769273,262,10.633162
88332869831,268,10.633073
88343481959,268,10.633022
88388427251,268,10.632808
11164235833,246,10.632789
11164238263,246,10.632789
88402233497,268,10.632742
60691356433,264,10.632699
41664838021,260,10.632675
34520783959,258,10.632674
88425562217,268,10.632631
6352562663,240,10.632584
41679423937,260,10.632524
60735807943,264,10.632385
23715588433,254,10.632331
60756065371,264,10.632243
7673409829,242,10.632209
19654989553,252,10.632195
73358659447,266,10.632078
28644688403,256,10.632010
34576297289,258,10.631970
88565963807,268,10.631962
88607687057,268,10.631763
19674501793,252,10.631750
16300872191,250,10.631745
88630894397,268,10.631653
28672024547,256,10.631588
11194655027,246,10.631538
16309822637,250,10.631496
16311288779,250,10.631456
34617623531,258,10.631447
19690398583,252,10.631388
60879347167,264,10.631375
60881791457,264,10.631358
28688588363,256,10.631333
73494133123,266,10.631294
50463492851,262,10.631168
379073923,210,10.631166
60914001721,264,10.631131
60914991647,264,10.631124
11205102719,246,10.631110
9284121947,244,10.631081
34649407207,258,10.631044
41822284213,260,10.631036
60930266681,264,10.631017
60947179577,264,10.630898
88793494331,268,10.630879
60956578273,264,10.630832
19719761309,252,10.630719
60987369881,264,10.630616
28738483427,256,10.630566
19729312061,252,10.630502
88900772087,268,10.630370
61033103953,264,10.630295
3630497051,234,10.630259
73709456209,266,10.630052
28777332173,256,10.629970
88997355047,268,10.629912
50614143473,262,10.629883
34748629109,258,10.629792
50644530929,262,10.629623
73798965937,266,10.629536
23865577933,254,10.629526
89082315911,268,10.629510
89083122941,268,10.629506
28810690889,256,10.629458
89096152757,268,10.629445
61177345277,264,10.629285
89144191727,268,10.629217
16393165007,250,10.629192
73863587779,266,10.629165
42008427913,260,10.629106
34804938659,258,10.629083
9327048893,244,10.628944
73902275659,266,10.628942
73902766297,266,10.628939
2498810617,230,10.628918
42029195029,260,10.628891
34823388107,258,10.628851
61244297171,264,10.628817
89237393549,268,10.628778
89239926917,268,10.628765
3642039721,234,10.628726
2071097929,228,10.628704
669763333,216,10.628648
42060137473,260,10.628572
89281415591,268,10.628570
89305575701,268,10.628455
61296291167,264,10.628453
2072266871,228,10.628425
42080346067,260,10.628363
9339027251,244,10.628350
42096449089,260,10.628196
28893244043,256,10.628196
42118970767,260,10.627964
89410929929,268,10.627958
28910461163,256,10.627933
50846354621,262,10.627909
61381361761,264,10.627860
61395529211,264,10.627762
89460564581,268,10.627725
34918077017,258,10.627662
34923382139,258,10.627596
34926445579,258,10.627557
50889359813,262,10.627544
16453560707,250,10.627531
74182133479,266,10.627337
28950868049,256,10.627316
89559163361,268,10.627260
89560308389,268,10.627254
50925639071,262,10.627237
6425539271,240,10.627206
61477808311,264,10.627189
89575381811,268,10.627184
74211193873,266,10.627171
42196687537,260,10.627163
9363584381,244,10.627134
50944362701,262,10.627079
19882462729,252,10.627036
50956511519,262,10.626976
19886273129,252,10.626949
24005146141,254,10.626933
11308769489,246,10.626881
50971193489,262,10.626852
50976374429,262,10.626808
61543884671,264,10.626729
24017670823,254,10.626701
35007403957,258,10.626544
89718925139,268,10.626509
74332951993,266,10.626474
89745990491,268,10.626382
74370961507,266,10.626258
61618370557,264,10.626211
16502917463,250,10.626178
2513161801,230,10.626105
24054139633,254,10.626026
61648530617,264,10.626002
24056817217,254,10.625978
19929616999,252,10.625974
61655631071,264,10.625953
24060617437,254,10.625907
61683002383,264,10.625763
89891463107,268,10.625700
35079083329,258,10.625648
51129105383,262,10.625519
35090193337,258,10.625510
51130911011,262,10.625504
89942572721,268,10.625460
981977351,220,10.625413
74519406277,266,10.625411
61740956341,264,10.625361
42373912837,260,10.625342
35108184107,258,10.625286
19968783959,252,10.625094
7791507253,242,10.625079
42402954703,260,10.625046
11354573953,246,10.625025
29114071709,256,10.624837
29114564057,256,10.624829
74636105389,266,10.624747
61835258687,264,10.624709
74656195057,266,10.624633
61852390727,264,10.624591
4434317989,236,10.624581
35175724637,258,10.624445
19998754021,252,10.624423
984024029,220,10.624344
42477319663,260,10.624285
61900785907,264,10.624256
61903685791,264,10.624236
61908388417,264,10.624204
74733835279,266,10.624191
42487451821,260,10.624181
74736201283,266,10.624178
61918091243,264,10.624137
51294931601,262,10.624124
61923211871,264,10.624102
74756632903,266,10.624063
20015145341,252,10.624056
90246060869,268,10.624042
20015937251,252,10.624038
24165310903,254,10.623977
90268145441,268,10.623939
74780905867,266,10.623924
5360715947,238,10.623879
74814081613,266,10.623736
61986451547,264,10.623665
35243084567,258,10.623608
74842685809,266,10.623574
90370953671,268,10.623459
6477011447,240,10.623453
74867799949,266,10.623432
90380298389,268,10.623415
74875172167,266,10.623390
6480280687,240,10.623216
74916580003,266,10.623156
74922233137,266,10.623123
62068244311,264,10.623101
3684811631,234,10.623092
20062127951,252,10.623006
42605734363,260,10.622974
35295026021,258,10.622964
62103452963,264,10.622859
90522741587,268,10.622752
20074223111,252,10.622736
35331639817,258,10.622510
24246582307,254,10.622485
16638808913,250,10.622476
11418159007,246,10.622463
6490955747,240,10.622441
51497345243,262,10.622427
35345891101,258,10.622334
42681644977,260,10.622202
75089529199,266,10.622177
62211131971,264,10.622118
51537438353,262,10.622092
75127041949,266,10.621965
62238676117,264,10.621929
51557482103,262,10.621924
42712572577,260,10.621887
9470599337,244,10.621877
35384783669,258,10.621853
35385913757,258,10.621839
62254549813,264,10.621820
42720528421,260,10.621806
75161836999,266,10.621769
20118347591,252,10.621753
75175795759,266,10.621690
75176858479,266,10.621684
35405475817,258,10.621597
35409755879,258,10.621544
90784553537,268,10.621536
90817470047,268,10.621384
6506967403,240,10.621284
16685950847,250,10.621199
62354961593,264,10.621131
35447253857,258,10.621081
42794210377,260,10.621058
62367232027,264,10.621047
51685204631,262,10.620859
5395673831,238,10.620797
16705723547,250,10.620665
4470814237,236,10.620663
90977430101,268,10.620643
62431486123,264,10.620607
20170804831,252,10.620587
75383075233,266,10.620522
2541969559,230,10.620513
20175864119,252,10.620475
24356679163,254,10.620473
91014128657,268,10.620473
42874550449,260,10.620245
35518494019,258,10.620204
75452013289,266,10.620135
35525632067,258,10.620116
16728658853,250,10.620046
35532197527,258,10.620035
5404450559,238,10.620028
62530537681,264,10.619930
62536061503,264,10.619892
20202974801,252,10.619874
3709862603,234,10.619825
35552869549,258,10.619781
35560085527,258,10.619692
75536153083,266,10.619662
5408929277,238,10.619635
62621407577,264,10.619309
75602843119,266,10.619288
75638311699,266,10.619089
62657380337,264,10.619064
91324932269,268,10.619039
51912717959,262,10.618968
29504401163,256,10.618967
11508047389,246,10.618868
43012842877,260,10.618848
11509705969,246,10.618801
7898083411,242,10.618746
20258437679,252,10.618647
91412145941,268,10.618637
75720035737,266,10.618631
9538584983,244,10.618570
20263422853,252,10.618537
7901876449,242,10.618522
2114213869,228,10.618505
91453970129,268,10.618444
91453925657,268,10.618444
91468781447,268,10.618377
35667679897,258,10.618372
35669901011,258,10.618344
35677303187,258,10.618254
29555722523,256,10.618202
75803608843,266,10.618164
62791178407,264,10.618154
62791244473,264,10.618153
3084068111,232,10.618085
20285850829,252,10.618042
43094177593,260,10.618029
75832729309,266,10.618001
91578248837,268,10.617873
20297094011,252,10.617794
43129428367,260,10.617675
75905700667,266,10.617594
35738391097,258,10.617506
75929620957,266,10.617460
20312616811,252,10.617452
91670920361,268,10.617448
2558052031,230,10.617420
16827778067,250,10.617381
43162409467,260,10.617343
24535550023,254,10.617225
43175983729,260,10.617207
20325270731,252,10.617173
24540559441,254,10.617134
91742286227,268,10.617121
16841771099,250,10.617006
20336671609,252,10.616922
52165224539,262,10.616880
16847006879,250,10.616866
16848017561,250,10.616838
91812124697,268,10.616800
91812641819,268,10.616798
24559372297,254,10.616795
16855874687,250,10.616629
52196373809,262,10.616624
91851776189,268,10.616619
29664221177,256,10.616589
91861759217,268,10.616573
2123055521,228,10.616442
63060640663,264,10.616324
2564067343,230,10.616269
76150272049,266,10.616230
63079332917,264,10.616199
63079454843,264,10.616198
91950266327,268,10.616168
63089572541,264,10.616129
24597546901,254,10.616105
52267746701,262,10.616035
76186497859,266,10.616029
11581384447,246,10.615956
20380791913,252,10.615953
76212868399,266,10.615882
92035086497,268,10.615780
6584356573,240,10.615729
43332011449,260,10.615643
63176516971,264,10.615541
13997343247,248,10.615469
13997445751,248,10.615465
76290940807,266,10.615449
568951673,214,10.615445
92125021271,268,10.615370
29746659197,256,10.615367
92131191587,268,10.615341
9607649081,244,10.615237
16908148319,250,10.615232
63222265471,264,10.615232
29764178393,256,10.615108
63246745531,264,10.615067
76360281139,266,10.615064
5461406831,238,10.615062
52395673481,262,10.614985
35945439787,258,10.614983
63265726703,264,10.614939
35950228337,258,10.614924
24670924981,254,10.614783
6597897127,240,10.614764
11612195713,246,10.614739
35966450461,258,10.614728
63309070807,264,10.614647
43432999147,260,10.614635
92292630041,268,10.614605
52444213739,262,10.614586
20446356911,252,10.614517
24692360041,254,10.614398
63346404703,264,10.614395
16940523461,250,10.614370
29814326939,256,10.614367
11622182449,246,10.614346
63358200557,264,10.614315
52490671223,262,10.614205
63375606101,264,10.614199
36012072727,258,10.614174
63380163701,264,10.614167
76525647019,266,10.614147
11630201237,246,10.614030
29847763667,256,10.613873
63449068337,264,10.613704
63453510767,264,10.613674
1768761977,226,10.613544
9643271243,244,10.613529
92532047171,268,10.613517
52580984633,262,10.613466
36071947487,258,10.613448
92559192611,268,10.613393
43562919607,260,10.613340
63508216757,264,10.613306
76678724107,266,10.613301
36085180127,258,10.613289
20505445879,252,10.613227
11653887143,246,10.613098
43590342043,260,10.613068
43590810493,260,10.613063
63552357263,264,10.613009
92650659119,268,10.612978
43604650891,260,10.612926
29920219313,256,10.612806
43621189093,260,10.612761
36139469389,258,10.612632
36143493041,258,10.612583
36148593457,258,10.612522
63639432083,264,10.612426
76841545567,266,10.612403
36158779661,258,10.612399
76844176627,266,10.612389
92784981701,268,10.612370
20545163791,252,10.612362
36163185299,258,10.612346
8008370791,242,10.612288
20551206713,252,10.612230
20554698323,252,10.612155
43690207801,260,10.612076
76915485943,266,10.611996
63712693523,264,10.611935
63714278363,264,10.611924
76942588123,266,10.611847
43716064801,260,10.611820
92924044847,268,10.611740
63745931363,264,10.611712
9681698681,244,10.611693
76974434833,266,10.611671
63760372811,264,10.611616
76986415243,266,10.611606
52819254083,262,10.611523
43746561553,260,10.611518
63778445977,264,10.611495
63779430133,264,10.611488
20587067971,252,10.611452
92995417661,268,10.611417
43758991183,260,10.611395
93000769769,268,10.611393
77025299107,266,10.611392
77032155157,266,10.611354
77042921509,266,10.611295
43771873939,260,10.611267
5505453839,238,10.611259
20598784753,252,10.611197
1471994593,224,10.611143
52871946731,262,10.611094
77079845287,266,10.611093
43790744281,260,10.611080
20604197711,252,10.611080
36269810039,258,10.611061
63847214663,264,10.611035
63855324947,264,10.610981
77112602737,266,10.610912
20612495549,252,10.610900
52900836071,262,10.610860
4563801763,236,10.610832
14145396319,248,10.610690
77163548593,266,10.610633
63933074827,264,10.610462
17090404313,250,10.610402
20636554613,252,10.610379
43868552083,260,10.610312
52969112681,262,10.610305
43869996949,260,10.610297
93248768681,268,10.610274
63968958497,264,10.610223
93272901809,268,10.610166
17100039263,250,10.610148
63984529937,264,10.610119
52997953199,262,10.610071
77297360509,266,10.609900
43910911021,260,10.609894
93347387351,268,10.609830
64030499651,264,10.609813
43920880867,260,10.609796
64033483307,264,10.609793
93381634637,268,10.609676
36390451049,258,10.609612
30142112873,256,10.609557
43945823353,260,10.609550
64082777543,264,10.609465
11749866067,246,10.609344
6674788187,240,10.609327
93463001297,268,10.609310
30160716659,256,10.609285
9733227281,244,10.609244
43981933477,260,10.609195
9734964011,244,10.609161
36429880807,258,10.609139
43991826727,260,10.609097
53119597901,262,10.609086
14196505009,248,10.609053
44004109069,260,10.608976
93537981989,268,10.608974
93543163481,268,10.608951
3794751461,234,10.608932
36447518579,258,10.608928
93593188589,268,10.608726
44032724587,260,10.608695
93603221249,268,10.608681
36468865949,258,10.608673
93606712697,268,10.608665
36473096719,258,10.608623
64225695883,264,10.608515
9749506337,244,10.608473
93650431481,268,10.608469
36487444057,258,10.608451
9750309467,244,10.608435
44063575111,260,10.608392
93675871727,268,10.608355
93699769811,268,10.608248
64271035723,264,10.608214
64271869117,264,10.608209
64274908547,264,10.608189
53230847513,262,10.608188
64292094931,264,10.608075
11782991573,246,10.608056
44098758493,260,10.608047
17181250157,250,10.608016
93777211919,268,10.607901
77665186759,266,10.607891
77679269053,266,10.607814
64345489067,264,10.607721
77719166779,266,10.607596
77724377209,266,10.607569
77728591573,266,10.607546
93875623397,268,10.607461
30286634057,256,10.607454
64400170403,264,10.607359
93921888869,268,10.607254
36591875917,258,10.607204
44193552919,260,10.607117
25102024111,254,10.607104
17218890509,250,10.607031
30318029507,256,10.606998
64477375747,264,10.606848
36622562651,258,10.606838
14266702897,248,10.606815
36628361941,258,10.606770
14270721547,248,10.606688
14270977327,248,10.606679
17232675491,250,10.606670
20810113781,252,10.606639
94074368501,268,10.606573
53433325793,262,10.606557
77910605947,266,10.606556
5561723201,238,10.606451
94115112587,268,10.606391
77944822057,266,10.606371
17244819899,250,10.606354
64559666221,264,10.606305
20827919821,252,10.606256
64577928047,264,10.606184
36677787401,258,10.606181
36679024831,258,10.606167
30377471363,256,10.606138
78001297219,266,10.606064
64606946711,264,10.605992
78024277819,266,10.605940
78027184507,266,10.605924
94222374119,268,10.605913
64632925781,264,10.605822
11840720149,246,10.605821
20848457659,252,10.605817
64641094391,264,10.605767
78059361469,266,10.605750
44337999883,260,10.605705
78067830619,266,10.605703
44340935971,260,10.605677
4613966767,236,10.605619
30415585793,256,10.605587
44350392679,260,10.605584
64670983427,264,10.605571
94301976809,268,10.605558
9811402553,244,10.605555
78097322887,266,10.605544
64681542677,264,10.605501
2170938079,228,10.605428
78124043407,266,10.605399
94353811289,268,10.605328
36749745827,258,10.605327
78138763453,266,10.605320
64732089403,264,10.605168
20879183309,252,10.605160
53611932851,262,10.605124
30448642457,256,10.605109
78178246813,266,10.605106
64743293737,264,10.605095
11859891227,246,10.605081
78183992683,266,10.605075
17296955033,250,10.604996
44415670333,260,10.604948
94453221881,268,10.604886
94461151727,268,10.604851
36791546411,258,10.604832
94523127641,268,10.604575
53682621953,262,10.604559
94532446739,268,10.604534
36816958237,258,10.604530
44460292333,260,10.604513
78290962957,266,10.604497
64846222717,264,10.604418
1235564263,222,10.604356
53714714771,262,10.604302
1023336449,220,10.604283
20921439421,252,10.604258
53720493479,262,10.604257
53724918251,262,10.604221
30520747319,256,10.604071
64900032961,264,10.604065
64905684161,264,10.604028
36860359099,258,10.604017
20933902141,252,10.603992
25281473047,254,10.603951
94677839309,268,10.603889
64950626107,264,10.603733
78438386629,266,10.603702
94729731599,268,10.603660
78448948093,266,10.603644
78467158489,266,10.603547
8161617679,242,10.603475
44568389077,260,10.603463
65002182307,264,10.603395
78500014477,266,10.603370
94798700519,268,10.603354
36918493879,258,10.603330
20967380843,252,10.603279
65021484877,264,10.603269
36925458917,258,10.603248
4638957439,236,10.603045
17375723369,250,10.602952
94899753941,268,10.602907
94911779687,268,10.602854
3843047881,234,10.602853
94914859817,268,10.602840
30621576737,256,10.602622
78644184259,266,10.602594
95003733119,268,10.602448
65200765963,264,10.602096
44709718693,260,10.602095
30664916987,256,10.602001
95109665267,268,10.601980
54006464621,262,10.601978
6780382151,240,10.601972
65228648123,264,10.601913
30671662757,256,10.601905
17421017849,250,10.601781
95155065029,268,10.601780
95191716611,268,10.601619
65278486001,264,10.601588
17430120401,250,10.601546
78842801197,266,10.601528
54080122079,262,10.601394
37085497661,258,10.601363
21057674401,252,10.601362
44786889073,260,10.601349
78898094257,266,10.601233
78911109427,266,10.601163
11963206793,246,10.601117
11964837523,246,10.601055
78998815309,266,10.600693
30759263669,256,10.600653
95411828321,268,10.600650
95416648181,268,10.600629
54181077323,262,10.600594
54182403263,262,10.600583
65453601413,264,10.600449
95463975029,268,10.600421
37165949621,258,10.600420
44883601621,260,10.600416
30776899583,256,10.600401
21107203459,252,10.600314
6804438007,240,10.600313
65477189597,264,10.600295
44898174577,260,10.600276
44898713803,260,10.600271
65482638341,264,10.600260
30790755059,256,10.600204
11988782999,246,10.600142
44913169549,260,10.600132
95537651159,268,10.600098
37197484469,258,10.600050
37198056739,258,10.600043
65517234691,264,10.600035
65517476537,264,10.600033
65522445431,264,10.600000
65524830673,264,10.599985
5639556401,238,10.599886
6811284281,240,10.599842
65547738001,264,10.599836
21130459711,252,10.599823
65550337327,264,10.599819
21133974041,252,10.599749
54296695499,262,10.599679
37232021969,258,10.599647
65579518643,264,10.599630
30834097709,256,10.599586
30834739679,256,10.599577
21147561103,252,10.599463
21147676159,252,10.599460
79232803483,266,10.599443
9946839053,244,10.599239
54362946863,262,10.599156
65660503457,264,10.599105
79315198909,266,10.599005
95798468261,268,10.598954
12023433893,246,10.598824
37304144881,258,10.598804
14521354741,248,10.598795
37316988781,258,10.598654
79383458443,266,10.598641
65739324401,264,10.598595
9961186553,244,10.598576
79426627279,266,10.598413
37337919439,258,10.598410
3878909687,234,10.598392
30918445049,256,10.598387
79450414807,266,10.598286
65789473291,264,10.598270
95963236037,268,10.598234
54485769179,262,10.598188
65803396781,264,10.598180
95985065921,268,10.598139
37362829799,258,10.598119
37369214639,258,10.598044
54506688893,262,10.598024
79501013773,266,10.598017
65837613151,264,10.597959
21223891001,252,10.597857
96096662309,268,10.597652
54557036561,262,10.597629
65899106261,264,10.597562
12057007759,246,10.597550
37414363967,258,10.597519
45189651553,260,10.597480
12059405803,246,10.597460
21249805691,252,10.597313
96177957089,268,10.597298
79650897919,266,10.597221
17602255091,250,10.597130
8277842821,242,10.596909
96275940401,268,10.596871
14584647547,248,10.596826
66017410157,264,10.596799
45264708787,260,10.596764
79738322329,266,10.596759
3892630463,234,10.596698
54676271711,262,10.596693
66035732027,264,10.596681
96324510941,268,10.596660
17622581357,250,10.596612
79768826959,266,10.596597
37496700091,258,10.596562
79784116609,266,10.596516
66085216471,264,10.596362
37523762641,258,10.596249
66109756751,264,10.596204
66119476333,264,10.596142
66119594537,264,10.596141
12095218153,246,10.596106
96464535047,268,10.596051
96509491847,268,10.595856
25748956603,254,10.595845
96523577669,268,10.595795
96560711309,268,10.595634
25766084131,254,10.595551
79980654373,266,10.595477
54839911901,262,10.595412
37603253747,258,10.595327
80016486139,266,10.595288
96672728219,268,10.595148
21354111853,252,10.595131
37623882067,258,10.595089
80061509569,266,10.595051
96724447067,268,10.594924
4719068047,236,10.594895
21365753879,252,10.594888
66317568613,264,10.594870
66320653591,264,10.594850
10043070857,244,10.594808
96779644877,268,10.594685
80134150933,266,10.594668
96790189667,268,10.594640
54946922231,262,10.594577
66372573497,264,10.594517
45505587139,260,10.594472
25829863303,254,10.594459
96845877371,268,10.594398
2220084931,228,10.594397
17709750053,250,10.594396
66394355971,264,10.594378
31203762893,256,10.594358
66404809043,264,10.594311
66415218547,264,10.594244
96886720907,268,10.594222
66419951447,264,10.594213
17720346857,250,10.594128
55018825793,262,10.594016
12151188109,246,10.593999
10063117271,244,10.593890
37730481367,258,10.593858
21417582569,252,10.593809
97007206997,268,10.593701
97008002171,268,10.593698
45593917357,260,10.593635
37752131881,258,10.593609
66522109933,264,10.593560
31262678177,256,10.593532
66548418887,264,10.593392
3245350679,232,10.593370
80381891263,266,10.593366
80390773369,266,10.593319
97109711999,268,10.593259
66573137831,264,10.593234
12173288389,246,10.593170
37791485629,258,10.593155
55143819593,262,10.593044
97179812099,268,10.592957
80464264603,266,10.592934
80481522109,266,10.592843
80489079823,266,10.592804
17773701401,250,10.592778
66644948443,264,10.592776
45685669021,260,10.592767
66651111823,264,10.592737
97232000009,268,10.592732
66653462101,264,10.592722
66663531301,264,10.592658
66668341583,264,10.592627
97265156057,268,10.592589
55218418259,262,10.592465
66694204541,264,10.592463
37856233691,258,10.592411
17792455979,250,10.592304
97350207881,268,10.592223
80601153319,266,10.592216
17798469671,250,10.592153
45754073971,260,10.592121
37884502429,258,10.592086
80626331707,266,10.592085
45762570277,260,10.592041
31372288499,256,10.591997
55281900329,262,10.591973
21510568523,252,10.591880
37912111057,258,10.591769
45802210957,260,10.591667
37927759021,258,10.591590
66831462833,264,10.591588
80722993207,266,10.591579
10115234777,244,10.591516
66850967891,264,10.591464
80771526733,266,10.591327
80778105139,266,10.591292
37963639849,258,10.591179
37967864579,258,10.591130
80814248959,266,10.591104
37970677859,258,10.591098
26029197787,254,10.591063
97625608427,268,10.591041
66930336721,264,10.590961
66939120217,264,10.590904
97659557969,268,10.590896
12235524839,246,10.590844
21562753259,252,10.590801
37996701857,258,10.590800
97701679169,268,10.590715
12240399679,246,10.590663
97727484149,268,10.590605
14788253659,248,10.590551
55469515799,262,10.590523
67002203393,264,10.590505
38027544601,258,10.590447
14798573731,248,10.590237
55512089123,262,10.590195
97832166599,268,10.590157
45963352837,260,10.590153
14801338231,248,10.590152
38060948917,258,10.590066
21600295609,252,10.590027
21602152279,252,10.589989
55540511489,262,10.589975
21603862013,252,10.589953
2706031843,230,10.589929
67103865943,264,10.589860
26101035343,254,10.589846
38081006269,258,10.589837
67127228417,264,10.589712
97955074949,268,10.589631
21622827991,252,10.589563
97977778259,268,10.589534
3951658927,234,10.589480
26124354667,254,10.589452
21628988533,252,10.589437
98005914737,268,10.589414
6965245477,240,10.589388
17911282061,250,10.589318
10163846141,244,10.589312
55629692021,262,10.589289
17915432441,250,10.589214
31572662609,256,10.589208
26141253013,254,10.589166
31576318769,256,10.589157
26143086451,254,10.589135
26144199397,254,10.589116
21647024039,252,10.589066
98096920121,268,10.589025
38153968361,258,10.589005
38154252971,258,10.589002
81228008863,266,10.588950
38168380531,258,10.588840
81253893607,266,10.588816
38175756607,258,10.588757
132103109,198,10.588750
81271318507,266,10.588726
67283538527,264,10.588724
67289169901,264,10.588689
38182127531,258,10.588684
21665637569,252,10.588683
38184364781,258,10.588659
38188307299,258,10.588614
67320600643,264,10.588490
55737711299,262,10.588458
2714232847,230,10.588453
12300049297,246,10.588447
67331434043,264,10.588422
21680623633,252,10.588375
26188634653,254,10.588367
12303268273,246,10.588327
21683306053,252,10.588321
81356313067,266,10.588285
81361094809,266,10.588261
46168053409,260,10.588236
21707853059,252,10.587817
67428258871,264,10.587812
67437483563,264,10.587754
67442612737,264,10.587722
21712996523,252,10.587711
55839356423,262,10.587679
46229662279,260,10.587661
81493932199,266,10.587573
10202487101,244,10.587567
81515228719,266,10.587462
67484031653,264,10.587461
21725541389,252,10.587455
98471999921,268,10.587429
55887477389,262,10.587311
98511725057,268,10.587260
21735810713,252,10.587245
98544704021,268,10.587121
55937534483,262,10.586927
67575018701,264,10.586889
55943639033,262,10.586881
46314658171,260,10.586869
3973306651,234,10.586864
98617249391,268,10.586813
98620650197,268,10.586799
26282992387,254,10.586780
98628122741,268,10.586766
67608848033,264,10.586677
67609852237,264,10.586670
98652106739,268,10.586665
67622454161,264,10.586591
21771275489,252,10.586519
67636794367,264,10.586501
4803357523,236,10.586482
98727852719,268,10.586344
12362532643,246,10.586138
4807786729,236,10.586044
38418211981,258,10.586006
81815992243,266,10.585911
98833716797,268,10.585896
67733691841,264,10.585894
18050125433,250,10.585855
98845307567,268,10.585847
3982073983,234,10.585808
81836928343,266,10.585803
46435498693,260,10.585746
18054598151,250,10.585745
38441298757,258,10.585745
46445861191,260,10.585649
56110509929,262,10.585607
26353708267,254,10.585594
67803941957,264,10.585453
98970648767,268,10.585317
98977127009,268,10.585290
46486703947,260,10.585271
3986544581,234,10.585270
38484473717,258,10.585258
12387357559,246,10.585224
46500075709,260,10.585147
67853360317,264,10.585144
99019062089,268,10.585113
67858377287,264,10.585113
26388070741,254,10.585019
67874408627,264,10.585012
38508982817,258,10.584981
67892809793,264,10.584897
31886385533,256,10.584879
38520552947,258,10.584851
3303173843,232,10.584835
67910801197,264,10.584785
21856860749,252,10.584775
46541060737,260,10.584767
1063311251,220,10.584733
56230647281,262,10.584692
82058422093,266,10.584664
67935652007,264,10.584630
67936550833,264,10.584624
14984293717,248,10.584599
99145510181,268,10.584579
3993052813,234,10.584489
14993955541,248,10.584308
56291139263,262,10.584232
99230051387,268,10.584223
38579819449,258,10.584184
99246573137,268,10.584153
38583227497,258,10.584145
18119279669,250,10.584142
12418614283,246,10.584077
82182276817,266,10.584029
68032168553,264,10.584027
12420905087,246,10.583993
31951380347,256,10.583987
68045048347,264,10.583947
5833782749,238,10.583925
4829995297,236,10.583856
18132533873,250,10.583815
4830747499,236,10.583782
68084458997,264,10.583701
68086092731,264,10.583691
56369784281,262,10.583635
99370408721,268,10.583632
31978177037,256,10.583621
26474156887,254,10.583583
38634142471,258,10.583572
68105624891,264,10.583570
68110556651,264,10.583539
12433450493,246,10.583533
21923448973,252,10.583423
82302761809,266,10.583412
21937586159,252,10.583137
82368931753,266,10.583074
68188704011,264,10.583052
21946035421,252,10.582965
82399000297,266,10.582920
32033151053,256,10.582870
68227166893,264,10.582813
21955140353,252,10.582781
99584255747,268,10.582733
56492855273,262,10.582703
414970537,210,10.582694
99595715987,268,10.582685
32052401057,256,10.582606
15053374249,248,10.582521
82481938603,266,10.582497
68303437121,264,10.582339
56546032523,262,10.582301
99705345671,268,10.582226
46819390993,260,10.582199
46833456883,260,10.582069
56580152861,262,10.582043
56601421361,262,10.581882
82610714677,266,10.581840
26585298013,254,10.581736
99823132529,268,10.581733
99851895527,268,10.581612
68435432447,264,10.581520
26598579367,254,10.581515
56669586929,262,10.581368
18236549783,250,10.581252
46924994797,260,10.581228
38851019561,258,10.581142
22036727641,252,10.581133
56709220103,262,10.581069
99998559119,268,10.580998
2756320393,230,10.580958
68552842411,264,10.580793
82825229209,266,10.580749
26653117321,254,10.580612
12514509179,246,10.580575
38908628701,258,10.580500
38909494951,258,10.580490
38911514399,258,10.580467
82902409489,266,10.580357
18276271469,250,10.580277
68659782101,264,10.580132
1891878173,226,10.580111
15135212749,248,10.580074
7106332279,240,10.580027
82971760327,266,10.580005
15139596931,248,10.579944
7108305923,240,10.579898
68719350373,264,10.579764
8591696119,242,10.579669
83038678309,266,10.579665
56900408861,262,10.579631
26715782707,254,10.579577
56912162843,262,10.579543
68760530441,264,10.579511
12546846029,246,10.579401
32291950763,256,10.579350
83110864129,266,10.579300
56946643823,262,10.579285
83121831973,266,10.579245
83127821527,266,10.579214
2289934607,228,10.579168
39032700359,258,10.579119
47158875391,260,10.579088
32311390877,256,10.579087
47159771761,260,10.579080
15169632391,248,10.579049
47166743419,260,10.579016
83174770759,266,10.578977
39048827401,258,10.578939
32326677329,256,10.578880
57001442171,262,10.578874
68864156743,264,10.578872
83197081153,266,10.578863
83205687769,266,10.578820
39059675309,258,10.578818
47195784487,260,10.578752
68884638253,264,10.578746
22155585643,252,10.578743
57035418551,262,10.578619
68912720533,264,10.578573
68918957473,264,10.578535
32358933419,256,10.578444
83297022163,266,10.578359
57071370641,262,10.578350
5903399669,238,10.578344
22178659883,252,10.578280
18359493821,250,10.578244
83344530127,266,10.578118
891663811,218,10.578109
39126747241,258,10.578074
18371617499,250,10.577949
39141758281,258,10.577909
12588096329,246,10.577908
12588282307,246,10.577901
18378464009,250,10.577782
39154088711,258,10.577771
5911724369,238,10.577682
83437822603,266,10.577648
57166168289,262,10.577641
18384424241,250,10.577637
57179581241,262,10.577540
69091329031,264,10.577477
47337510019,260,10.577460
2776239391,230,10.577454
57200974739,262,10.577381
83495352529,266,10.577358
57221619011,262,10.577227
69150391517,264,10.577114
47378140903,260,10.577091
83565749173,266,10.577003
47389287529,260,10.576990
39236232421,258,10.576862
47419292863,260,10.576718
57291047423,262,10.576709
69219485737,264,10.576691
83633854399,266,10.576661
57298626071,262,10.576653
83644639633,266,10.576607
69241748627,264,10.576554
83658257497,266,10.576538
10452422537,244,10.576461
39275658077,258,10.576427
26919121381,254,10.576238
83722362277,266,10.576216
7164995251,240,10.576194
32528711129,256,10.576158
7166593481,240,10.576090
22291893521,252,10.576020
15272791657,248,10.575992
69334553543,264,10.575987
420277981,210,10.575921
32549865077,256,10.575873
69355726877,264,10.575857
57410059229,262,10.575823
47536320781,260,10.575658
22314348653,252,10.575573
69423513161,264,10.575444
39366005179,258,10.575431
39369378149,258,10.575394
32592750959,256,10.575298
57481015583,262,10.575295
39386636039,258,10.575204
7180443929,240,10.575191
47601460693,260,10.575068
69485623903,264,10.575065
4072664287,234,10.575047
83958605989,266,10.575031
83987873773,266,10.574884
47621920267,260,10.574883
742759873,216,10.574819
69527054957,264,10.574813
15312786967,248,10.574812
69537995887,264,10.574746
7187619457,240,10.574725
27012953293,254,10.574705
84040733677,266,10.574620
57572779049,262,10.574615
84054068743,266,10.574553
18511848833,250,10.574546
22368698221,252,10.574493
18517796933,250,10.574403
39462420581,258,10.574370
10500737717,244,10.574347
69605193851,264,10.574337
69610343107,264,10.574306
47687186929,260,10.574295
69617704501,264,10.574261
8692838041,242,10.574259
47696205133,260,10.574213
239065403,204,10.574196
47701940827,260,10.574162
22389321751,252,10.574084
39488602267,258,10.574083
84167774389,266,10.573985
2797493161,230,10.573746
12706014053,246,10.573668
84235884223,266,10.573646
27083511061,254,10.573557
57716411141,262,10.573552
69734760031,264,10.573549
4085747873,234,10.573513
69744103193,264,10.573492
84270965773,266,10.573470
39545224987,258,10.573462
69754035613,264,10.573432
69773727743,264,10.573313
7209567529,240,10.573304
69775497431,264,10.573301
57753126023,262,10.573280
84314502709,266,10.573254
69786317897,264,10.573236
69791126831,264,10.573207
84325954939,266,10.573196
84331178233,266,10.573170
69798844243,264,10.573160
39572954219,258,10.573159
69811120121,264,10.573086
69821887937,264,10.573020
69827145767,264,10.572989
39593646529,258,10.572932
12731329139,246,10.572763
18585941219,250,10.572760
84421727353,266,10.572720
69893606197,264,10.572586
69895590437,264,10.572574
69896592823,264,10.572568
57851817323,262,10.572552
57862336919,262,10.572474
47903024857,260,10.572352
84499260049,266,10.572333
22479206429,252,10.572308
2806055227,230,10.572260
57896139179,262,10.572226
69953751137,264,10.572222
84536462077,266,10.572148
69969457193,264,10.572126
39673777321,258,10.572057
39674849077,258,10.572044
70034221721,264,10.571734
84662108539,266,10.571525
39724407857,258,10.571504
27211109173,254,10.571488
22520775713,252,10.571487
22522076671,252,10.571463
32880665627,256,10.571457
10567418867,244,10.571446
22526496679,252,10.571375
70107318277,264,10.571293
84709748869,266,10.571288
48023970367,260,10.571269
58028581889,262,10.571250
18652353611,250,10.571165
70132092607,264,10.571143
70132943863,264,10.571138
18655548467,250,10.571089
4106580487,234,10.571084
58052659271,262,10.571074
240485461,204,10.570951
70165207237,264,10.570944
70170177433,264,10.570913
70171256333,264,10.570908
48072181909,260,10.570838
84802970587,266,10.570826
70190418503,264,10.570791
70192388291,264,10.570780
70195415893,264,10.570762
70196195821,264,10.570757
84829374967,266,10.570695
18672807383,250,10.570675
84835470823,266,10.570665
6000905699,238,10.570648
39803964001,258,10.570638
70216634977,264,10.570634
22565403023,252,10.570610
32945097923,256,10.570602
70223711191,264,10.570591
12792940583,246,10.570570
32962052303,256,10.570378
4970087389,236,10.570302
70281593413,264,10.570242
58167874769,262,10.570228
22587413839,252,10.570178
22589561083,252,10.570136
70302502297,264,10.570116
70320386707,264,10.570008
84995965807,266,10.569871
620739563,214,10.569769
70361548223,264,10.569761
39888244807,258,10.569721
85030430923,266,10.569701
85041199699,266,10.569648
18716567159,250,10.569629
7269030947,240,10.569480
70409141221,264,10.569475
15498645037,248,10.569375
22630871059,252,10.569325
15500653699,248,10.569316
10616941457,244,10.569305
70438586597,264,10.569298
70441062421,264,10.569283
70452854383,264,10.569212
33054813017,256,10.569152
18737786687,250,10.569122
70471169891,264,10.569102
70471893911,264,10.569098
85156060117,266,10.569081
15509907319,248,10.569047
70490331953,264,10.568987
18743683757,250,10.568982
48282016597,260,10.568966
22650525691,252,10.568941
33076118627,256,10.568871
70519334551,264,10.568813
22658808373,252,10.568779
85225521727,266,10.568739
18754086017,250,10.568734
33090208559,256,10.568685
1326033589,222,10.568682
39986258659,258,10.568659
85254565273,266,10.568595
15527631271,248,10.568533
7284362639,240,10.568499
70577017603,264,10.568467
22678830149,252,10.568387
70606261837,264,10.568292
85317390973,266,10.568286
48360017323,260,10.568273
58443671369,262,10.568211
70656729581,264,10.567989
58475489861,262,10.567979
4134579887,234,10.567840
22707812833,252,10.567822
70711433773,264,10.567662
58521247601,262,10.567646
40097695471,258,10.567454
33184808039,256,10.567439
85497449119,266,10.567401
18810206057,250,10.567399
70765624763,264,10.567338
85510353619,266,10.567338
22734938189,252,10.567292
27473706037,254,10.567265
33202267073,256,10.567210
48495208141,260,10.567074
48508477873,260,10.566956
22752493739,252,10.566950
70838148041,264,10.566905
70856092367,264,10.566798
70862126593,264,10.566762
48530837449,260,10.566758
48532221919,260,10.566746
70864856017,264,10.566746
1101632603,220,10.566732
58661823659,262,10.566623
85660123513,266,10.566603
58666407983,262,10.566589
48552483097,260,10.566566
22772796469,252,10.566555
48558035371,260,10.566518
48559030543,260,10.566508
70913568013,264,10.566455
33261611543,256,10.566431
22782567601,252,10.566365
70932722503,264,10.566340
18857486507,250,10.566278
85738252297,266,10.566220
4148691461,234,10.566215
40219766261,258,10.566138
48603762853,260,10.566113
70988061623,264,10.566011
85791291823,266,10.565961
4151838521,234,10.565852
6063161669,238,10.565804
71028458327,264,10.565770
85836950197,266,10.565738
85838131417,266,10.565732
27570472663,254,10.565719
71044157633,264,10.565677
71045536703,264,10.565669
71047213541,264,10.565659
6065113121,238,10.565654
27580010083,254,10.565567
22823827181,252,10.565563
27582246073,254,10.565531
40276655407,258,10.565527
71074334743,264,10.565497
85889177557,266,10.565482
58824469703,262,10.565443
15634926199,248,10.565433
71085991073,264,10.565428
48685085509,260,10.565395
85939316149,266,10.565237
22843615831,252,10.565180
8865534583,242,10.565177
4157786077,234,10.565169
71151185627,264,10.565041
48730143373,260,10.564999
71160288257,264,10.564986
48734912371,260,10.564957
71165591927,264,10.564955
22855191521,252,10.564955
22857632519,252,10.564908
71185750967,264,10.564836
48751315507,260,10.564812
71190345041,264,10.564808
71194165277,264,10.564785
71198418307,264,10.564760
33389565149,256,10.564756
8874056089,242,10.564734
71209011257,264,10.564697
48770131213,260,10.564647
40360844611,258,10.564624
33399774467,256,10.564624
18928091459,250,10.564610
6078769877,238,10.564599
48777354649,260,10.564583
86075341549,266,10.564573
33414593873,256,10.564430
40381588399,258,10.564402
71263465883,264,10.564374
58979575559,262,10.564322
58986116933,262,10.564274
71284155721,264,10.564251
10736366891,244,10.564187
22900839953,252,10.564072
59021013743,262,10.564022
86204947459,266,10.563942
71343323923,264,10.563900
48860829331,260,10.563848
71354186021,264,10.563836
86228086117,266,10.563829
40452623017,258,10.563641
40454122997,258,10.563625
33476553923,256,10.563622
18972707687,250,10.563559
10751695151,244,10.563535
48896781433,260,10.563533
48918877387,260,10.563339
48930857881,260,10.563234
86355672499,266,10.563210
22948660369,252,10.563148
71472377507,264,10.563136
22950735253,252,10.563107
86378730157,266,10.563098
15719522089,248,10.563004
40522758931,258,10.562892
33535056479,256,10.562861
71522018753,264,10.562843
7373580437,240,10.562837
59196796391,262,10.562756
71554627957,264,10.562651
59214848489,262,10.562626
71570090363,264,10.562559
71584858097,264,10.562472
71587173517,264,10.562458
27776266477,254,10.562451
4182095941,234,10.562389
33574087793,256,10.562354
22994657879,252,10.562262
40586723719,258,10.562210
71630406121,264,10.562203
40593917701,258,10.562133
71673332833,264,10.561950
86621918497,266,10.561918
59315249909,262,10.561905
40615993367,258,10.561898
49084396591,260,10.561890
33620224343,256,10.561756
59339249051,262,10.561732
49110379363,260,10.561663
40639247827,258,10.561650
27827237323,254,10.561646
27827583307,254,10.561641
40642544227,258,10.561615
33633498257,256,10.561584
71753569703,264,10.561477
40656290659,258,10.561469
5064577939,236,10.561394
23042478629,252,10.561341
71789560261,264,10.561265
59404800401,262,10.561262
49158908893,260,10.561239
71801446807,264,10.561195
40683517019,258,10.561180
71827490753,264,10.561042
86817015937,266,10.560975
71845149751,264,10.560938
33691832429,256,10.560829
71863922047,264,10.560828
71866122551,264,10.560815
40719534761,258,10.560798
59488090481,262,10.560666
7408734271,240,10.560626
59507067293,262,10.560530
71919226931,264,10.560503
49260714787,260,10.560351
71969188453,264,10.560209
87004646923,266,10.560070
40793556169,258,10.560012
23114010581,252,10.559970
10838357393,244,10.559864
87047853883,266,10.559862
40809466877,258,10.559844
40829971571,258,10.559627
15840918217,248,10.559545
23136701993,252,10.559536
72093802721,264,10.559479
33800072897,256,10.559432
23143796623,252,10.559400
19153413791,250,10.559329
8978856853,242,10.559321
40858888957,258,10.559320
33811204127,256,10.559288
87174914767,266,10.559250
72142036991,264,10.559196
72142691063,264,10.559193
72146659327,264,10.559169
23158174861,252,10.559125
72155290843,264,10.559119
49402550251,260,10.559118
59706428009,262,10.559107
72168897613,264,10.559039
7434567599,240,10.559009
27995501713,254,10.558999
49417194109,260,10.558991
49419099487,260,10.558974
59726123063,262,10.558966
72191614907,264,10.558907
49428312121,260,10.558895
59736858281,262,10.558889
72198876157,264,10.558864
15866549707,248,10.558817
72221401073,264,10.558732
59759274581,262,10.558730
72238858871,264,10.558630
33864525809,256,10.558602
72247071067,264,10.558582
7441790359,240,10.558558
59783815151,262,10.558556
59784830663,262,10.558548
28027404871,254,10.558499
23194918489,252,10.558424
33886122209,256,10.558325
72310920683,264,10.558208
72316069477,264,10.558179
87402131107,266,10.558159
72326424113,264,10.558119
15893072017,248,10.558066
767329319,216,10.557997
40988920117,258,10.557947
59871135491,262,10.557935
33919678229,256,10.557894
72369536831,264,10.557867
49551905941,260,10.557824
59889154709,262,10.557806
28078934041,254,10.557693
59905887521,262,10.557688
59906397119,262,10.557684
72407569681,264,10.557645
7456722523,240,10.557627
15908697187,248,10.557625
49575674497,260,10.557618
72426945131,264,10.557532
41033028011,258,10.557483
2393616721,228,10.557476
72446724563,264,10.557417
7460999011,240,10.557361
59956290743,262,10.557329
72462560663,264,10.557324
87611664499,266,10.557156
72494952623,264,10.557136
28118421217,254,10.557076
59993033039,262,10.557069
87633880783,266,10.557050
10905392633,244,10.557047
72521376617,264,10.556982
41086972319,258,10.556915
87669453409,266,10.556880
7472092207,240,10.556670
23288555159,252,10.556642
41114202251,258,10.556629
23289460423,252,10.556624
60068355731,262,10.556536
19280342717,250,10.556384
7477247159,240,10.556350
72631161553,264,10.556343
34046306507,256,10.556272
87802164613,266,10.556246
41151144241,258,10.556241
72648817103,264,10.556241
87804282673,266,10.556236
72656863901,264,10.556194
34053379229,256,10.556181
72659870093,264,10.556176
23337945809,252,10.555705
72757897183,264,10.555608
13222815937,246,10.555580
72783928837,264,10.555456
41230324027,258,10.555411
87987290653,266,10.555364
7493628223,240,10.555334
72806147143,264,10.555327
49854117121,260,10.555218
49860979717,260,10.555159
41262204727,258,10.555078
72868180783,264,10.554968
72871360741,264,10.554950
49887903067,260,10.554928
23380364971,252,10.554902
72879706157,264,10.554901
72882456277,264,10.554886
19345771691,250,10.554874
72893600053,264,10.554821
28264222057,254,10.554808
23385681601,252,10.554802
2406918737,228,10.554768
72905304623,264,10.554753
10960525601,244,10.554745
72907884893,264,10.554738
13248710269,246,10.554694
72917204597,264,10.554685
49921234837,260,10.554642
88140362209,266,10.554636
72927828581,264,10.554623
7505120267,240,10.554623
13256332519,246,10.554433
72967572911,264,10.554393
23414402581,252,10.554259
88239493759,266,10.554165
28309584301,254,10.554105
73041614771,264,10.553966
73050521333,264,10.553914
73054233277,264,10.553892
23435552941,252,10.553860
23437754129,252,10.553819
34238880779,256,10.553817
88320391333,266,10.553782
10984630997,244,10.553741
13276722989,246,10.553738
88330642219,266,10.553733
13279231087,246,10.553652
5148467113,236,10.553635
60480614303,262,10.553627
73103490827,264,10.553608
60488711243,262,10.553570
41408464057,258,10.553550
19404659357,250,10.553520
13283107373,246,10.553519
73134970901,264,10.553427
41422759681,258,10.553401
28357480387,254,10.553363
41427834781,258,10.553348
73162297267,264,10.553268
88471214917,266,10.553067
73215096193,264,10.552964
23489492149,252,10.552844
23492263061,252,10.552792
73254063301,264,10.552740
23496075199,252,10.552720
34326428027,256,10.552706
3531560843,232,10.552647
6235923509,238,10.552643
34332441629,256,10.552629
34334006873,256,10.552609
16087754737,248,10.552597
73300652041,264,10.552472
4270507177,234,10.552424
248775851,204,10.552418
34352166809,256,10.552380
88620851107,266,10.552360
41529738517,258,10.552287
775872637,216,10.552286
34359873269,256,10.552282
7543779389,240,10.552238
50202659779,260,10.552234
73359884777,264,10.552131
73361230447,264,10.552123
60696034781,262,10.552115
50219249677,260,10.552092
60710128151,262,10.552017
73380918671,264,10.552011
13328304307,246,10.551982
88704713263,266,10.551964
50243086357,260,10.551888
88738761823,266,10.551803
34398636137,256,10.551791
73439493173,264,10.551674
41589762091,258,10.551664
41603725937,258,10.551519
4278794353,234,10.551502
73472285561,264,10.551485
73474168907,264,10.551475
23564445043,252,10.551436
88828050859,266,10.551382
50304063217,260,10.551370
88836245497,266,10.551343
41627545849,258,10.551272
50317136257,260,10.551258
88867334209,266,10.551197
73534551301,264,10.551128
34453829147,256,10.551094
41649887311,258,10.551041
34458814757,256,10.551031
41652265307,258,10.551016
23587890163,252,10.550997
41654361767,258,10.550994
88914567289,266,10.550974
73562431981,264,10.550968
88925559949,266,10.550922
23593233683,252,10.550897
1374144173,222,10.550781
643838771,214,10.550729
88989858583,266,10.550620
88990030627,266,10.550619
9151618951,242,10.550549
73638893227,264,10.550530
41703277771,258,10.550488
60944110211,262,10.550383
41717118661,258,10.550344
73695038623,264,10.550209
41734815581,258,10.550161
13383038573,246,10.550127
23637816691,252,10.550063
60994001333,262,10.550035
73760763521,264,10.549833
61029595793,262,10.549787
23656298689,252,10.549718
1377129389,222,10.549693
34569487079,256,10.549637
41789036969,258,10.549602
23665897289,252,10.549539
61072041203,262,10.549492
50532429391,260,10.549430
41806589959,258,10.549420
50538005797,260,10.549383
73844439077,264,10.549356
11092415093,244,10.549286
61115420909,262,10.549190
41829093937,258,10.549189
13411344053,246,10.549171
41830730531,258,10.549171
73894285303,264,10.549070
89327160469,266,10.549037
41844415687,258,10.549030
73903875193,264,10.549016
34624066613,256,10.548951
73916974333,264,10.548942
41856274547,258,10.548908
61165013141,262,10.548845
89375803969,266,10.548809
73941044561,264,10.548804
13422540683,246,10.548794
73951215467,264,10.548746
19614951341,250,10.548720
2945905681,230,10.548677
7602339323,240,10.548653
89411358793,266,10.548643
89427971167,266,10.548565
41891199037,258,10.548549
23724712309,252,10.548443
28680916951,254,10.548392
74013931361,264,10.548388
74045666087,264,10.548208
74051503003,264,10.548175
89528117143,266,10.548098
74065017233,264,10.548098
89531461693,266,10.548081
89538131173,266,10.548050
19647321899,250,10.547986
74088393763,264,10.547965
61292955071,262,10.547958
23754724933,252,10.547884
1382124431,222,10.547878
74108935097,264,10.547848
2951121967,230,10.547821
41961890567,258,10.547821
28720491187,254,10.547789
19658420363,250,10.547735
74134817947,264,10.547701
23769963379,252,10.547601
50751719203,260,10.547577
34741721159,256,10.547477
4315277713,234,10.547464
34747224653,256,10.547408
11138214203,244,10.547407
50788064533,260,10.547271
89716956229,266,10.547215
23795529739,252,10.547127
74260747823,264,10.546986
50825432563,260,10.546956
61440528899,262,10.546937
42056046959,258,10.546855
74283970261,264,10.546854
61473655259,262,10.546708
74313423883,264,10.546687
16301689819,248,10.546668
74324398411,264,10.546625
74334305333,264,10.546569
13489088567,246,10.546557
536947009,212,10.546524
19714507583,250,10.546467
89893652887,266,10.546393
50902518109,260,10.546308
74381001113,264,10.546304
61545463211,262,10.546212
74410249321,264,10.546139
42135583967,258,10.546041
74431273727,264,10.546020
61577699429,262,10.545990
89988691027,266,10.545951
28842891283,254,10.545926
74465586913,264,10.545825
61603172231,262,10.545815
50964371257,260,10.545788
74472862913,264,10.545784
74473171013,264,10.545782
50973304219,260,10.545713
19748842691,250,10.545692
9249488389,242,10.545657
90062628127,266,10.545608
34895358263,256,10.545560
90081889549,266,10.545519
42190157467,258,10.545483
51012201811,260,10.545387
51019719547,260,10.545323
19769977319,250,10.545218
74574765583,264,10.545208
61696511819,262,10.545172
61702028261,262,10.545135
13533707933,246,10.545064
42232968731,258,10.545045
90196579273,266,10.544987
74614630327,264,10.544983
28910742403,254,10.544898
90217868233,266,10.544888
74640992927,264,10.544834
23925799531,252,10.544717
28924358557,254,10.544691
23928340979,252,10.544670
74686814047,264,10.544576
90331566187,266,10.544361
19808684573,250,10.544347
2458866901,228,10.544344
42303828961,258,10.544323
51142950553,260,10.544292
1682809357,224,10.544288
7675489687,240,10.544214
90404005147,266,10.544026
51178751497,260,10.543993
23967316619,252,10.543952
28981909933,254,10.543821
51202614061,260,10.543794
74828722567,264,10.543777
74838533837,264,10.543721
74850873007,264,10.543652
74863752167,264,10.543579
90502494787,266,10.543571
9293179933,242,10.543492
35064225017,256,10.543463
42392630947,258,10.543419
23998349261,252,10.543382
90544549453,266,10.543377
90563460523,266,10.543290
90580246483,266,10.543213
29023017367,254,10.543201
35086420283,256,10.543188
74953095563,264,10.543077
74953935977,264,10.543073
51292201183,260,10.543046
74968635947,264,10.542990
4356470747,234,10.542950
90644574157,266,10.542915
62030206571,262,10.542883
74992927283,264,10.542853
13601091019,246,10.542820
42453585829,258,10.542800
62044949621,262,10.542782
35125565987,256,10.542705
2041063589,226,10.542649
62071993799,262,10.542598
29073627013,254,10.542439
29074364467,254,10.542428
42497792131,258,10.542352
7706814413,240,10.542328
42504419701,258,10.542285
75117032927,264,10.542157
51401627083,260,10.542135
90816344167,266,10.542125
6380837699,238,10.541904
24080592023,252,10.541872
13629836413,246,10.541866
42553784759,258,10.541784
16481173741,248,10.541759
5280027607,236,10.541739
42561228349,258,10.541709
2988880723,230,10.541675
29124712807,254,10.541671
90933488959,266,10.541586
42580393937,258,10.541515
75256309781,264,10.541377
90987007843,266,10.541341
75278630003,264,10.541252
91014048943,266,10.541216
13650099013,246,10.541195
9340815343,242,10.541144
62287066601,262,10.541130
75301165171,264,10.541126
51526173949,260,10.541101
51526527397,260,10.541098
24123692731,252,10.541083
11294170793,244,10.541071
35258486579,256,10.541064
24127230521,252,10.541019
24127560263,252,10.541013
62313620531,262,10.540950
42639907081,258,10.540914
29175507631,254,10.540908
42653689321,258,10.540774
75365870927,264,10.540765
42655766717,258,10.540753
91136356999,266,10.540655
35292501239,256,10.540646
35297784359,256,10.540581
91158037903,266,10.540556
42701306831,258,10.540294
42706258871,258,10.540244
75473175023,264,10.540166
51644193253,260,10.540123
75488321833,264,10.540082
42726706991,258,10.540038
16546320019,248,10.539992
35349280223,256,10.539948
75516696781,264,10.539924
75525816127,264,10.539873
91310672029,266,10.539857
62474485589,262,10.539856
24193129319,252,10.539817
16553342329,248,10.539802
75541079897,264,10.539788
42752567041,258,10.539778
657626873,214,10.539719
91349767123,266,10.539679
42768123347,258,10.539621
42769088819,258,10.539611
51715955713,260,10.539530
35392547417,256,10.539417
24216299153,252,10.539394
6415623161,238,10.539367
29279963017,254,10.539345
24219886531,252,10.539330
51754055761,260,10.539215
42814444459,258,10.539155
35414201549,256,10.539152
42815988497,258,10.539140
1700717923,224,10.539036
75724184257,264,10.538770
75733304683,264,10.538718
75735849121,264,10.538705
24256020421,252,10.538672
62670359099,262,10.538529
51837237223,260,10.538529
75793732367,264,10.538383
51860096641,260,10.538341
13738557269,246,10.538278
42903224131,258,10.538263
75816276427,264,10.538258
75823896913,264,10.538216
42912424411,258,10.538171
62728119869,262,10.538138
91689494059,266,10.538129
24288314923,252,10.538086
91702275883,266,10.538071
62739339989,262,10.538063
62746279901,262,10.538016
24293222539,252,10.537997
51916465807,260,10.537877
91753746457,266,10.537836
42949984807,258,10.537794
20104369517,250,10.537762
91771321987,266,10.537756
29387106817,254,10.537748
75910164203,264,10.537738
11377388207,244,10.537729
75912931243,264,10.537722
13755834347,246,10.537711
24309027571,252,10.537710
11377978901,244,10.537705
20110373279,250,10.537629
91811033383,266,10.537576
24316879009,252,10.537568
24324351763,252,10.537433
75970384157,264,10.537404
35558182493,256,10.537392
51983009461,260,10.537330
42997465507,258,10.537319
75988896287,264,10.537301
75989875583,264,10.537296
9420258751,242,10.537257
24334428901,252,10.537251
43005073099,258,10.537243
7792465829,240,10.537212
76006508077,264,10.537204
76012620743,264,10.537170
660864461,214,10.537169
52011648187,260,10.537094
24347249671,252,10.537018
9425348731,242,10.537009
76047579301,264,10.536977
76092969751,264,10.536726
76097963801,264,10.536698
92014011139,266,10.536654
24367418941,252,10.536654
7801940891,240,10.536650
43068076537,258,10.536613
52080282559,260,10.536531
29469993523,254,10.536517
2498771369,228,10.536500
92056163827,266,10.536463
76140896857,264,10.536461
35635371353,256,10.536451
76161369923,264,10.536348
52114489447,260,10.536251
76190975603,264,10.536184
29493027997,254,10.536176
29493642331,254,10.536166
92135156713,266,10.536104
76208191537,264,10.536090
13806666023,246,10.536046
13806702347,246,10.536045
52142438317,260,10.536022
29510208253,254,10.535921
43148447351,258,10.535810
35699591357,256,10.535671
92238436753,266,10.535637
92244532069,266,10.535609
1416434939,222,10.535604
92254763827,266,10.535563
52198806529,260,10.535561
43180360109,258,10.535492
52210431517,260,10.535466
43183103701,258,10.535465
76322686343,264,10.535459
24435065773,252,10.535432
92305881559,266,10.535332
92312386843,266,10.535302
24442260581,252,10.535302
63149916023,262,10.535298
92313867697,266,10.535295
63154776431,262,10.535266
43206594721,258,10.535231
92331743587,266,10.535215
52254360097,260,10.535107
24453322451,252,10.535103
76412168363,264,10.534966
29575054351,254,10.534962
52274834467,260,10.534940
52284396079,260,10.534862
52290517879,260,10.534812
13845834953,246,10.534768
63229795463,262,10.534763
24472288849,252,10.534761
76471947547,264,10.534636
92464354363,266,10.534616
52320691117,260,10.534565
76496989687,264,10.534499
52329122899,260,10.534496
310845889,206,10.534494
35796806159,256,10.534492
63270853319,262,10.534489
24488763589,252,10.534465
76504743253,264,10.534456
92506278979,266,10.534428
76518767453,264,10.534380
76519462351,264,10.534376
92531151127,266,10.534315
63299730233,262,10.534295
43301367001,258,10.534288
52356962131,260,10.534269
13864965769,246,10.534145
24508644649,252,10.534108
7845258961,240,10.534089
7845720671,240,10.534062
29637581473,254,10.534039
24514864729,252,10.533996
92638544773,266,10.533832
7849639909,240,10.533831
29652617893,254,10.533817
1175718359,220,10.533803
76649095067,264,10.533665
20290925687,250,10.533661
43365012391,258,10.533657
35873678123,256,10.533562
29676753247,254,10.533462
43384919621,258,10.533460
43387200349,258,10.533437
43389006481,258,10.533419
92737021537,266,10.533388
24549268283,252,10.533379
43398426361,258,10.533325
76722900103,264,10.533259
76726874443,264,10.533238
76730007287,264,10.533221
63469469753,262,10.533161
92804016973,266,10.533087
20319010919,250,10.533047
13899083267,246,10.533036
76781738723,264,10.532938
35926212989,256,10.532928
52523423749,260,10.532915
24576346909,252,10.532893
76806417481,264,10.532803
16815949987,248,10.532756
24584082199,252,10.532755
63537727391,262,10.532706
63538419851,262,10.532701
20335095323,250,10.532696
24591316021,252,10.532625
43475252461,258,10.532565
29739917551,254,10.532534
76855635161,264,10.532534
76859135971,264,10.532515
76869340633,264,10.532458
76874979437,264,10.532428
3683881541,232,10.532417
76883920693,264,10.532379
92975222233,266,10.532318
63596284043,262,10.532316
24610748551,252,10.532277
52602930253,260,10.532269
76910362651,264,10.532234
13924279319,246,10.532220
63621886199,262,10.532146
43517953301,258,10.532143
93024618109,266,10.532097
52625663863,260,10.532085
43536845801,258,10.531957
13933184179,246,10.531931
29787011437,254,10.531842
24636847481,252,10.531811
7886459089,240,10.531668
24645205061,252,10.531662
63695410769,262,10.531656
43569701767,258,10.531632
77031018521,264,10.531576
43577806339,258,10.531552
13947227339,246,10.531477
43587529127,258,10.531456
43589490299,258,10.531437
24660206159,252,10.531394
77064615191,264,10.531392
36054637313,256,10.531382
63752222969,262,10.531279
43606756411,258,10.531266
43609647281,258,10.531238
29828726413,254,10.531231
7894218001,240,10.531214
13955674129,246,10.531204
63778074863,262,10.531107
93264097009,266,10.531025
29843694817,254,10.531012
93284359099,266,10.530934
93290314363,266,10.530908
11550171251,244,10.530874
77180079167,264,10.530764
52808108323,260,10.530609
43674735107,258,10.530597
77214797663,264,10.530575
63863384423,262,10.530541
36127072829,256,10.530512
36127990013,256,10.530501
16901253037,248,10.530494
63878388599,262,10.530442
52834055179,260,10.530399
43695604669,258,10.530392
457979663,210,10.530362
93435605239,266,10.530258
77276623367,264,10.530238
93451206997,266,10.530189
93452968549,266,10.530181
43721344627,258,10.530139
77296211071,264,10.530132
13994160533,246,10.529963
63956807711,262,10.529922
63981857603,262,10.529757
52914145981,260,10.529754
93572469163,266,10.529649
29939231731,254,10.529616
24762217973,252,10.529577
77398910467,264,10.529574
52945071853,260,10.529504
77412233713,264,10.529502
52951429477,260,10.529453
64031224331,262,10.529430
24773302843,252,10.529380
93636811669,266,10.529362
77446191187,264,10.529318
43807676537,258,10.529291
77457822703,264,10.529255
77478938377,264,10.529140
52998141727,260,10.529077
11598198467,244,10.528989
64103880899,262,10.528951
24802006363,252,10.528871
43857426889,258,10.528803
9595926859,242,10.528787
64133779511,262,10.528753
36276122273,256,10.528729
53046685243,260,10.528687
7937664853,240,10.528678
43874410157,258,10.528637
16971704941,248,10.528634
43877118409,258,10.528610
77577073601,264,10.528609
30011791291,254,10.528561
64164166673,262,10.528553
53083325263,260,10.528392
77636907263,264,10.528285
64205780753,262,10.528279
20538557027,250,10.528279
7945227707,240,10.528238
77646360527,264,10.528234
93891611089,266,10.528230
30034872463,254,10.528225
77652916091,264,10.528198
93899275357,266,10.528195
6572264051,238,10.528121
77670925447,264,10.528101
77689179707,264,10.528003
53133649453,260,10.527988
77704972157,264,10.527917
64261094903,262,10.527915
24856442131,252,10.527906
24856742299,252,10.527902
43954372639,258,10.527854
43970860699,258,10.527694
77747352437,264,10.527688
43973354927,258,10.527669
43977077041,258,10.527633
77781804671,264,10.527502
43991764721,258,10.527489
53201942593,260,10.527441
36387471209,256,10.527402
94101136333,266,10.527301
77843389907,264,10.527170
53235857167,260,10.527169
30109085683,254,10.527148
64380183611,262,10.527131
24901157051,252,10.527116
94144921687,266,10.527107
44037881417,258,10.527040
24906277423,252,10.527025
94186194769,266,10.526924
94212379957,266,10.526809
36440193203,256,10.526775
77937291277,264,10.526664
14097258793,246,10.526655
64462989653,262,10.526587
14100567757,246,10.526549
30150557863,254,10.526547
44094280157,258,10.526489
53329479103,260,10.526421
77992099457,264,10.526369
7977966151,240,10.526340
20631304061,250,10.526282
94332631189,266,10.526277
94335295987,266,10.526265
20633445149,250,10.526237
44121243869,258,10.526227
94344729289,266,10.526223
78022624577,264,10.526205
44126088239,258,10.526179
17066127439,248,10.526155
14114218967,246,10.526114
64538634269,262,10.526092
78055063367,264,10.526031
78057055913,264,10.526019
64551565889,262,10.526007
14120938019,246,10.525899
36516540917,256,10.525869
44158472719,258,10.525865
94452231103,266,10.525749
44171239087,258,10.525741
17085310729,248,10.525652
78125404781,264,10.525652
78127859401,264,10.525639
7991801119,240,10.525539
78152038777,264,10.525509
36554846663,256,10.525415
20675714249,250,10.525330
78200867167,264,10.525247
94614023947,266,10.525037
44260376857,258,10.524875
8003431349,240,10.524868
14154396379,246,10.524834
94665381493,266,10.524811
14155157957,246,10.524810
64739641919,262,10.524776
78291365501,264,10.524762
53537371957,260,10.524762
94677976297,266,10.524755
94685116459,266,10.524724
44278384781,258,10.524700
78326227393,264,10.524575
25046442961,252,10.524558
25048400581,252,10.524524
30292172767,254,10.524504
44303078621,258,10.524461
36637981673,256,10.524433
78354733843,264,10.524423
4530377497,234,10.524388
78368375347,264,10.524349
78383688323,264,10.524267
78385590601,264,10.524257
78386587297,264,10.524252
30309684397,254,10.524251
44336706031,258,10.524135
78411966317,264,10.524116
53621110987,260,10.524096
53626986811,260,10.524050
2563827337,228,10.523999
25080816269,252,10.523955
44355428071,258,10.523953
78452067227,264,10.523902
94878706957,266,10.523873
14189195869,246,10.523728
8023326599,240,10.523723
30348995503,254,10.523686
78505357543,264,10.523617
78508704487,264,10.523599
94961554687,266,10.523510
36716570837,256,10.523506
44403186559,258,10.523492
53699941483,260,10.523471
6638622869,238,10.523444
64951179179,262,10.523397
78548015773,264,10.523389
14200557979,246,10.523368
95008857613,266,10.523302
25118224249,252,10.523300
36734770619,256,10.523292
53722890163,260,10.523289
53727039187,260,10.523256
78573872471,264,10.523251
53759608597,260,10.522998
36760643459,256,10.522986
95084705479,266,10.522970
65023014743,262,10.522930
65025836129,262,10.522912
78638636827,264,10.522905
78646501397,264,10.522863
44468739127,258,10.522859
30407514427,254,10.522846
95114383549,266,10.522840
36774043739,256,10.522829
78659277017,264,10.522795
78673854767,264,10.522717
78674576177,264,10.522714
44491215199,258,10.522642
78696451277,264,10.522597
30427612981,254,10.522558
65083631939,262,10.522537
95187152509,266,10.522522
78713603377,264,10.522506
65092882271,262,10.522477
4548807821,234,10.522467
95210724769,266,10.522419
44525542729,258,10.522311
1759235311,224,10.522288
36821715479,256,10.522269
53853171277,260,10.522257
95251706239,266,10.522240
95260211509,266,10.522202
44543781017,258,10.522135
78799125211,264,10.522050
95333792773,266,10.521881
44570996011,258,10.521873
823242359,216,10.521824
17233439467,248,10.521797
53919186283,260,10.521735
53919780931,260,10.521730
65214097631,262,10.521690
8058967381,240,10.521677
78870311363,264,10.521671
78890829287,264,10.521563
78897566191,264,10.521526
78898329877,264,10.521523
44607574327,258,10.521521
53957604871,260,10.521432
2577997451,228,10.521323
25237633279,252,10.521217
11798577767,244,10.521212
1457908913,222,10.521193
44648589499,258,10.521127
78973201687,264,10.521125
95509069657,266,10.521117
4561865263,234,10.521111
95515134223,266,10.521091
54007992139,260,10.521035
95539470967,266,10.520985
3773514623,232,10.520935
25255650811,252,10.520904
8072873519,240,10.520883
95567956807,266,10.520861
44679233327,258,10.520832
25260154883,252,10.520825
44680752967,258,10.520818
95578102903,266,10.520816
44686961477,258,10.520758
44688667321,258,10.520741
30556878493,254,10.520711
20896187813,250,10.520631
95624190373,266,10.520616
4567846757,234,10.520491
79114400467,264,10.520376
44727126511,258,10.520372
54093031381,260,10.520365
44730738697,258,10.520338
95688428659,266,10.520336
4570685597,234,10.520197
11825302163,244,10.520185
20924072843,250,10.520041
17302827379,248,10.520004
30606628711,254,10.520001
30607872793,254,10.519984
79198663441,264,10.519930
54149692117,260,10.519919
30615584347,254,10.519875
79214261197,264,10.519847
20933657903,250,10.519838
65506809089,262,10.519798
14314388897,246,10.519774
9787358611,242,10.519746
14321612477,246,10.519547
79272141007,264,10.519541
44814172211,258,10.519539
95881424293,266,10.519498
3129712483,230,10.519476
95888847013,266,10.519465
44821814671,258,10.519465
95889694987,266,10.519462
37062811259,256,10.519447
54216930487,260,10.519391
79302114637,264,10.519382
79312801457,264,10.519326
95939256823,266,10.519247
30661693081,254,10.519218
25360687169,252,10.519081
14336685823,246,10.519074
79374202637,264,10.519001
65636971769,262,10.518960
65638054841,262,10.518953
79388022137,264,10.518929
37115043629,256,10.518838
79409922157,264,10.518813
25376367209,252,10.518809
30690929407,254,10.518804
44892503267,258,10.518789
25377605291,252,10.518788
1465001411,222,10.518774
54300062413,260,10.518740
79428934307,264,10.518713
79451337193,264,10.518595
96091625029,266,10.518587
79454171171,264,10.518579
79475070097,264,10.518469
37147432079,256,10.518461
65714730821,262,10.518460
20999424749,250,10.518450
96128034547,266,10.518430
54351299707,260,10.518338
25404025541,252,10.518332
79508687257,264,10.518292
4589964103,234,10.518207
96186367099,266,10.518177
79530636907,264,10.518176
17374514347,248,10.518159
14365932293,246,10.518158
8121006979,240,10.518141
8121323663,240,10.518124
21017615789,250,10.518066
79554950551,264,10.518048
54391360603,260,10.518024
65791291343,262,10.517968
17387121091,248,10.517836
96270871813,266,10.517812
25434188413,252,10.517810
44998927067,258,10.517775
45003308579,258,10.517733
96298729927,266,10.517692
45008752517,258,10.517681
79637665123,264,10.517612
79641681367,264,10.517591
79654983937,264,10.517522
45036891071,258,10.517413
79677794851,264,10.517402
96370548613,266,10.517382
79682698297,264,10.517376
25463634853,252,10.517303
45048937049,258,10.517298
21054225509,250,10.517297
9840233041,242,10.517282
96397034893,266,10.517267
54488924851,260,10.517262
79713864337,264,10.517212
65917968491,262,10.517157
25473602359,252,10.517131
79729493707,264,10.517130
21062573447,250,10.517121
2150117999,226,10.517112
54509830549,260,10.517098
6729907241,238,10.517093
8139906737,240,10.517070
45073970261,258,10.517060
45078613379,258,10.517015
65940541661,262,10.517012
45080138869,258,10.517001
21068935799,250,10.516988
14404277417,246,10.516959
96475022167,266,10.516931
37282523363,256,10.516892
14409330289,246,10.516802
37292703527,256,10.516775
54568219759,260,10.516644
79843966841,264,10.516529
4606332187,234,10.516524
66039289913,262,10.516380
9860462743,242,10.516344
4608467387,234,10.516305
96624481123,266,10.516287
54615476359,260,10.516275
96634169899,266,10.516246
66063726479,262,10.516224
11929327127,244,10.516214
45168048817,258,10.516166
45169760011,258,10.516150
45176593541,258,10.516085
37352820797,256,10.516079
66112309463,262,10.515914
66119057603,262,10.515870
25547068171,252,10.515866
25548842873,252,10.515836
96749059819,266,10.515752
17471088577,248,10.515687
54701890333,260,10.515603
45231789067,258,10.515562
25565517539,252,10.515550
11947555247,244,10.515522
54724951339,260,10.515424
17481454411,248,10.515423
14454297349,246,10.515401
66199348979,262,10.515358
25577280991,252,10.515347
45262858937,258,10.515267
96883772509,266,10.515173
80105672447,264,10.515158
80109069233,264,10.515141
66239275733,262,10.515104
54771354661,260,10.515063
80126121343,264,10.515051
80126845303,264,10.515047
54777764359,260,10.515013
96921412303,266,10.515012
96930783463,266,10.514972
80141707937,264,10.514970
11962194473,244,10.514968
80147049833,264,10.514942
25602650669,252,10.514913
45303613489,258,10.514882
30968879401,254,10.514877
25606427179,252,10.514848
45314149337,258,10.514782
21174684269,250,10.514773
45319657477,258,10.514730
80188364407,264,10.514726
66304754639,262,10.514687
80196368717,264,10.514685
66310592609,262,10.514649
6765804641,238,10.514622
3823813703,232,10.514621
80210472451,264,10.514610
21185270957,250,10.514552
45347978569,258,10.514462
54850903573,260,10.514445
3162827869,230,10.514415
31002509557,254,10.514405
1010413249,218,10.514321
97102469239,266,10.514236
25643941903,252,10.514206
97121183983,266,10.514156
45382846667,258,10.514132
21207914177,250,10.514079
80330019181,264,10.513987
25658146453,252,10.513963
80338802023,264,10.513941
25664576671,252,10.513853
25668450679,252,10.513787
14506873807,246,10.513769
97212043153,266,10.513767
31051041817,254,10.513724
14511206287,246,10.513635
80404866037,264,10.513597
80408106433,264,10.513580
80411469403,264,10.513562
80417613863,264,10.513531
80418767951,264,10.513525
37575681743,256,10.513510
97293079693,266,10.513421
97293296467,266,10.513420
66507016091,262,10.513402
80442993577,264,10.513398
45465547397,258,10.513353
45474514171,258,10.513268
55006320583,260,10.513243
45477913279,258,10.513236
12008722751,244,10.513208
12008991257,244,10.513199
97357968667,266,10.513144
14527343477,246,10.513136
55023209959,260,10.513112
80502206777,264,10.513090
3836140751,232,10.513087
80506168661,264,10.513070
80508239363,264,10.513059
97382568079,266,10.513039
80531101933,264,10.512940
55047692893,260,10.512923
80556749813,264,10.512807
97440489397,266,10.512792
45545572339,258,10.512600
80597093597,264,10.512597
25738890431,252,10.512585
55091946853,260,10.512582
45547831127,258,10.512578
55094911423,260,10.512559
97502374759,266,10.512528
80612381237,264,10.512518
66654951431,262,10.512465
80624002301,264,10.512458
693215021,214,10.512432
31143658087,254,10.512428
97555188067,266,10.512303
31152959821,254,10.512299
80656718167,264,10.512288
66685892891,262,10.512269
12034772093,244,10.512227
80690262053,264,10.512114
21302723831,250,10.512108
45603955409,258,10.512051
55165448623,260,10.512015
80710373767,264,10.512010
25774422283,252,10.511980
45613561211,258,10.511961
80740550207,264,10.511853
14569465549,246,10.511835
31197560143,254,10.511676
31200076807,254,10.511642
45651329497,258,10.511606
9963458623,242,10.511598
6811632287,238,10.511486
3182293327,230,10.511466
55237937323,260,10.511456
66816602141,262,10.511443
97758509857,266,10.511438
55244428957,260,10.511407
17640339397,248,10.511390
55247999467,260,10.511379
66828946463,262,10.511365
31220040487,254,10.511363
21339447683,250,10.511346
97781753827,266,10.511339
80840719117,264,10.511334
80851140841,264,10.511280
97799046703,266,10.511266
45690012679,258,10.511244
45691259171,258,10.511231
66853203803,262,10.511212
45700356857,258,10.511147
80887304551,264,10.511093
97842772903,266,10.511081
45710547761,258,10.511051
6818113481,238,10.511045
37791396443,256,10.511039
97852711669,266,10.511038
66899150663,262,10.510922
45725675881,258,10.510909
97889290927,266,10.510883
31259333041,254,10.510816
2634465671,228,10.510814
21366503117,250,10.510786
25844794961,252,10.510784
80952424073,264,10.510756
80963212807,264,10.510700
21370785767,250,10.510697
80973406097,264,10.510648
97956749263,266,10.510597
1801655143,224,10.510525
81015023627,264,10.510432
8259581887,240,10.510347
37852148003,256,10.510345
25870752119,252,10.510345
98027875423,266,10.510296
25876217491,252,10.510252
98050511677,266,10.510200
25879727009,252,10.510192
25880437741,252,10.510180
17694510391,248,10.510024
98104965943,266,10.509969
45827673659,258,10.509955
81130171571,264,10.509838
98139688789,266,10.509822
55451727553,260,10.509815
31337031223,254,10.509736
45851699497,258,10.509731
67088698811,262,10.509729
21423668741,250,10.509605
12104680331,244,10.509604
67109735951,262,10.509597
5654745847,236,10.509553
81186388567,264,10.509548
81186855983,264,10.509546
98211542323,266,10.509519
55491890359,260,10.509508
14645283643,246,10.509504
81207791741,264,10.509439
55501216567,260,10.509437
67144821353,262,10.509377
45897790501,258,10.509301
25938047129,252,10.509206
25938192463,252,10.509203
4678586873,234,10.509173
55536483253,260,10.509167
81260856091,264,10.509165
37957368893,256,10.509148
81272520661,264,10.509105
4679944553,234,10.509036
81290816863,264,10.509010
67209913973,262,10.508968
98351628607,266,10.508926
37978563083,256,10.508907
4681285783,234,10.508901
81319249997,264,10.508864
67227569093,262,10.508858
81321908903,264,10.508851
67229132039,262,10.508848
55578255613,260,10.508847
55579485271,260,10.508838
31403805847,254,10.508811
67237632443,262,10.508795
98386483597,266,10.508780
55599022357,260,10.508689
98412245983,266,10.508671
45965424481,258,10.508671
45969137561,258,10.508636
98439036217,266,10.508557
81412001141,264,10.508388
98484580627,266,10.508366
67307372939,262,10.508358
46001376671,258,10.508336
67311712229,262,10.508330
46007977657,258,10.508274
81443500097,264,10.508225
81450991771,264,10.508187
98527845943,266,10.508183
14689341967,246,10.508156
46037648597,258,10.507998
98581782493,266,10.507957
98584253329,266,10.507946
21507143477,250,10.507888
46049976781,258,10.507884
67388346899,262,10.507851
98612789239,266,10.507826
67400235641,262,10.507776
67404461459,262,10.507751
67409099699,262,10.507721
55732346497,260,10.507671
98663428273,266,10.507612
98670703477,266,10.507582
67441610921,262,10.507518
38110792007,256,10.507408
46103188421,258,10.507390
12165415853,244,10.507339
98741085589,266,10.507286
81634942097,264,10.507244
46120031521,258,10.507234
46123492901,258,10.507201
55795342333,260,10.507192
14721036769,246,10.507188
5683690489,236,10.507164
10061146189,242,10.507145
55808569471,260,10.507092
46137013127,258,10.507076
31529698231,254,10.507071
81679302821,264,10.507017
67526963981,262,10.506985
67536174593,262,10.506927
55833730987,260,10.506900
55836555763,260,10.506878
81707572477,264,10.506872
46160996807,258,10.506853
98859927337,266,10.506786
38166395087,256,10.506780
81725777953,264,10.506779
98867842519,266,10.506753
98868518863,266,10.506750
26084900003,252,10.506732
31557001027,254,10.506695
55869660643,260,10.506626
98906646193,266,10.506591
81780398767,264,10.506499
98948580673,266,10.506414
270791707,204,10.506333
67635576839,262,10.506308
2659331989,228,10.506264
31589290933,254,10.506250
46226251909,258,10.506249
14756134949,246,10.506120
55936364899,260,10.506120
396464891,208,10.506060
31603351123,254,10.506058
14758802789,246,10.506039
46250656981,258,10.506023
81886637771,264,10.505957
81898105043,264,10.505898
81900629423,264,10.505885
46272229951,258,10.505824
8341218313,240,10.505822
67719285143,262,10.505787
38267975159,256,10.505633
99138823327,266,10.505618
81954284453,264,10.505611
46298234291,258,10.505584
99165218479,266,10.505507
21624753581,250,10.505480
21627004787,250,10.505434
31650118693,254,10.505415
46317004361,258,10.505410
81998148277,264,10.505387
82010242631,264,10.505326
26170649641,252,10.505295
31666368457,254,10.505192
67820282291,262,10.505159
480429011,210,10.505153
67842104453,262,10.505023
82090491337,264,10.504917
99344185873,266,10.504759
1029741397,218,10.504722
67900387403,262,10.504662
31709197783,254,10.504604
46407256079,258,10.504578
31711994731,254,10.504566
8364839209,240,10.504522
82176016981,264,10.504482
82176416897,264,10.504480
82210754497,264,10.504305
67962117131,262,10.504279
82223702623,264,10.504239
82227105193,264,10.504222
82234592257,264,10.504184
82256690597,264,10.504072
82257437921,264,10.504068
99533275669,266,10.503970
26251311431,252,10.503947
46478860871,258,10.503918
82315126207,264,10.503775
12262847837,244,10.503732
26274836321,252,10.503554
46518959581,258,10.503550
26277631903,252,10.503509
68099320781,262,10.503429
99690415603,266,10.503316
56311908007,260,10.503280
82413450037,264,10.503276
31809327481,254,10.503235
31816876921,254,10.503132
56338022137,260,10.503083
82458603011,264,10.503047
46578594809,258,10.503001
68171345573,262,10.502985
82478166007,264,10.502948
99794965339,266,10.502881
56365464643,260,10.502876
82517004467,264,10.502751
26324252189,252,10.502732
21760355213,250,10.502721
82526527397,264,10.502704
82539309227,264,10.502639
21764903213,250,10.502628
82543059337,264,10.502620
82548398327,264,10.502593
99868920589,266,10.502574
38541562097,256,10.502563
12295478297,244,10.502530
68245422653,262,10.502527
68251406759,262,10.502490
99899110609,266,10.502449
82576684063,264,10.502449
99902362393,266,10.502436
21774588653,250,10.502433
5741666059,236,10.502419
46643828939,258,10.502403
82594406591,264,10.502359
46651250231,258,10.502335
99929414863,266,10.502323
46653043837,258,10.502318
82616666983,264,10.502247
99956577247,266,10.502211
21789501023,250,10.502131
99978671959,266,10.502119
82662538507,264,10.502015
82679484691,264,10.501929
46706125979,258,10.501832
31913267803,254,10.501819
18029066221,248,10.501688
68386482341,262,10.501658
18030448741,248,10.501654
68392633709,262,10.501620
82744571423,264,10.501601
82752017693,264,10.501563
82755140177,264,10.501548
14907809219,246,10.501534
38636377883,256,10.501504
82770856057,264,10.501469
46753803919,258,10.501396
46760486629,258,10.501335
46768265639,258,10.501265
31954392541,254,10.501259
56586131611,260,10.501219
3933306233,232,10.501184
5757198457,236,10.501156
14920460089,246,10.501153
82840914437,264,10.501115
56608279219,260,10.501053
82870566377,264,10.500965
56636641231,260,10.500841
82927936951,264,10.500676
26448199241,252,10.500676
38715075527,256,10.500628
46839127669,258,10.500617
46839422221,258,10.500614
4764442577,234,10.500597
56669387917,260,10.500596
32003482657,254,10.500593
56677032703,260,10.500539
56679001381,260,10.500524
12352339781,244,10.500444
18083804521,248,10.500340
83013900083,264,10.500243
68619249509,262,10.500228
46885581619,258,10.500194
38759462237,256,10.500134
68637060623,262,10.500119
32038864021,254,10.500113
14955931337,246,10.500089
56746283071,260,10.500021
83064074407,264,10.499991
46911851891,258,10.499954
21901633673,250,10.499866
21902655107,250,10.499846
5774032237,236,10.499792
56806963861,260,10.499567
46959391559,258,10.499521
3947606423,232,10.499459
4776385961,234,10.499418
46972385269,258,10.499403
83193358207,264,10.499342
83195766893,264,10.499330
46982704577,258,10.499310
21933425867,250,10.499227
46999213511,258,10.499159
26541877291,252,10.499129
14990749619,246,10.499046
83264586941,264,10.498984
8466343231,240,10.498980
83281288201,264,10.498900
47035918477,258,10.498825
83296726003,264,10.498823
3953081183,232,10.498801
83302008107,264,10.498796
83310570641,264,10.498754
32141190481,254,10.498729
47054466449,258,10.498657
12402046721,244,10.498631
56939737357,260,10.498578
83351345401,264,10.498549
68906480939,262,10.498470
83371511827,264,10.498448
56962229323,260,10.498410
332460277,206,10.498404
47095359601,258,10.498286
47100942011,258,10.498236
38940578363,256,10.498127
38941385009,256,10.498117
83443194941,264,10.498090
26605747009,252,10.498078
10263600691,242,10.498064
47123302531,258,10.498033
15026813513,246,10.497970
57027863731,260,10.497922
47137999921,258,10.497899
12422157521,244,10.497898
83485609577,264,10.497878
83486071351,264,10.497875
47147388439,258,10.497814
38970229163,256,10.497799
57048985549,260,10.497766
2237004557,226,10.497760
32220353773,254,10.497662
83539511633,264,10.497608
83591512421,264,10.497349
32244372373,254,10.497338
69123259559,262,10.497149
47223864577,258,10.497122
47236125949,258,10.497011
69156345449,262,10.496948
83677801223,264,10.496918
26677156943,252,10.496906
47250131447,258,10.496884
39063139589,256,10.496774
7031616497,238,10.496751
69195379049,262,10.496711
83720452103,264,10.496705
8508941999,240,10.496675
83729961457,264,10.496657
26699494741,252,10.496540
47291909191,258,10.496507
18242756041,248,10.496450
57227407051,260,10.496442
69246072011,262,10.496403
83788218721,264,10.496367
39106061123,256,10.496302
39119540897,256,10.496153
83833512431,264,10.496142
69289732439,262,10.496138
12473385887,244,10.496039
47344930001,258,10.496029
26733003433,252,10.495992
10310684749,242,10.495980
32346994711,254,10.495960
83873301887,264,10.495944
83875614223,264,10.495933
69335314151,262,10.495861
83901448663,264,10.495804
26745942031,252,10.495780
83912846161,264,10.495748
8527736137,240,10.495662
39167400677,256,10.495627
2718771929,228,10.495572
83968371463,264,10.495471
15111780179,246,10.495444
39188546039,256,10.495395
83988839423,264,10.495370
47418410159,258,10.495366
8533503469,240,10.495352
57375674113,260,10.495345
57379684597,260,10.495316
18289436701,248,10.495316
26778192439,252,10.495254
2721092639,228,10.495160
84051072251,264,10.495061
84076508573,264,10.494934
84089155217,264,10.494871
1050292939,218,10.494728
26815032469,252,10.494653
4825150493,234,10.494635
84137152087,264,10.494634
57475219933,260,10.494611
69545827919,262,10.494587
84148729277,264,10.494576
57483042241,260,10.494554
47524133281,258,10.494415
22174599959,250,10.494407
57514558159,260,10.494321
26837054983,252,10.494294
39292034069,256,10.494260
84234457217,264,10.494151
84235779137,264,10.494144
84237916181,264,10.494134
57550725907,260,10.494055
69638533871,262,10.494027
15159815659,246,10.494023
84262889561,264,10.494011
84264395497,264,10.494003
69653724599,262,10.493935
22200565223,250,10.493892
39328647923,256,10.493859
47588316851,258,10.493839
1540441291,222,10.493807
84304242697,264,10.493806
32508645601,254,10.493798
57586862569,260,10.493789
26868553291,252,10.493781
47620564127,258,10.493550
8568013303,240,10.493500
22224863231,250,10.493409
8570210177,240,10.493382
57653378143,260,10.493300
84439560691,264,10.493137
4000823549,232,10.493101
84446722583,264,10.493101
26912615539,252,10.493066
12559294283,244,10.492942
84479795431,264,10.492938
57705436423,260,10.492918
8579356567,240,10.492893
84520528513,264,10.492737
69853428341,262,10.492732
32589160987,254,10.492726
15209340737,246,10.492564
26944168963,252,10.492554
47732241511,258,10.492551
84563923007,264,10.492523
84564731497,264,10.492519
69895534409,262,10.492478
39455906183,256,10.492470
57796657291,260,10.492249
15220195673,246,10.492245
12583311641,244,10.492080
8594811457,240,10.492067
84667546247,264,10.492013
22300907861,250,10.491905
18430732357,248,10.491899
69993647411,262,10.491889
39513683603,256,10.491840
57862031791,260,10.491771
84726652243,264,10.491721
84744523931,264,10.491633
84753764033,264,10.491589
27003885091,252,10.491587
84762709907,264,10.491544
32684876431,254,10.491455
27014834443,252,10.491409
84793402073,264,10.491393
84798247243,264,10.491369
70084905701,262,10.491342
84812672381,264,10.491299
7116885749,238,10.491174
84873815951,264,10.490998
2745268121,228,10.490889
84897854243,264,10.490880
70168211741,262,10.490843
47932496609,258,10.490765
47937623759,258,10.490719
39617119823,256,10.490717
84932978701,264,10.490707
32747796637,254,10.490622
4866665963,234,10.490603
84958652641,264,10.490582
70216417223,262,10.490555
32759378341,254,10.490469
84984247967,264,10.490456
47970305701,258,10.490428
84993090661,264,10.490413
84997628663,264,10.490391
85003003651,264,10.490364
27081381979,252,10.490335
85010489917,264,10.490327
58062631321,260,10.490306
32776630963,254,10.490240
12634991813,244,10.490231
85030724813,264,10.490228
723779363,214,10.490198
47998403969,258,10.490178
48016000687,258,10.490023
27101127919,252,10.490017
85075112713,264,10.490010
58107546481,260,10.489978
58107803707,260,10.489976
58118664517,260,10.489898
70330241183,262,10.489874
85106769211,264,10.489856
27115081561,252,10.489792
85125288607,264,10.489765
18520629691,248,10.489739
85133308613,264,10.489725
18522602407,248,10.489692
70375643183,262,10.489603
18530116861,248,10.489512
70403156093,262,10.489439
58183025029,260,10.489429
48093243229,258,10.489337
85212898003,264,10.489336
85216449583,264,10.489319
85218818911,264,10.489307
27145329763,252,10.489305
85224673151,264,10.489279
48102331547,258,10.489256
39759097967,256,10.489179
18545395681,248,10.489146
48117921301,258,10.489118
39769339193,256,10.489068
27167224519,252,10.488953
27169660643,252,10.488914
58257544897,260,10.488887
85311569363,264,10.488853
48149884639,258,10.488834
70511655353,262,10.488792
15343697833,246,10.488629
878508089,216,10.488626
4887395507,234,10.488605
5914231549,236,10.488596
85369697591,264,10.488570
70564155743,262,10.488480
39824082299,256,10.488477
22479871637,250,10.488387
15352977517,246,10.488358
85421124463,264,10.488319
85422211627,264,10.488314
27207298241,252,10.488310
85426965973,264,10.488291
85428455447,264,10.488283
22485627221,250,10.488275
48215967011,258,10.488250
85456571273,264,10.488146
85468264991,264,10.488089
32940415327,254,10.488081
85471129453,264,10.488075
22496218583,250,10.488068
85477152191,264,10.488046
10495176919,242,10.487912
27234108541,252,10.487880
15369650117,246,10.487873
58400579659,260,10.487850
85522397657,264,10.487825
85525777273,264,10.487809
85533369443,264,10.487772
58415544571,260,10.487741
1288938557,220,10.487635
85564842817,264,10.487618
70709617283,262,10.487615
85573855123,264,10.487575
48300846127,258,10.487500
27257832149,252,10.487499
58458102643,260,10.487433
48310371959,258,10.487416
27268486723,252,10.487329
18622185919,248,10.487313
48324641419,258,10.487290
18625711399,248,10.487229
48333768551,258,10.487209
8686464469,240,10.487205
22540708367,250,10.487198
58499667973,260,10.487133
58505840179,260,10.487088
85676110321,264,10.487077
70800981509,262,10.487073
85684537417,264,10.487036
33020880163,254,10.487025
58517750227,260,10.487001
85694553163,264,10.486987
48368146951,258,10.486907
2768633597,228,10.486799
58547920297,260,10.486784
18646090951,248,10.486745
58558809313,260,10.486705
15411332647,246,10.486663
48399275731,258,10.486632
85788556921,264,10.486530
70893206609,262,10.486526
33063492601,254,10.486466
70943311559,262,10.486230
27341482523,252,10.486162
85866041201,264,10.486155
27342460063,252,10.486147
58641682927,260,10.486107
8708084771,240,10.486065
85887715553,264,10.486050
58651911511,260,10.486033
85939969207,264,10.485796
71032484951,262,10.485703
18691913629,248,10.485657
18693112717,248,10.485628
33131694643,254,10.485575
27382103909,252,10.485515
5953701007,236,10.485497
86006002711,264,10.485476
86017382567,264,10.485421
86030135717,264,10.485359
86032355411,264,10.485349
86035464733,264,10.485333
86043097597,264,10.485297
12775717421,244,10.485238
33163930771,254,10.485153
86080918813,264,10.485114
86110583707,264,10.484970
48591743371,258,10.484941
71162234579,262,10.484937
10564226839,242,10.484933
27420516169,252,10.484903
58809429361,260,10.484900
4926154601,234,10.484893
71171822411,262,10.484880
40163115953,256,10.484836
58823754709,260,10.484797
5963641267,236,10.484719
15478797077,246,10.484711
58839745897,260,10.484681
86172654401,264,10.484671
48625310557,258,10.484647
15482880697,246,10.484592
22678180871,250,10.484524
48642895627,258,10.484492
12797896703,244,10.484456
71257370861,262,10.484377
40207617977,256,10.484360
27459232769,252,10.484287
22692381119,250,10.484248
40227015743,256,10.484153
86294755277,264,10.484080
71310991151,262,10.484061
40237980917,256,10.484036
22704181091,250,10.484020
86324274163,264,10.483938
33258773101,254,10.483917
58949715127,260,10.483891
48716285489,258,10.483850
86347379947,264,10.483827
58959488839,260,10.483822
71355940109,262,10.483797
48722816447,258,10.483793
15510874139,246,10.483786
8753721773,240,10.483671
10594259791,242,10.483644
86395433503,264,10.483595
86411761547,264,10.483517
27511919249,252,10.483451
86426386663,264,10.483446
71420035601,262,10.483420
33298476667,254,10.483401
71433947801,262,10.483338
86455940647,264,10.483304
86486969971,264,10.483154
59055520747,260,10.483134
12835898357,244,10.483121
59064312613,260,10.483071
86507570603,264,10.483055
86524380197,264,10.482974
59080841161,260,10.482953
48821232191,258,10.482934
86561575757,264,10.482796
59105370043,260,10.482778
86567785111,264,10.482765
8772579313,240,10.482685
48852502351,258,10.482661
71552101139,262,10.482645
27569677229,252,10.482537
86624183447,264,10.482494
342517033,206,10.482484
27576128521,252,10.482435
86650540703,264,10.482368
27581988713,252,10.482342
27593089651,252,10.482166
33402715273,254,10.482049
59236893187,260,10.481838
86771028623,264,10.481790
40449377327,256,10.481787
71705128091,262,10.481750
59258414869,260,10.481685
33434933131,254,10.481632
71735750549,262,10.481570
27632840369,252,10.481539
40479218027,256,10.481470
86845387861,264,10.481433
27643410901,252,10.481372
49002196547,258,10.481358
86881956727,264,10.481258
59321135143,260,10.481237
15599697427,246,10.481235
33466229917,254,10.481228
59329670689,260,10.481176
22854200783,250,10.481125
22855327139,250,10.481104
71817731411,262,10.481091
18887226901,248,10.481050
40521825269,256,10.481019
8805268279,240,10.480983
71837790113,262,10.480974
49048149721,258,10.480959
49048867919,258,10.480952
49056823511,258,10.480884
86961616463,264,10.480877
86969740883,264,10.480838
6013718629,236,10.480826
27680126119,252,10.480794
49069385461,258,10.480775
40547750393,256,10.480744
86994035827,264,10.480721
71884688633,262,10.480700
49089140521,258,10.480603
2804566969,228,10.480583
49091555021,258,10.480582
71907111779,262,10.480570
7282403279,238,10.480553
416047349,208,10.480538
71920424423,262,10.480492
71923037951,262,10.480477
27701848873,252,10.480452
27703739501,252,10.480422
12913881713,244,10.480393
8817303641,240,10.480357
87085695283,264,10.480284
18922201027,248,10.480230
71972317331,262,10.480189
1916761783,224,10.480070
27726246671,252,10.480068
49154785387,258,10.480034
40618867409,256,10.479993
87147288287,264,10.479989
59506950067,260,10.479916
49170649259,258,10.479897
59513566381,260,10.479869
87176209693,264,10.479851
87177769841,264,10.479844
22923218231,250,10.479800
87187201303,264,10.479798
87195448507,264,10.479759
27747208963,252,10.479738
87203398187,264,10.479721
72055634669,262,10.479705
87207254207,264,10.479703
72064685939,262,10.479652
72066933839,262,10.479639
72073123049,262,10.479603
87261681193,264,10.479444
27769277741,252,10.479392
87294778973,264,10.479286
27777979211,252,10.479256
87309375463,264,10.479217
87310511681,264,10.479211
3404084857,230,10.479199
27782461963,252,10.479185
894963029,216,10.479183
87317681777,264,10.479177
49254866047,258,10.479169
22956775109,250,10.479157
22959141041,250,10.479113
12951226487,244,10.479094
27788399281,252,10.479093
22967471993,250,10.478953
27806359069,252,10.478810
87395361593,264,10.478806
87396641291,264,10.478801
40732264337,256,10.478797
72211887221,262,10.478797
87406106131,264,10.478756
59672301229,260,10.478745
59676183163,260,10.478717
59680055209,260,10.478689
8849520737,240,10.478689
18988436317,248,10.478683
72254288549,262,10.478551
72257701553,262,10.478531
87454896911,264,10.478523
59706324061,260,10.478503
33679125427,254,10.478485
87470082793,264,10.478452
27830826893,252,10.478428
2327794439,226,10.478395
10718791891,242,10.478338
23001357257,250,10.478306
15703084219,246,10.478286
87507914591,264,10.478271
59746624807,260,10.478218
72313741343,262,10.478206
33701179861,254,10.478203
87524185433,264,10.478194
15709511407,246,10.478103
72338220323,262,10.478065
59770649311,260,10.478048
87562349687,264,10.478013
33719195677,254,10.477972
87575863517,264,10.477949
49396990561,258,10.477942
59790593323,260,10.477908
59794400353,260,10.477880
87601701443,264,10.477826
59822514967,260,10.477682
72409663961,262,10.477651
23035751267,250,10.477650
27883050043,252,10.477611
27885029321,252,10.477580
87659804681,264,10.477551
49445297921,258,10.477527
59848057261,260,10.477502
33757991737,254,10.477474
87679793293,264,10.477455
7332792539,238,10.477371
87699956471,264,10.477360
15735918967,246,10.477353
613167979,212,10.477337
87722252173,264,10.477254
49477698587,258,10.477247
87728836271,264,10.477223
59890046191,260,10.477206
59896984879,260,10.477158
33786009211,254,10.477116
15745287533,246,10.477088
23067197759,250,10.477051
19060443421,248,10.477008
59922322549,260,10.476978
72531494183,262,10.476946
59930374927,260,10.476922
59933310589,260,10.476901
87824187881,264,10.476771
72569876261,262,10.476725
15760730129,246,10.476650
27945778681,252,10.476632
23094073547,250,10.476540
23094450917,250,10.476532
59986923463,260,10.476523
72609066191,262,10.476499
15767551693,246,10.476458
72619597643,262,10.476438
7348068989,238,10.476411
40963031537,256,10.476374
87917833271,264,10.476328
49587178981,258,10.476307
87941315513,264,10.476217
49601849837,258,10.476181
19096198591,248,10.476178
60037374871,260,10.476169
87957457303,264,10.476141
27981237169,252,10.476080
60050644411,260,10.476075
27984845561,252,10.476024
60058382227,260,10.476021
19103314969,248,10.476013
15784168003,246,10.475987
87991876501,264,10.475978
23124142787,250,10.475968
60069246157,260,10.475945
88016539411,264,10.475862
33890267233,254,10.475784
88033979321,264,10.475780
41025575699,256,10.475719
60102758623,260,10.475709
60118394443,260,10.475599
60146900389,260,10.475400
60148474999,260,10.475389
49695725917,258,10.475377
88136476733,264,10.475296
60165736171,260,10.475267
49711657271,258,10.475241
60170147041,260,10.475237
4154843921,232,10.475204
49722526019,258,10.475148
60185575783,260,10.475128
8919485719,240,10.475087
49735680271,258,10.475036
88193970757,264,10.475025
6089680249,236,10.474987
72874950383,262,10.474968
4157060729,232,10.474952
60222263791,260,10.474871
60229734079,260,10.474818
23184977687,250,10.474814
88260515081,264,10.474711
509188319,210,10.474689
33977041453,254,10.474680
88270619627,264,10.474664
28073531399,252,10.474646
49782247897,258,10.474637
72933022763,262,10.474634
15833001413,246,10.474609
28079199199,252,10.474558
28080846853,252,10.474532
88299131351,264,10.474529
41140842143,256,10.474517
28093459543,252,10.474337
23214409343,250,10.474258
28099074209,252,10.474250
34011945367,254,10.474236
88368966571,264,10.474201
41172522527,256,10.474187
60320964427,260,10.474180
88375789057,264,10.474169
73020832541,262,10.474130
19184996839,248,10.474126
60330736069,260,10.474112
88402631143,264,10.474043
60344033077,260,10.474019
28114033219,252,10.474018
88410039041,264,10.474008
10821667993,242,10.474007
49859638817,258,10.473977
88431746917,264,10.473906
88441769681,264,10.473859
88444475263,264,10.473846
60387510853,260,10.473715
7391483621,238,10.473695
904771453,216,10.473645
88491069367,264,10.473627
88491718687,264,10.473624
60401980627,260,10.473614
88509730493,264,10.473539
49915345897,258,10.473502
60419780479,260,10.473490
88523396531,264,10.473475
88525851647,264,10.473464
88532679197,264,10.473432
49932161689,258,10.473359
73156695701,262,10.473351
2847095177,228,10.473337
28158181453,252,10.473335
88556318677,264,10.473321
28161061879,252,10.473290
13120408247,244,10.473256
60457268563,260,10.473228
34097074717,254,10.473157
88637386847,264,10.472940
49983619381,258,10.472921
1606859951,222,10.472910
28188515461,252,10.472866
49993339481,258,10.472838
28190481533,252,10.472836
73252345079,262,10.472805
49997595511,258,10.472802
88676054293,264,10.472759
60539916397,260,10.472651
50023227619,258,10.472584
34143043147,254,10.472575
34143705571,254,10.472567
41330718617,256,10.472544
50030538931,258,10.472522
73306619471,262,10.472495
50037754279,258,10.472461
2356616693,226,10.472421
15911886217,246,10.472393
88762723771,264,10.472354
34161376033,254,10.472343
88767696107,264,10.472330
41367817679,256,10.472159
50086675081,258,10.472045
60648193237,260,10.471898
50107103209,258,10.471872
28255186423,252,10.471838
34209812983,254,10.471731
15942694679,246,10.471531
13172208437,244,10.471485
28282948381,252,10.471411
13176965051,244,10.471323
23371369013,250,10.471302
89002526677,264,10.471233
89005887613,264,10.471217
50191491547,258,10.471157
73546888529,262,10.471125
89055149921,264,10.470987
50218236709,258,10.470930
60787709797,260,10.470928
89091026681,264,10.470820
23397810503,250,10.470806
50234101051,258,10.470797
23399572841,250,10.470773
73611344561,262,10.470758
28328724563,252,10.470707
1953786391,224,10.470697
60838188409,260,10.470578
73649656781,262,10.470541
41536762583,256,10.470414
60865940413,260,10.470387
89194092187,264,10.470340
28355781551,252,10.470292
19352719999,248,10.470276
89219435407,264,10.470222
73708913543,262,10.470204
23433051767,250,10.470146
73739721299,262,10.470030
89267569901,264,10.469998
89273228467,264,10.469972
23442614513,250,10.469967
50333263891,258,10.469958
9020607161,240,10.469935
73777323839,262,10.469816
50358540821,258,10.469745
28392854999,252,10.469724
89329271147,264,10.469711
89343299261,264,10.469646
50375948611,258,10.469598
89362068823,264,10.469559
16015252453,246,10.469507
89375259641,264,10.469498
28408426843,252,10.469485
16019879987,246,10.469378
5092474553,234,10.469316
73868404373,262,10.469300
41649308483,256,10.469255
19398013777,248,10.469243
50423295457,258,10.469199
89447190181,264,10.469164
16030722269,246,10.469077
89481144791,264,10.469006
4209796499,232,10.468993
50455393061,258,10.468928
28448410873,252,10.468873
61086331927,260,10.468863
23506417607,250,10.468776
28456417663,252,10.468751
41701248287,256,10.468722
73971720731,262,10.468716
61113985783,260,10.468672
50486718907,258,10.468665
2875061129,228,10.468637
73986172901,262,10.468634
50493512479,258,10.468608
23515905521,250,10.468598
89597312863,264,10.468468
61147758109,260,10.468439
34473888793,254,10.468412
74043389921,262,10.468310
74043465581,262,10.468309
28485834329,252,10.468302
50531318587,258,10.468290
4216166093,232,10.468279
74050035863,262,10.468272
89645487053,264,10.468245
89646938893,264,10.468238
16061621123,246,10.468220
28491752899,252,10.468211
89658832721,264,10.468183
34493437021,254,10.468168
2878352669,228,10.468087
89679887621,264,10.468085
61209150139,260,10.468016
61212365143,260,10.467994
5107147553,234,10.467969
89705912801,264,10.467964
74106479231,262,10.467954
61222404361,260,10.467925
89729864387,264,10.467854
34529768587,254,10.467714
19465257919,248,10.467714
74151448643,262,10.467700
89765701013,264,10.467688
28527024241,252,10.467673
61269740419,260,10.467599
89815727413,264,10.467457
61298540833,260,10.467401
89832806003,264,10.467378
89852239567,264,10.467288
23586366107,250,10.467287
74225589131,262,10.467282
23587893773,250,10.467258
61323137917,260,10.467232
89866698113,264,10.467221
41852278943,256,10.467175
74262144389,262,10.467076
16103080559,246,10.467072
89905244213,264,10.467043
61352731807,260,10.467029
50685767261,258,10.466994
50688423941,258,10.466971
74292994481,262,10.466903
89939396051,264,10.466886
89941507307,264,10.466876
61377010309,260,10.466862
89944981891,264,10.466860
89948238227,264,10.466845
41884882283,256,10.466842
89949225671,264,10.466841
50704981777,258,10.466833
74306270081,262,10.466828
61421975599,260,10.466554
28606564379,252,10.466463
28609588871,252,10.466417
16131993803,246,10.466272
23641125239,250,10.466270
16132232387,246,10.466266
61464130597,260,10.466264
19529778277,248,10.466252
34661076343,254,10.466077
19542994819,248,10.465953
90152541023,264,10.465903
50816259419,258,10.465902
41977302443,256,10.465899
74480257079,262,10.465850
74482201103,262,10.465839
19548595177,248,10.465827
90169242733,264,10.465827
50830865069,258,10.465780
28655704673,252,10.465716
6212862499,236,10.465684
23674243937,250,10.465657
90209318783,264,10.465642
28664432899,252,10.465585
3503208451,230,10.465513
28672785121,252,10.465458
74551266743,262,10.465452
90254879047,264,10.465433
50876968187,258,10.465395
90270390557,264,10.465362
42032373767,256,10.465337
74580691613,262,10.465287
90299187227,264,10.465229
74592456593,262,10.465220
90303470473,264,10.465210
11036023561,242,10.465122
61637472979,260,10.465077
34751325937,254,10.464955
28708181539,252,10.464922
61660383553,260,10.464921
42078601853,256,10.464867
90378603101,264,10.464865
50945224537,258,10.464827
28716830851,252,10.464790
90402553957,264,10.464755
90405401657,264,10.464742
28727231251,252,10.464633
61706951569,260,10.464603
90477690383,264,10.464410
34796232607,254,10.464399
50999541457,258,10.464374
90491285497,264,10.464348
51008163389,258,10.464302
61753804843,260,10.464284
61753836853,260,10.464283
61756106527,260,10.464268
4252350923,232,10.464244
90525297547,264,10.464191
42145185353,256,10.464190
28760920109,252,10.464124
6233968309,236,10.464110
90562711793,264,10.464021
16217650663,246,10.463915
28776688271,252,10.463886
90596503297,264,10.463866
61816431907,260,10.463857
90599087617,264,10.463854
51064225577,258,10.463836
34845286831,254,10.463792
42185770769,256,10.463778
51076886227,258,10.463731
16225414687,246,10.463701
34852637383,254,10.463700
28789721791,252,10.463689
23781442079,250,10.463678
7554526751,238,10.463649
42200459429,256,10.463630
28794882839,252,10.463612
51097461397,258,10.463560
42207606569,256,10.463557
90668321533,264,10.463537
42215156693,256,10.463481
34873618093,254,10.463441
90711886843,264,10.463338
74944784471,262,10.463251
90732777167,264,10.463243
19666332667,248,10.463175
90752729971,264,10.463151
34898505121,254,10.463134
90764426201,264,10.463098
51157266521,258,10.463063
42262577867,256,10.463001
13423584233,244,10.462996
90791594347,264,10.462974
19675547467,248,10.462969
51169072811,258,10.462965
28840547401,252,10.462923
23823023891,250,10.462914
6250238077,236,10.462901
61957716631,260,10.462895
28847397263,252,10.462820
28847780833,252,10.462814
28848550201,252,10.462802
51190746037,258,10.462786
28851349489,252,10.462760
42288014603,256,10.462744
90843767393,264,10.462735
90846664787,264,10.462722
28855282693,252,10.462701
61986541033,260,10.462700
51201505609,258,10.462697
61997897173,260,10.462623
19693086559,248,10.462575
28863845419,252,10.462572
62012063437,260,10.462526
42312999503,256,10.462491
90900065887,264,10.462479
75103829453,262,10.462366
62056840297,260,10.462222
3527790967,230,10.462184
51275081987,258,10.462088
16285030633,246,10.462070
62080511191,260,10.462062
16287211763,246,10.462010
75207732629,262,10.461788
62121521131,260,10.461783
75209883893,262,10.461776
62124564709,260,10.461763
23886161069,250,10.461755
75216706121,262,10.461739
75216986783,262,10.461737
35011919857,254,10.461736
42392889983,256,10.461684
62137145443,260,10.461678
51326574107,258,10.461661
35036822407,254,10.461430
91133839507,264,10.461413
51358079777,258,10.461401
19746368101,248,10.461383
75316078529,262,10.461186
51391027927,258,10.461129
42455914079,256,10.461049
35068440763,254,10.461040
51404160881,258,10.461020
19769872831,248,10.460857
5185604447,234,10.460835
431914547,208,10.460810
11143420909,242,10.460742
51457958819,258,10.460577
75438999071,262,10.460505
29004260291,252,10.460464
91356572887,264,10.460402
75462554621,262,10.460376
35131219771,254,10.460270
51508311859,258,10.460162
75502820849,262,10.460153
16355577619,246,10.460147
16355769779,246,10.460141
23974868261,250,10.460132
42550737473,256,10.460096
51516826121,258,10.460093
29030088221,252,10.460078
42553548347,256,10.460068
75518978429,262,10.460063
51527672887,258,10.460003
51528758311,258,10.459994
91446374027,264,10.459994
62397218041,260,10.459920
91465901741,264,10.459907
91468859351,264,10.459893
75550596881,262,10.459888
62408639473,260,10.459843
62412492349,260,10.459817
91489238987,264,10.459801
42582240149,256,10.459780
4292853569,232,10.459771
9224166229,240,10.459753
42588686849,256,10.459715
51564701317,258,10.459699
9226680431,240,10.459629
51575705689,258,10.459608
51586385239,258,10.459520
13529744237,244,10.459463
91563733867,264,10.459463
42615158189,256,10.459450
91566683191,264,10.459450
62473407079,260,10.459407
29077682573,252,10.459367
91598359663,264,10.459307
2931689977,228,10.459270
24024039659,250,10.459235
91618807207,264,10.459214
62517907519,260,10.459107
51640582319,258,10.459075
51643570469,258,10.459050
62544112039,260,10.458931
29111243429,252,10.458866
91697078423,264,10.458860
91720099151,264,10.458756
9244737883,240,10.458737
42687544997,256,10.458724
91729511507,264,10.458714
51686933489,258,10.458694
16410546953,246,10.458654
91748046727,264,10.458630
62590310173,260,10.458620
35266530517,254,10.458614
24060836243,250,10.458566
62611038781,260,10.458481
91793015827,264,10.458426
16419714407,246,10.458406
51730242001,258,10.458340
91812964541,264,10.458337
91815554851,264,10.458325
51735407459,258,10.458297
62641248091,260,10.458278
16426028747,246,10.458235
29154456229,252,10.458222
75854033789,262,10.458215
13567587023,244,10.458211
51751969117,258,10.458161
51753415291,258,10.458150
51755588257,258,10.458132
51756547547,258,10.458124
35307608383,254,10.458113
51760277867,258,10.458094
75876905789,262,10.458089
91875043877,264,10.458056
75888129731,262,10.458027
75920347109,262,10.457850
75929205281,262,10.457801
91943744213,264,10.457747
42789548117,256,10.457705
75952745513,262,10.457672
91971957101,264,10.457620
91986924763,264,10.457553
62759586619,260,10.457484
51834662699,258,10.457484
19922758357,248,10.457459
1658198749,222,10.457395
51850586867,258,10.457355
92041577981,264,10.457307
76022140541,262,10.457291
16461808799,246,10.457268
13597791083,244,10.457214
51868211749,258,10.457211
51869520251,258,10.457200
62803075603,260,10.457192
51879442429,258,10.457119
62819019643,260,10.457086
29233310053,252,10.457050
92119402801,264,10.456957
92126099921,264,10.456926
76090012259,262,10.456919
92128736731,264,10.456915
35410044331,254,10.456865
51911733077,258,10.456855
11240210173,242,10.456833
9283732853,240,10.456820
2947342831,228,10.456716
92186069051,264,10.456656
62897241817,260,10.456562
62899733509,260,10.456546
29268079151,252,10.456534
13618753361,244,10.456524
62911277419,260,10.456469
35443124881,254,10.456464
51960402371,258,10.456458
92234622937,264,10.456439
29274810743,252,10.456434
7674025481,238,10.456433
51963980197,258,10.456429
24179169767,250,10.456420
51967450489,258,10.456400
62930448523,260,10.456341
29284755859,252,10.456287
4324823873,232,10.456273
29294724523,252,10.456140
92304347351,264,10.456126
29301692809,252,10.456037
92324495801,264,10.456036
6344975827,236,10.455928
92350185623,264,10.455920
7682611379,238,10.455919
52027564727,258,10.455911
52028081527,258,10.455906
36271783,182,10.455836
76288706213,262,10.455830
92373251687,264,10.455817
92390049907,264,10.455742
92396405461,264,10.455713
92412302263,264,10.455642
52076662871,258,10.455511
92442368297,264,10.455507
92480164303,264,10.455338
92482154537,264,10.455329
63082991467,260,10.455322
35539902583,254,10.455290
24245674841,250,10.455218
92507697151,264,10.455215
24247240727,250,10.455191
76411681739,262,10.455158
92520944947,264,10.455155
16543013519,246,10.455081
52138135037,258,10.455010
52155503381,258,10.454869
63160285087,260,10.454807
29385564751,252,10.454797
52165222561,258,10.454791
52165509119,258,10.454788
76480955843,262,10.454780
52167409841,258,10.454773
92607284953,264,10.454769
11292633343,242,10.454730
63172437373,260,10.454727
24274429259,250,10.454700
76520248421,262,10.454566
63203451667,260,10.454520
52200198629,258,10.454507
16564957219,246,10.454492
52208626499,258,10.454438
63219091051,260,10.454416
92693370283,264,10.454385
92717737951,264,10.454276
52233971857,258,10.454233
92741340073,264,10.454170
92745369917,264,10.454152
24307347437,250,10.454108
76620507479,262,10.454020
35651773321,254,10.453938
24317694341,250,10.453922
43172186219,256,10.453902
92810461363,264,10.453862
52280012881,258,10.453859
52287766109,258,10.453796
92840210137,264,10.453730
35670725173,254,10.453709
29460189509,252,10.453696
92854507981,264,10.453666
63347739571,260,10.453562
35694143587,254,10.453426
43231659593,256,10.453315
92941000363,264,10.453280
76756869323,262,10.453278
63396454333,260,10.453238
76772022401,262,10.453196
63406508653,260,10.453173
92969787457,264,10.453152
52368269479,258,10.453145
35718399097,254,10.453135
92977686157,264,10.453116
92982089413,264,10.453097
93004848821,264,10.452996
29510030083,252,10.452964
7732712759,238,10.452934
1141266697,218,10.452926
43279868189,256,10.452839
9367406021,240,10.452733
52419624679,258,10.452730
93068287097,264,10.452714
43295997977,256,10.452681
3599306911,230,10.452641
63507791779,260,10.452501
76903133939,262,10.452484
35773561807,254,10.452471
52457061427,258,10.452428
76916499239,262,10.452412
11353772173,242,10.452292
93164953897,264,10.452284
4362371213,232,10.452201
16651782733,246,10.452169
93191955893,264,10.452164
6397230109,236,10.452129
63565237927,260,10.452122
93209246951,264,10.452087
93214145537,264,10.452065
13756154297,244,10.452028
20171675341,248,10.451987
3604313809,230,10.451982
9382951847,240,10.451979
52514017951,258,10.451968
29578883881,252,10.451953
77008133591,262,10.451915
52521313541,258,10.451909
52534423169,258,10.451804
24438844181,250,10.451750
9389617199,240,10.451655
93307084597,264,10.451653
24447502253,250,10.451595
63652600939,260,10.451545
35851059067,254,10.451540
93335724247,264,10.451527
52570317851,258,10.451514
93341953681,264,10.451499
43416137333,256,10.451498
93353698973,264,10.451447
52578981919,258,10.451445
63677645041,260,10.451379
29624233063,252,10.451289
52612943167,258,10.451172
52626618637,258,10.451061
93442292477,264,10.451054
52631789669,258,10.451020
6413260099,236,10.450971
63743061091,260,10.450948
9405620909,240,10.450880
63753858061,260,10.450877
93484208287,264,10.450869
29653223209,252,10.450865
16703323723,246,10.450797
43489030307,256,10.450782
29663076041,252,10.450721
52669845737,258,10.450714
9409441187,240,10.450695
35924472127,254,10.450660
52678773487,258,10.450642
16709405719,246,10.450636
52681560641,258,10.450620
24504589937,250,10.450576
93551817361,264,10.450569
93559105487,264,10.450538
11398033729,242,10.450536
63807021463,260,10.450526
93568456061,264,10.450496
63818297161,260,10.450453
9414708007,240,10.450440
24519212171,250,10.450315
63846302137,260,10.450268
9418521683,240,10.450256
93641576351,264,10.450172
52738601219,258,10.450162
5305796603,234,10.450130
9421992857,240,10.450089
93662477093,264,10.450081
169324319,198,10.450024
5307427603,234,10.449986
52764132671,258,10.449957
93694159483,264,10.449941
43577121317,256,10.449919
63904812841,260,10.449883
93717597647,264,10.449837
24546412409,250,10.449831
16740004543,246,10.449823
52782133091,258,10.449812
93726019397,264,10.449800
16745515379,246,10.449677
24555618149,250,10.449667
63957021547,260,10.449540
93795952951,264,10.449492
77457856919,262,10.449488
93803030171,264,10.449460
36026409373,254,10.449442
52828477391,258,10.449441
93811438321,264,10.449423
63976629391,260,10.449411
29754592033,252,10.449386
43633321019,256,10.449369
77490711479,262,10.449311
77496849113,262,10.449278
43646398529,256,10.449242
93859150003,264,10.449213
24581626871,250,10.449205
16763794669,246,10.449193
77519921159,262,10.449154
36052865383,254,10.449126
52868975707,258,10.449117
5317488877,234,10.449103
16768495859,246,10.449069
6439864339,236,10.449056
13851092921,244,10.448950
64058447899,260,10.448874
93942268627,264,10.448847
16777126757,246,10.448840
77583064043,262,10.448814
93953960267,264,10.448795
93954249391,264,10.448794
43692925799,256,10.448787
52920217249,258,10.448707
43701302993,256,10.448705
93977316211,264,10.448692
5322398593,234,10.448672
93982837957,264,10.448668
29804624191,252,10.448658
64091846773,260,10.448656
16784394689,246,10.448648
77617089041,262,10.448631
93999650963,264,10.448594
94014186983,264,10.448530
94026695401,264,10.448475
5325757963,234,10.448378
52971955747,258,10.448293
77680751051,262,10.448290
52976938607,258,10.448254
9461230693,240,10.448198
52989094259,258,10.448156
94106649337,264,10.448124
9463289137,240,10.448099
36139972411,254,10.448090
52997875781,258,10.448086
77719010093,262,10.448085
5329283231,234,10.448070
64181787451,260,10.448068
94120678121,264,10.448062
9464558249,240,10.448038
3634377433,230,10.448037
53006640877,258,10.448016
36146223721,254,10.448015
29850661541,252,10.447989
16809441749,246,10.447987
43775314889,256,10.447984
94144805633,264,10.447956
53015312057,258,10.447947
53017575469,258,10.447929
94152173707,264,10.447924
13883230337,244,10.447912
43782962813,256,10.447909
94157384437,264,10.447901
77756428241,262,10.447885
64214427679,260,10.447854
7819763711,238,10.447798
20367374491,248,10.447736
94200106387,264,10.447713
94206911333,264,10.447683
94234373603,264,10.447563
94252882597,264,10.447482
9477066437,240,10.447437
77842253273,262,10.447425
94290784177,264,10.447315
9480103597,240,10.447291
94306195421,264,10.447248
53105494061,258,10.447227
77887468871,262,10.447183
53113874389,258,10.447161
53115010147,258,10.447152
24699684179,250,10.447113
16842608597,246,10.447112
94340485201,264,10.447098
94385244743,264,10.446901
77942198171,262,10.446890
36242093941,254,10.446877
64376490961,260,10.446795
53171587477,258,10.446702
53173722109,258,10.446685
29941322371,252,10.446676
94437190753,264,10.446674
20418185617,248,10.446639
94448846893,264,10.446623
5345844887,234,10.446622
1155740497,218,10.446613
36265021171,254,10.446605
94470913687,264,10.446527
94501760147,264,10.446392
29962770223,252,10.446366
43942319819,256,10.446360
4416899819,232,10.446355
78053650991,262,10.446295
94528596457,264,10.446274
94532056481,264,10.446259
78062629811,262,10.446247
36303121447,254,10.446154
20444516581,248,10.446073
78095489033,262,10.446072
64494440377,260,10.446028
94593941887,264,10.445989
64503795991,260,10.445967
94600390121,264,10.445960
94601118077,264,10.445957
53267718389,258,10.445938
11515049089,242,10.445929
94609748897,264,10.445920
53270446891,258,10.445916
94617500771,264,10.445886
43991985413,256,10.445879
53278592021,258,10.445851
29998780831,252,10.445846
94629342893,264,10.445834
94645741691,264,10.445763
44005588559,256,10.445746
94650148933,264,10.445744
94650289187,264,10.445743
64542766489,260,10.445713
2490559013,226,10.445663
44014770647,256,10.445658
53304881621,258,10.445642
94676889521,264,10.445626
94677966217,264,10.445621
78193041371,262,10.445552
30028563821,252,10.445416
9519475871,240,10.445407
53334708281,258,10.445406
1699185161,222,10.445380
94742929991,264,10.445338
94754625701,264,10.445287
94761817951,264,10.445256
9523221509,240,10.445229
53359820747,258,10.445208
20485236091,248,10.445197
78273367703,262,10.445125
9526015139,240,10.445095
64638696121,260,10.445089
3020541877,228,10.444963
64666428613,260,10.444910
78317407919,262,10.444890
13978501127,244,10.444854
16928888419,246,10.444845
78331296299,262,10.444817
16930667729,246,10.444798
64689597493,260,10.444759
64703974927,260,10.444666
36430653157,254,10.444648
20512156267,248,10.444619
2495965739,226,10.444616
94919117911,264,10.444571
11552993839,242,10.444446
171051917,198,10.444428
36451855621,254,10.444398
30102812449,252,10.444347
64758255127,260,10.444314
36462114853,254,10.444277
95005157761,264,10.444196
64777813729,260,10.444188
78457202651,262,10.444148
78461686883,262,10.444124
16956880033,246,10.444113
14001841157,244,10.444108
53499144169,258,10.444104
53504466941,258,10.444062
95047544567,264,10.444012
64809258901,260,10.443984
78492256763,262,10.443962
95061262123,264,10.443952
64816541029,260,10.443937
64829803777,260,10.443851
95084552863,264,10.443851
20551582837,248,10.443774
36505343773,254,10.443768
78531219341,262,10.443755
64851273337,260,10.443712
95127631861,264,10.443664
53569255409,258,10.443551
64878674389,260,10.443535
53573139259,258,10.443521
20564534587,248,10.443498
95173048667,264,10.443466
78590763371,262,10.443439
95191116997,264,10.443388
53594034139,258,10.443356
2502497297,226,10.443356
95205960517,264,10.443324
5384140183,234,10.443294
64916018059,260,10.443294
24919384283,250,10.443249
53611652791,258,10.443216
53614070017,258,10.443197
78643316891,262,10.443161
95252786261,264,10.443121
95253819581,264,10.443116
95263382087,264,10.443074
7901612417,238,10.443025
95280413447,264,10.443001
30196924223,252,10.442996
53648221919,258,10.442928
20595970729,248,10.442826
53665504597,258,10.442792
44313400589,256,10.442777
30215350303,252,10.442732
65022642691,260,10.442605
95391188881,264,10.442521
30231421919,252,10.442502
53703512207,258,10.442492
65042523781,260,10.442477
95403953143,264,10.442466
24968871407,250,10.442383
3036999727,228,10.442365
53720500087,258,10.442359
17025502829,246,10.442322
17025776149,246,10.442315
53729476979,258,10.442288
9589500551,240,10.442077
95495384977,264,10.442070
95508316507,264,10.442014
53770848281,258,10.441963
95529638387,264,10.441922
95540505941,264,10.441875
95552683397,264,10.441822
95565559897,264,10.441767
95568102967,264,10.441755
44420467037,256,10.441749
78918887051,262,10.441706
11623540879,242,10.441702
17050152727,246,10.441681
95593337417,264,10.441647
65179744423,260,10.441593
95617202647,264,10.441544
78951491459,262,10.441534
95623286131,264,10.441517
65195942947,260,10.441489
65201029213,260,10.441456
11630922679,242,10.441416
14087529941,244,10.441381
53857774457,258,10.441280
36728591917,254,10.441151
53875010149,258,10.441146
79039376441,262,10.441071
79042291451,262,10.441055
53886635161,258,10.441054
95732844971,264,10.441044
95759741927,264,10.440928
79071924821,262,10.440899
30346900201,252,10.440852
79082572139,262,10.440844
9615870793,240,10.440829
53916078121,258,10.440824
44517295037,256,10.440822
36757721587,254,10.440810
95800518587,264,10.440752
95812899223,264,10.440699
95820910177,264,10.440664
53936445929,258,10.440664
17090552077,246,10.440632
65329913017,260,10.440628
25070871323,250,10.440605
17092308517,246,10.440587
25072746173,250,10.440573
44546891747,256,10.440538
79141641833,262,10.440533
30369771539,252,10.440527
79148584589,262,10.440496
79149919379,262,10.440489
95877285227,264,10.440422
95888200621,264,10.440374
36802418017,254,10.440289
79193933723,262,10.440258
79195219121,262,10.440251
1417705097,220,10.440244
65391419767,260,10.440234
53993244169,258,10.440219
54000052927,258,10.440166
17108611757,246,10.440165
79213691561,262,10.440154
36821596363,254,10.440065
798282983,214,10.440057
79236618101,262,10.440034
25103796689,250,10.440033
20728015921,248,10.440017
14131010567,244,10.440004
30406962169,252,10.439998
5422834073,234,10.439958
95989385467,264,10.439939
65457803137,260,10.439809
54046260791,258,10.439805
54047556757,258,10.439795
7958009489,238,10.439767
96031163171,264,10.439759
30426793093,252,10.439715
44634138677,256,10.439705
96048468137,264,10.439685
65478173689,260,10.439678
96052728983,264,10.439667
96056285131,264,10.439651
96057370363,264,10.439647
7960222031,238,10.439639
54067783879,258,10.439636
65489205631,260,10.439608
30446204083,252,10.439440
36877257283,254,10.439417
96122870321,264,10.439365
14151428831,244,10.439360
54136189517,258,10.439102
20773200691,248,10.439059
44703033899,256,10.439049
96218263513,264,10.438956
96219080723,264,10.438952
96226697563,264,10.438920
36928963417,254,10.438816
54173067127,258,10.438815
96258425951,264,10.438784
96264097147,264,10.438760
96264474863,264,10.438758
17164589719,246,10.438717
96274546301,264,10.438715
96280707511,264,10.438688
54189450451,258,10.438687
96285376403,264,10.438668
30504101291,252,10.438618
25187769137,250,10.438577
65656256719,260,10.438540
79532242463,262,10.438485
96347786653,264,10.438401
30521355439,252,10.438374
44775607463,256,10.438358
30522529859,252,10.438356
54235303049,258,10.438330
17181513953,246,10.438280
54249872687,258,10.438216
5443320917,234,10.438202
54253412407,258,10.438189
54254534549,258,10.438180
54259949929,258,10.438138
96418279693,264,10.438099
96421741373,264,10.438085
96446348917,264,10.437979
79640577743,262,10.437919
54291171757,258,10.437895
96468717341,264,10.437883
54293324131,258,10.437879
30558358289,252,10.437850
30565059059,252,10.437755
96503041051,264,10.437737
96505473821,264,10.437726
65798285233,260,10.437634
96543298207,264,10.437564
54336510601,258,10.437543
30582698273,252,10.437506
17212880317,246,10.437472
17213548307,246,10.437455
65826919183,260,10.437451
54348744011,258,10.437448
96579508187,264,10.437409
79763096711,262,10.437280
79773563939,262,10.437225
8002464161,238,10.437216
96626748887,264,10.437208
96627013433,264,10.437206
30605870513,252,10.437178
96650491841,264,10.437106
65886817891,260,10.437071
54403876847,258,10.437019
9697197667,240,10.437005
37089019021,254,10.436961
96684999713,264,10.436959
17233626769,246,10.436939
30633021829,252,10.436794
79856477513,262,10.436793
65937749041,260,10.436747
79872238283,262,10.436711
65945210911,260,10.436700
54447583009,258,10.436680
96753901831,264,10.436666
96756277627,264,10.436655
9705104977,240,10.436635
65955750499,260,10.436632
96761608271,264,10.436632
96766752721,264,10.436610
96771212953,264,10.436591
30648357473,252,10.436578
96776580331,264,10.436568
96776924353,264,10.436567
96786758333,264,10.436525
25309487153,250,10.436477
30661574093,252,10.436392
54488375209,258,10.436364
96830500967,264,10.436338
96833750987,264,10.436325
5465754347,234,10.436287
30673706143,252,10.436221
79970946689,262,10.436197
66027823531,260,10.436175
54519120779,258,10.436126
96893185087,264,10.436071
96898580561,264,10.436049
66072947917,260,10.435889
80035640351,262,10.435862
20926226719,248,10.435836
30701949293,252,10.435823
66095190319,260,10.435748
548779633,210,10.435712
97010490611,264,10.435573
54591595607,258,10.435565
80094567281,262,10.435555
66137751679,260,10.435478
97040682367,264,10.435444
80129723249,262,10.435373
66171268699,260,10.435266
9734557103,240,10.435260
37236837193,254,10.435255
5478921247,234,10.435167
54643255369,258,10.435166
11793876793,242,10.435152
14289074627,244,10.435038
37259469967,254,10.434995
54671000581,258,10.434952
37265151577,254,10.434929
66235158793,260,10.434862
97187803337,264,10.434819
54689772979,258,10.434807
17316951637,246,10.434804
66246089893,260,10.434793
9744659347,240,10.434790
30775857781,252,10.434784
80261523161,262,10.434690
8046871139,238,10.434684
97220082887,264,10.434682
54712905157,258,10.434628
97255022903,264,10.434534
80300240879,262,10.434489
97303968271,264,10.434326
54760117897,258,10.434264
37324768153,254,10.434244
45216604817,256,10.434189
17341554017,246,10.434175
45220683713,256,10.434150
97346697191,264,10.434146
21010630087,248,10.434068
54785856091,258,10.434066
97366945733,264,10.434060
8057899697,238,10.434057
17350350733,246,10.433951
21016316851,248,10.433949
45246368963,256,10.433908
97416930001,264,10.433848
54816392489,258,10.433831
66400654003,260,10.433817
37362122803,254,10.433815
21023396791,248,10.433802
54826534429,258,10.433753
66425125891,260,10.433662
97465520413,264,10.433642
66428831137,260,10.433640
30857631293,252,10.433638
97476027301,264,10.433599
37383831703,254,10.433566
66441563179,260,10.433559
97491055511,264,10.433535
97491660137,264,10.433532
37392751021,254,10.433464
5499627043,234,10.433412
45302881829,256,10.433378
2554831229,226,10.433376
25490944007,250,10.433365
6662597629,236,10.433349
80526843443,262,10.433319
17375695543,246,10.433305
97562022617,264,10.433234
45321964553,256,10.433199
97585154011,264,10.433137
54909388907,258,10.433116
45331256969,256,10.433111
97605564491,264,10.433050
97615490701,264,10.433008
97616892001,264,10.433002
54924839257,258,10.432997
17394062863,246,10.432837
17394372617,246,10.432830
66561756049,260,10.432802
97666661467,264,10.432793
66564198007,260,10.432787
21072121387,248,10.432785
97678711451,264,10.432741
4547010803,232,10.432716
97698856471,264,10.432656
9793075661,240,10.432541
17406471389,246,10.432522
14369915603,244,10.432521
11863322413,242,10.432510
21085543147,248,10.432506
97748115461,264,10.432448
30948616499,252,10.432366
66631649167,260,10.432364
97772252761,264,10.432347
97776885497,264,10.432327
9797749727,240,10.432324
9798859319,240,10.432274
30955549991,252,10.432269
9799923739,240,10.432224
97810880393,264,10.432184
97813640233,264,10.432173
97814281057,264,10.432170
66674367043,260,10.432095
55044767159,258,10.432077
11875670689,242,10.432043
30972396061,252,10.432034
66684074701,260,10.432034
25571323457,250,10.431994
80787164021,262,10.431978
5517735427,234,10.431883
97895335591,264,10.431828
97902308671,264,10.431799
55081365869,258,10.431797
8098128611,238,10.431780
97913000987,264,10.431754
66739276873,260,10.431687
80843901623,262,10.431686
14398094561,244,10.431647
8100494807,238,10.431646
97957750741,264,10.431565
66758864947,260,10.431564
55112642309,258,10.431557
80873664101,262,10.431534
21132406219,248,10.431532
66770291437,260,10.431493
55128200717,258,10.431438
66796324093,260,10.431330
80926578641,262,10.431262
98044247921,264,10.431202
98052754523,264,10.431166
55165170371,258,10.431155
98056283401,264,10.431151
98064985693,264,10.431115
37610359147,254,10.430978
80984938061,262,10.430963
98101871557,264,10.430960
66860084779,260,10.430931
6698133913,236,10.430896
98131435903,264,10.430836
45577359437,256,10.430810
3111496559,228,10.430787
98164943417,264,10.430695
81037343921,262,10.430694
98183277077,264,10.430618
31075955089,252,10.430593
31076595821,252,10.430584
98191334237,264,10.430584
98194834957,264,10.430570
9836379271,240,10.430541
66923902957,260,10.430532
31082313659,252,10.430505
55252958591,258,10.430485
45615979397,256,10.430450
55261518701,258,10.430420
98245902847,264,10.430355
31093292459,252,10.430352
98253733343,264,10.430323
98255640193,264,10.430314
25674854951,250,10.430236
66971716117,260,10.430233
985949429,216,10.430189
66981641059,260,10.430171
98310788153,264,10.430083
81159327101,262,10.430069
31114066439,252,10.430064
98319770833,264,10.430045
17505923579,246,10.430002
9848511677,240,10.429982
3116832361,228,10.429970
55326278479,258,10.429926
4574309879,232,10.429910
31129330723,252,10.429852
67036943119,260,10.429825
67045103947,260,10.429774
55348197431,258,10.429759
67050046381,260,10.429744
67054475161,260,10.429716
98405656163,264,10.429686
9855266723,240,10.429671
98411105477,264,10.429663
31145471431,252,10.429628
67073018539,260,10.429600
81255731993,262,10.429576
45716306579,256,10.429517
25718723999,250,10.429493
25719101591,250,10.429486
5546498767,234,10.429465
98468273873,264,10.429423
98485603763,264,10.429351
67116905749,260,10.429326
45737107127,256,10.429323
37756040671,254,10.429322
5548654931,234,10.429285
31172377139,252,10.429255
9864987949,240,10.429224
17542446413,246,10.429081
55437940769,258,10.429075
45766068827,256,10.429054
98558901583,264,10.429045
98559015827,264,10.429044
98560328497,264,10.429039
17545188443,246,10.429011
31199335763,252,10.428883
2579345537,226,10.428779
98623066837,264,10.428777
81416317721,262,10.428757
9876269729,240,10.428706
98643697093,264,10.428690
81436459523,262,10.428654
98663966153,264,10.428606
98681742781,264,10.428532
2130399463,224,10.428512
98696083957,264,10.428472
67273119829,260,10.428354
98729086871,264,10.428334
37846188871,254,10.428301
31243126723,252,10.428277
37850088007,254,10.428257
98760339157,264,10.428204
67300389007,260,10.428185
81541024709,262,10.428122
3790793053,230,10.428077
14514256703,244,10.428064
67321393057,260,10.428054
31259767729,252,10.428047
98798778941,264,10.428043
98804548411,264,10.428019
98809194511,264,10.427999
81571302209,262,10.427967
67335314539,260,10.427967
21310815451,248,10.427844
55604499961,258,10.427811
37895351941,254,10.427745
25827226049,250,10.427661
98896666151,264,10.427635
6746520139,236,10.427578
98911180741,264,10.427575
55637319071,258,10.427563
31300815163,252,10.427482
55651158347,258,10.427458
31303405193,252,10.427445
98951461781,264,10.427407
37926935197,254,10.427388
81688639559,262,10.427371
98985292561,264,10.427266
98986548523,264,10.427261
31317739039,252,10.427248
67482926437,260,10.427052
25865315213,250,10.427020
55716868159,258,10.426960
55718186959,258,10.426950
12015186829,242,10.426793
99105417767,264,10.426766
25880652731,250,10.426763
55759146809,258,10.426641
14561731697,244,10.426610
31366045559,252,10.426583
17645731177,246,10.426486
99190477103,264,10.426414
67587896197,260,10.426402
67602799651,260,10.426310
9929802989,240,10.426257
46074435359,256,10.426202
46074746489,256,10.426199
55821245897,258,10.426171
55824452939,258,10.426147
55828866917,258,10.426114
12033757933,242,10.426100
31403104813,252,10.426074
67644728377,260,10.426050
67650920413,260,10.426012
31409929193,252,10.425980
17666520979,246,10.425965
17667651349,246,10.425938
55858140229,258,10.425893
559323943,210,10.425852
55866234049,258,10.425832
46116267179,256,10.425817
67682600233,260,10.425817
31422263143,252,10.425811
12041767789,242,10.425800
55877435279,258,10.425748
55877683439,258,10.425746
99370925233,264,10.425665
99384950941,264,10.425607
17680917763,246,10.425606
38091747217,254,10.425532
99404429827,264,10.425527
99409356143,264,10.425506
25955914973,250,10.425500
5594830331,234,10.425434
14600423177,244,10.425427
82077440969,262,10.425401
55927699979,258,10.425369
21434161207,248,10.425314
99481223617,264,10.425208
5598491263,234,10.425130
9954832229,240,10.425117
67798807513,260,10.425099
31476979103,252,10.425060
38133989911,254,10.425058
99518779873,264,10.425053
21451043161,248,10.424970
9958156277,240,10.424966
25990340933,250,10.424924
31493053201,252,10.424840
99575578637,264,10.424818
38155811011,254,10.424813
46227042857,256,10.424798
46227223037,256,10.424796
56011721929,258,10.424737
67859036551,260,10.424728
67865219641,260,10.424690
12071812549,242,10.424682
67873527391,260,10.424639
67878910549,260,10.424605
67886763487,260,10.424558
67898382499,260,10.424486
3153218899,228,10.424435
26023086083,250,10.424376
38198715481,254,10.424333
56069093441,258,10.424305
56072535809,258,10.424279
99710762273,264,10.424260
99736086293,264,10.424155
99746443453,264,10.424112
99748254491,264,10.424105
38219914123,254,10.424095
8235585569,238,10.424089
26043206897,250,10.424041
31556102789,252,10.423978
56122683649,258,10.423903
26054239691,250,10.423857
68002005469,260,10.423848
56133265519,258,10.423823
21507989479,248,10.423807
14654505581,244,10.423780
56143972477,258,10.423743
56146392751,258,10.423725
56148009821,258,10.423713
82417732643,262,10.423684
99852821791,264,10.423674
68038863091,260,10.423622
56162152957,258,10.423607
56167196159,258,10.423569
99886675267,264,10.423534
46368927893,256,10.423497
99900916187,264,10.423475
46372128899,256,10.423468
38279098387,254,10.423433
68070773647,260,10.423426
56191450621,258,10.423388
99926617471,264,10.423369
5620011031,234,10.423348
99937213687,264,10.423326
56201278519,258,10.423314
68089990621,260,10.423308
68095411807,260,10.423275
17777863819,246,10.423190
46415522819,256,10.423071
5624108771,234,10.423010
68146196281,260,10.422963
46436418827,256,10.422880
46438143317,256,10.422864
38338329307,254,10.422772
17795285813,246,10.422757
68179820923,260,10.422757
8265507011,238,10.422434
26143311737,250,10.422373
82681483103,262,10.422359
82707330413,262,10.422230
5634076027,234,10.422188
4650535811,232,10.422166
82746001361,262,10.422036
56374143949,258,10.422021
38406675607,254,10.422010
31700920103,252,10.422004
38410355257,254,10.421969
12147371521,242,10.421880
31717559051,252,10.421778
56409007427,258,10.421761
31719156659,252,10.421756
10029103741,240,10.421752
10029821273,240,10.421720
56415152281,258,10.421715
38437274587,254,10.421670
10033057037,240,10.421574
68396921767,260,10.421429
82889778833,262,10.421316
1784804941,222,10.421275
56474541911,258,10.421271
56478356089,258,10.421243
26211972653,250,10.421234
82910345303,262,10.421214
68443019341,260,10.421147
31765280681,252,10.421129
68446901737,260,10.421124
46629364979,256,10.421121
46633791293,256,10.421081
68454378379,260,10.421079
68457190177,260,10.421062
68460158443,260,10.421043
31773875183,252,10.421013
68468707003,260,10.420991
68471150617,260,10.420976
26228070563,250,10.420967
31780785973,252,10.420919
82973158679,262,10.420899
46664652053,256,10.420799
46680345839,256,10.420657
21663266029,248,10.420657
26259297887,250,10.420450
68564554519,260,10.420406
68566715233,260,10.420394
26267306459,250,10.420318
56604246119,258,10.420306
68594909953,260,10.420222
26280210683,250,10.420104
56634736007,258,10.420079
46744701167,256,10.420073
83160490349,262,10.419965
17911506577,246,10.419884
68660343307,260,10.419824
17913972169,246,10.419823
83199246653,262,10.419772
56690114281,258,10.419668
83229683003,262,10.419621
1478136083,220,10.419603
17922910529,246,10.419602
83234029649,262,10.419599
56701560637,258,10.419583
17925442163,246,10.419540
46813513577,256,10.419449
68730409213,260,10.419397
83278597379,262,10.419377
68739452623,260,10.419343
14802209327,244,10.419316
68758547419,260,10.419227
46842516947,256,10.419187
68768670343,260,10.419166
56757811519,258,10.419166
83323151213,262,10.419155
38667670117,254,10.419115
68778624301,260,10.419105
68781672649,260,10.419086
31916592023,252,10.419082
56775616171,258,10.419034
68793073717,260,10.419017
83369010719,262,10.418927
83378807513,262,10.418879
17952998429,246,10.418862
31938201751,252,10.418791
83416660529,262,10.418691
68852057293,260,10.418659
38709258937,254,10.418655
386354959,206,10.418633
31949944283,252,10.418633
17964638617,246,10.418576
56839565239,258,10.418560
26376975011,250,10.418509
38727145003,254,10.418458
26380634993,250,10.418448
14831431247,244,10.418439
68893852717,260,10.418406
21782294857,248,10.418258
10107151499,240,10.418245
68925167833,260,10.418217
46958202749,256,10.418140
31989651181,252,10.418097
31990663379,252,10.418083
8344830047,238,10.418077
56906107927,258,10.418068
83543756963,262,10.418060
14844253013,244,10.418055
56919917801,258,10.417966
68968868203,260,10.417952
32001975949,252,10.417932
68972373559,260,10.417931
10114206079,240,10.417930
83584260953,262,10.417859
38783566291,254,10.417836
68998574077,260,10.417772
18000571403,246,10.417695
83619062279,262,10.417686
14859659777,244,10.417594
21816599971,248,10.417569
83649102611,262,10.417538
26436047669,250,10.417538
83675131619,262,10.417409
3200784071,228,10.417304
18018114707,246,10.417265
32056813961,252,10.417194
69103945249,260,10.417135
32061870629,252,10.417126
57043044221,258,10.417057
83747677661,262,10.417050
32074832939,252,10.416952
14882700731,244,10.416904
57084088351,258,10.416755
38884833433,254,10.416722
57093563287,258,10.416685
38894646643,254,10.416615
38895994051,254,10.416599
21865631041,248,10.416587
83843874473,262,10.416574
38899031701,254,10.416566
26500291229,250,10.416484
69221624737,260,10.416425
569623493,210,10.416415
18055765573,246,10.416345
57140436461,258,10.416340
57148433869,258,10.416281
18061371703,246,10.416207
38932677733,254,10.416197
38933680141,254,10.416186
57165300911,258,10.416157
69270462007,260,10.416131
57169893559,258,10.416122
18067072909,246,10.416068
69289684657,260,10.416015
69292832641,260,10.415996
8383839437,238,10.415950
69303615859,260,10.415931
57197867261,258,10.415917
18077730673,246,10.415808
57216251359,258,10.415782
10162454593,240,10.415778
47220599039,256,10.415778
47222096249,256,10.415765
2650214057,226,10.415751
32165088979,252,10.415742
57231511807,258,10.415669
84031170071,262,10.415650
57234284537,258,10.415649
18084250589,246,10.415649
69356493259,260,10.415613
32175101209,252,10.415608
10167074431,240,10.415572
570586399,210,10.415543
38999720731,254,10.415462
2652135947,226,10.415403
32195121839,252,10.415340
84094561151,262,10.415339
39012057517,254,10.415327
57279754747,258,10.415316
47283119297,256,10.415217
21934701511,248,10.415208
39030916831,254,10.415120
39031102801,254,10.415118
84144816761,262,10.415091
3215890001,228,10.415063
69456359257,260,10.415012
26591134487,250,10.414999
14946991211,244,10.414988
69483124951,260,10.414852
18117086257,246,10.414849
21955496131,248,10.414793
21955910677,248,10.414784
32237807089,252,10.414770
57355277387,258,10.414762
69511202659,260,10.414683
69515355313,260,10.414659
69527569219,260,10.414585
32254777409,252,10.414543
84259515983,262,10.414527
18131577173,246,10.414496
57396902879,258,10.414456
26625836987,250,10.414433
57403662709,258,10.414407
57404840351,258,10.414398
57406402279,258,10.414387
32268171589,252,10.414365
69576179707,260,10.414293
18143476139,246,10.414207
47397186503,256,10.414197
32281444289,252,10.414187
84330883589,262,10.414177
84330811559,262,10.414177
47400564209,256,10.414166
57448734257,258,10.414077
69631942117,260,10.413960
69636957997,260,10.413929
57470651099,258,10.413917
84397697903,262,10.413849
57481420627,258,10.413838
32309893463,252,10.413809
57487989227,258,10.413790
69695088607,260,10.413581
57522841451,258,10.413535
39179876503,254,10.413494
14999282057,244,10.413436
57543978671,258,10.413381
32352697633,252,10.413239
12384992833,242,10.413193
32356672571,252,10.413186
47517860099,256,10.413119
57579877759,258,10.413118
69775226947,260,10.413102
57582866119,258,10.413096
32365681529,252,10.413066
57592365997,258,10.413028
10225006793,240,10.413005
22056011977,248,10.412795
69829324597,260,10.412779
1020808223,216,10.412720
84635633681,262,10.412683
57640588651,258,10.412676
26734446077,250,10.412667
12399865441,242,10.412655
10233105979,240,10.412647
84645444623,262,10.412636
12402273673,242,10.412567
3233023349,228,10.412536
84677032733,262,10.412481
69879329239,260,10.412480
22072219369,248,10.412475
6973168513,236,10.412376
57682370687,258,10.412372
47604097193,256,10.412352
18221186077,246,10.412323
69908774779,260,10.412305
32424318313,252,10.412288
69911842171,260,10.412286
57714397261,258,10.412138
69937712851,260,10.412132
32437226951,252,10.412116
57726674267,258,10.412048
18234756889,246,10.411995
47644236293,256,10.411995
18234826529,246,10.411994
69966394843,260,10.411961
47657554883,256,10.411877
32456968891,252,10.411855
18242618473,246,10.411805
57762315059,258,10.411789
1239358759,218,10.411761
57772695031,258,10.411714
32470520101,252,10.411674
39356179117,254,10.411577
84876571733,262,10.411508
10259626229,240,10.411478
84898490459,262,10.411401
70064064643,260,10.411379
57830664769,258,10.411292
70083844639,260,10.411262
32506470571,252,10.411199
47736519209,256,10.411176
57848238529,258,10.411165
47737764749,256,10.411164
84953210831,262,10.411134
57861547321,258,10.411068
47750753879,256,10.411049
18274480663,246,10.411036
47753159117,256,10.411028
18276202783,246,10.410995
32522070223,252,10.410993
47761289603,256,10.410955
697820521,212,10.410798
70164852427,260,10.410780
47784534689,256,10.410749
70171217287,260,10.410742
12455471113,242,10.410650
70187020039,260,10.410648
15094758467,244,10.410616
47799703157,256,10.410615
39454925737,254,10.410508
57942816647,258,10.410479
22174969591,248,10.410444
85106467781,262,10.410388
57956215607,258,10.410381
32570409419,252,10.410354
47839420169,256,10.410264
32580813709,252,10.410216
57984586949,258,10.410176
70268490289,260,10.410165
26893029461,250,10.410103
58005792337,258,10.410022
47876297993,256,10.409938
58025565769,258,10.409879
39518243701,254,10.409824
70332612697,260,10.409784
70332777601,260,10.409783
39523098331,254,10.409772
85234675763,262,10.409765
70337107843,260,10.409758
85250118143,262,10.409691
70361636467,260,10.409613
70363854703,260,10.409599
3253287361,228,10.409565
70386475987,260,10.409466
22227538747,248,10.409410
7018863697,236,10.409376
26939775311,250,10.409349
70432361533,260,10.409194
1028050097,216,10.409172
18359175383,246,10.408999
26961997583,250,10.408993
26963516471,250,10.408968
47987338307,256,10.408957
58162222099,258,10.408891
58163987957,258,10.408878
48002265947,256,10.408825
58175253547,258,10.408797
85434699419,262,10.408796
70502055271,260,10.408782
48009306869,256,10.408763
70519339027,260,10.408680
15160992491,244,10.408672
39628799713,254,10.408632
39629462611,254,10.408626
32702058643,252,10.408619
58203805259,258,10.408591
18376841683,246,10.408576
32705343163,252,10.408576
58206447619,258,10.408572
85493728079,262,10.408510
22277840251,248,10.408422
48049522529,256,10.408409
15172129613,244,10.408346
70586557729,260,10.408282
48068163467,256,10.408245
394086313,206,10.408204
39670996117,254,10.408178
70604950561,260,10.408175
58277532919,258,10.408059
58280821631,258,10.408036
58283459441,258,10.408017
32749249693,252,10.407999
48096663047,256,10.407994
39694643161,254,10.407925
48110370689,256,10.407873
3956821027,230,10.407849
18411277979,246,10.407751
85662599423,262,10.407695
58330439989,258,10.407679
39717863167,254,10.407675
10346797537,240,10.407658
10346903293,240,10.407654
85679439749,262,10.407614
5814950677,234,10.407540
32785114051,252,10.407529
85702553249,262,10.407502
27055393151,250,10.407495
48154440833,256,10.407486
32797194511,252,10.407371
58378549709,258,10.407332
58385074981,258,10.407286
10355367203,240,10.407285
32805756481,252,10.407258
27073410599,250,10.407206
2226223297,224,10.407194
70777290049,260,10.407159
85790256971,262,10.407079
39777703111,254,10.407033
39779467171,254,10.407014
5822511727,234,10.406940
22354169311,248,10.406928
18446876809,246,10.406901
58450703489,258,10.406814
85852540331,262,10.406779
32845422853,252,10.406739
70851420313,260,10.406722
5825458267,234,10.406705
32848874953,252,10.406693
7061484163,236,10.406598
85893822149,262,10.406580
22372062007,248,10.406579
32858518003,252,10.406568
39822241717,254,10.406556
32861932933,252,10.406523
39830137297,254,10.406471
39837611371,254,10.406391
58527829021,258,10.406260
70939768261,260,10.406203
58542057311,258,10.406158
39864829273,254,10.406100
1034437289,216,10.406066
22398502999,248,10.406063
48326936549,256,10.405973
12587628181,242,10.405926
48335057483,256,10.405902
27155591417,250,10.405892
86043050801,262,10.405863
58585627549,258,10.405846
10389864671,240,10.405784
22415184031,248,10.405738
32923461401,252,10.405719
71025696961,260,10.405699
48368454419,256,10.405610
8578356329,238,10.405505
15269888747,244,10.405495
18506876873,246,10.405472
39936586747,254,10.405334
10401934847,240,10.405260
58677345527,258,10.405190
58691064379,258,10.405091
86209031543,262,10.405066
58698505009,258,10.405038
58706952481,258,10.404978
32982120403,252,10.404955
71166310987,260,10.404876
71167480249,260,10.404869
22461193537,248,10.404842
86267776559,262,10.404785
32997819683,252,10.404750
22466078461,248,10.404748
86276700353,262,10.404742
48470992667,256,10.404715
86292775739,262,10.404665
48480683123,256,10.404630
58757112467,258,10.404619
18542937839,246,10.404614
33010488649,252,10.404585
71244678343,260,10.404417
71246025241,260,10.404409
33024456559,252,10.404404
1524503567,220,10.404383
58790523019,258,10.404381
40032007441,254,10.404316
2714213549,226,10.404309
86374076573,262,10.404276
48528130187,256,10.404216
86399216609,262,10.404156
86399514413,262,10.404155
22496684677,248,10.404154
86403388349,262,10.404136
71309471953,260,10.404038
86436897983,262,10.403975
86448442631,262,10.403921
33077518711,252,10.403714
5863567981,234,10.403687
86498553671,262,10.403682
18584125319,246,10.403639
86509116269,262,10.403631
12653087113,242,10.403605
8615082899,238,10.403562
58906025741,258,10.403558
40103743051,254,10.403553
27307593659,250,10.403476
86545321931,262,10.403458
27309146087,250,10.403451
86568790169,262,10.403346
15344529023,244,10.403332
48632586047,256,10.403307
58946365409,258,10.403271
33113686483,252,10.403244
33121549943,252,10.403142
86622813713,262,10.403089
15353182181,244,10.403082
86637928211,262,10.403016
58996277707,258,10.402915
59001079999,258,10.402882
48682798529,256,10.402871
584838071,210,10.402814
33150240731,252,10.402771
3999849949,230,10.402758
71533750417,260,10.402732
71536743973,260,10.402715
10461748657,240,10.402674
86710511021,262,10.402670
22573388689,248,10.402668
59036875951,258,10.402627
27362149949,250,10.402612
59040380177,258,10.402602
33164468243,252,10.402586
10464297269,240,10.402564
59050009097,258,10.402534
71582868103,260,10.402446
33178167259,252,10.402409
4851664409,232,10.402380
86772757061,262,10.402374
10469442271,240,10.402343
59079515491,258,10.402324
59081629639,258,10.402309
18642174259,246,10.402267
71618137603,260,10.402241
8642137151,238,10.402136
15387274823,244,10.402098
59117305277,258,10.402056
48783871937,256,10.401994
1532150003,220,10.401922
59142810731,258,10.401875
59166896797,258,10.401704
48818588219,256,10.401693
8650738517,238,10.401684
33234366623,252,10.401682
59174215601,258,10.401652
59176080581,258,10.401639
3308122261,228,10.401628
59181426637,258,10.401601
86936565059,262,10.401595
48831570539,256,10.401581
27430093037,250,10.401538
27431286677,250,10.401520
71749956763,260,10.401476
59202850607,258,10.401449
12714713941,242,10.401433
71758794607,260,10.401424
71762515087,260,10.401402
12716523289,242,10.401369
86990230469,262,10.401340
33265725221,252,10.401278
5894615897,234,10.401246
5894743091,234,10.401236
12720925681,242,10.401215
27457448831,250,10.401107
87046388909,262,10.401073
71829702739,260,10.401013
71829694333,260,10.401013
71840083327,260,10.400953
33295508153,252,10.400893
71852948047,260,10.400879
87091060193,262,10.400862
40358399581,254,10.400857
87123019631,262,10.400710
87124525793,262,10.400703
87127667981,262,10.400688
12735953029,242,10.400686
15436709723,244,10.400676
87134367539,262,10.400657
48942604619,256,10.400621
48966899117,256,10.400412
33333907753,252,10.400398
59351862491,258,10.400395
59355037801,258,10.400373
33337875569,252,10.400348
40407196903,254,10.400342
71949076219,260,10.400323
40417049221,254,10.400238
87224441141,262,10.400230
27534498491,250,10.399895
22719723487,248,10.399849
59430012959,258,10.399843
33381078553,252,10.399792
87321217499,262,10.399773
59454647789,258,10.399670
18754038959,246,10.399635
72070991803,260,10.399618
7169845003,236,10.399614
87358738739,262,10.399595
72083108509,260,10.399549
33403223423,252,10.399507
87396034283,262,10.399419
72105995449,260,10.399416
18766882609,246,10.399335
49094285663,256,10.399314
59508541627,258,10.399290
49100241023,256,10.399262
5920416823,234,10.399227
2743237199,226,10.399218
59520350339,258,10.399207
18772900439,246,10.399194
59531667281,258,10.399127
87461042243,262,10.399112
40524852091,254,10.399104
18777308479,246,10.399091
72180525121,260,10.398987
33449690899,252,10.398911
59566859791,258,10.398880
72222614473,260,10.398745
8707437269,238,10.398715
7184161417,236,10.398700
33474810091,252,10.398588
72269648749,260,10.398474
59626570979,258,10.398459
33485330563,252,10.398454
22793264419,248,10.398440
72278194033,260,10.398424
59633119597,258,10.398414
22795623859,248,10.398395
72285647557,260,10.398381
18808793869,246,10.398354
12803802091,242,10.398312
72297759301,260,10.398312
87635977409,262,10.398287
10565383267,240,10.398232
5933681011,234,10.398192
72325365223,260,10.398153
590184269,210,10.398127
273469943,202,10.398060
87686078069,262,10.398051
49241395397,256,10.398050
87691316591,262,10.398026
18823293227,246,10.398015
40629320257,254,10.398008
49248154649,256,10.397992
72354184843,260,10.397987
59702576677,258,10.397925
87729339119,262,10.397848
72379501633,260,10.397841
72384504121,260,10.397813
87739843463,262,10.397799
59740079911,258,10.397663
49291121423,256,10.397624
87797920139,262,10.397526
87803801681,262,10.397498
10583092951,240,10.397476
27693412463,250,10.397406
4045885687,230,10.397376
33574797461,252,10.397308
59814802661,258,10.397139
72502708129,260,10.397135
1053134653,216,10.397094
72510556981,260,10.397090
7209997747,236,10.397056
72541697353,260,10.396911
49379665607,256,10.396866
27735310049,250,10.396751
59871239479,258,10.396744
59872253057,258,10.396737
59879473321,258,10.396687
18880454023,246,10.396683
3342910147,228,10.396666
33626570753,252,10.396647
59889271859,258,10.396618
27746820161,250,10.396572
59904605857,258,10.396510
33637636391,252,10.396506
72617557603,260,10.396477
33644710069,252,10.396417
18893161739,246,10.396387
88041230789,262,10.396383
59930537851,258,10.396329
33658690991,252,10.396238
33660705271,252,10.396213
33661615483,252,10.396201
27773307923,250,10.396160
59960359177,258,10.396121
40810294717,254,10.396116
2761176923,226,10.396099
8758107971,238,10.396079
7227030649,236,10.395975
88138383323,262,10.395928
1055610089,216,10.395919
72716880319,260,10.395908
59995293731,258,10.395877
72726101857,260,10.395856
60000128707,258,10.395843
72728536057,260,10.395842
18916854487,246,10.395837
40837378207,254,10.395834
72731439301,260,10.395825
60002667821,258,10.395825
60005406661,258,10.395806
18924800183,246,10.395652
72762596443,260,10.395647
33707608223,252,10.395616
49529313233,256,10.395589
40861790833,254,10.395580
60043974509,258,10.395536
27813391643,250,10.395536
22946303461,248,10.395523
27816057161,250,10.395494
49552747547,256,10.395389
49565303027,256,10.395282
88279606553,262,10.395268
8773756241,238,10.395268
72831659977,260,10.395253
22962760459,248,10.395211
33742214981,252,10.395175
8776397159,238,10.395132
72856766383,260,10.395109
49588454837,256,10.395084
72865410259,260,10.395061
40919761723,254,10.394977
72884105137,260,10.394954
12901405861,242,10.394920
33763323359,252,10.394907
40935593311,254,10.394813
72909701017,260,10.394808
60166065881,258,10.394686
72933945709,260,10.394670
60171852539,258,10.394646
60174659381,258,10.394627
40953597571,254,10.394626
60179667227,258,10.394591
72955432393,260,10.394547
60188787431,258,10.394528
88458767363,262,10.394432
40975301377,254,10.394400
33804207911,252,10.394388
18981741803,246,10.394333
73002113707,260,10.394281
40990034203,254,10.394247
88507850201,262,10.394203
33820329079,252,10.394184
60238193131,258,10.394184
60241000409,258,10.394165
73038202381,260,10.394076
27907997111,250,10.394069
73039959697,260,10.394066
33831419659,252,10.394043
60264035119,258,10.394005
41017898737,254,10.393958
88560560411,262,10.393958
60271736059,258,10.393951
49725022583,256,10.393924
41028505543,254,10.393847
88586461751,262,10.393837
19005458359,246,10.393785
10671291889,240,10.393740
60303106109,258,10.393733
88627300733,262,10.393647
60316367471,258,10.393641
49771146497,256,10.393533
60333556861,258,10.393522
60344163751,258,10.393449
73151453863,260,10.393433
5995710583,234,10.393390
73160105791,260,10.393383
5995913503,234,10.393374
60357684329,258,10.393354
33899955871,252,10.393176
49814410697,256,10.393167
73201569223,260,10.393147
19034189257,246,10.393121
60395192771,258,10.393094
33908734459,252,10.393064
33911034559,252,10.393036
33913990303,252,10.392999
27977727143,250,10.392990
73231115017,260,10.392980
49838935889,256,10.392959
10692333383,240,10.392853
10693166543,240,10.392817
60435729839,258,10.392814
27990810557,250,10.392788
4952665853,232,10.392779
60442084907,258,10.392770
33933603211,252,10.392751
88820515523,262,10.392750
88829781611,262,10.392706
49880940839,256,10.392603
60466928569,258,10.392597
19057692209,246,10.392579
23102008357,248,10.392577
88882421423,262,10.392462
33957304343,252,10.392451
60494085737,258,10.392409
60500687237,258,10.392364
33970073429,252,10.392290
88933712669,262,10.392224
49927072163,256,10.392213
73372509607,260,10.392179
60539150029,258,10.392097
60546215959,258,10.392049
33990564991,252,10.392032
33995844661,252,10.391965
4093003699,230,10.391936
23136916339,248,10.391920
12990257659,242,10.391856
60580196827,258,10.391814
60584574179,258,10.391784
23148865171,248,10.391695
60599600317,258,10.391680
60602773087,258,10.391658
60608568851,258,10.391618
15755691467,244,10.391616
34026598631,252,10.391578
10723021151,240,10.391563
4096376617,230,10.391550
50013061667,256,10.391487
41257000333,254,10.391486
60635476589,258,10.391433
8848594259,238,10.391414
34040380133,252,10.391404
60643525489,258,10.391376
73525253899,260,10.391315
60655611089,258,10.391294
50044143623,256,10.391225
8853676859,238,10.391153
28097703929,250,10.391142
73558136293,260,10.391129
28100725313,250,10.391095
73571062339,260,10.391056
6026153593,234,10.391052
73572438649,260,10.391048
41308217527,254,10.390959
60707727649,258,10.390934
73599353407,260,10.390897
89248277381,262,10.390769
41327700853,254,10.390759
15786348191,244,10.390756
89253806093,262,10.390743
73632220897,260,10.390712
50106052583,256,10.390703
73639939987,260,10.390668
23209758709,248,10.390552
89301543563,262,10.390523
60773182027,258,10.390483
89311723979,262,10.390476
73701203659,260,10.390323
60796857851,258,10.390320
50152927109,256,10.390309
41372477677,254,10.390298
15803632553,244,10.390271
23231626837,248,10.390141
60824218177,258,10.390132
60825194279,258,10.390125
89400131609,262,10.390069
34149323381,252,10.390035
41398930327,254,10.390026
73763727217,260,10.389971
60856437209,258,10.389910
4983353279,232,10.389904
34161836249,252,10.389878
2797399133,226,10.389871
60867005341,258,10.389837
60867661919,258,10.389833
41424930373,254,10.389760
89467546361,262,10.389758
60878797849,258,10.389756
19181260867,246,10.389742
34173016721,252,10.389738
89483843759,262,10.389683
34177549673,252,10.389681
60891589259,258,10.389668
73831286491,260,10.389590
60913828139,258,10.389516
28206123119,250,10.389479
15832218827,244,10.389472
73857987283,260,10.389441
60927747497,258,10.389421
60940289467,258,10.389334
89560415981,262,10.389331
73881332923,260,10.389309
60950298697,258,10.389265
34229088763,252,10.389036
89667571793,262,10.388838
41516420203,254,10.388823
89672374499,262,10.388816
34251372871,252,10.388757
8901484751,238,10.388711
41529321517,254,10.388690
34257773773,252,10.388677
8902428107,238,10.388662
73999346887,260,10.388646
61050896237,258,10.388576
10794758441,240,10.388564
89750236139,262,10.388458
19237808063,246,10.388451
89761680269,262,10.388406
28276986527,250,10.388395
74051452291,260,10.388354
89776253261,262,10.388339
8909642657,238,10.388295
34293061261,252,10.388236
74082927103,260,10.388178
61116138431,258,10.388129
8913034787,238,10.388123
15880820987,244,10.388116
41587501051,254,10.388095
74114392459,260,10.388001
8917793321,238,10.387880
41613045421,254,10.387835
19280287009,246,10.387483
74216708611,260,10.387429
61242259957,258,10.387266
41670325201,254,10.387250
13125732343,242,10.387229
74255967883,260,10.387210
1914090943,222,10.387176
90039783131,262,10.387132
28363501379,250,10.387077
90065308631,262,10.387015
90075977531,262,10.386967
74302951687,260,10.386947
23409531121,248,10.386822
61307884811,258,10.386819
90111853943,262,10.386803
41716763311,254,10.386777
23413899409,248,10.386741
90132675263,262,10.386707
34422156193,252,10.386627
23421778741,248,10.386594
6085409381,234,10.386539
50603772389,256,10.386537
34429839809,252,10.386532
61350524447,258,10.386528
74385673519,260,10.386485
41746865647,254,10.386471
61377635441,258,10.386343
90219763979,262,10.386310
74417550787,260,10.386308
41772540841,254,10.386209
41775136903,254,10.386183
50651473409,256,10.386140
19339520393,246,10.386138
74451089029,260,10.386121
61417672487,258,10.386070
23449972681,248,10.386070
15954728717,244,10.386064
13161701989,242,10.386009
19345619687,246,10.386000
61429666007,258,10.385989
19346164043,246,10.385987
23462890471,248,10.385831
3420364159,228,10.385818
90328077503,262,10.385816
74508448933,260,10.385801
61457399959,258,10.385800
19355275879,246,10.385780
19356335357,246,10.385756
15966966173,244,10.385724
34497523579,252,10.385691
41825184001,254,10.385674
61486616857,258,10.385602
50719332149,256,10.385575
50720261117,256,10.385568
23486298841,248,10.385398
50752953347,256,10.385296
50756307383,256,10.385268
74611640179,260,10.385227
3425046637,228,10.385171
74622851617,260,10.385165
34540066531,252,10.385163
28491087143,250,10.385140
15989710523,244,10.385095
34546726391,252,10.385081
61569956957,258,10.385036
13191849613,242,10.384989
28501676339,250,10.384980
34559808193,252,10.384919
74677147747,260,10.384863
61600240241,258,10.384830
890266607,214,10.384805
90556896179,262,10.384774
90558983729,262,10.384765
34576071961,252,10.384718
28519117577,250,10.384716
34576574783,252,10.384711
90571139699,262,10.384709
41920590913,254,10.384707
90578466059,262,10.384676
10889746199,240,10.384626
34583710241,252,10.384624
61641334829,258,10.384551
34592540681,252,10.384514
34593064403,252,10.384507
74741985709,260,10.384503
34594847723,252,10.384485
19415864123,246,10.384411
61663879657,258,10.384398
19416921683,246,10.384387
61669584037,258,10.384359
50867130443,256,10.384350
61676687459,258,10.384312
41964954553,254,10.384258
8989967429,238,10.384228
8990341211,238,10.384209
74801660623,260,10.384172
90694676273,262,10.384149
50892035927,256,10.384144
34625115323,252,10.384111
74819284399,260,10.384074
61724585317,258,10.383986
8995201247,238,10.383964
74846910793,260,10.383922
61739666321,258,10.383884
90771526823,262,10.383800
61757808731,258,10.383762
90789571049,262,10.383718
74893734541,260,10.383662
74901517267,260,10.383618
90811635353,262,10.383618
42029791927,254,10.383603
10915017643,240,10.383585
5052198419,232,10.383524
74924008039,260,10.383494
90843661739,262,10.383472
10918852969,240,10.383427
61807732037,258,10.383425
90856825049,262,10.383413
19460126317,246,10.383412
74946746881,260,10.383368
1929244631,222,10.383345
74966829991,260,10.383257
23603291821,248,10.383237
74980957621,260,10.383180
61846298929,258,10.383163
34703046871,252,10.383149
42084861151,254,10.383047
6132012151,234,10.383023
42097028131,254,10.382924
6133909387,234,10.382880
75044005117,260,10.382831
51066170633,256,10.382705
61921529141,258,10.382656
3443923429,228,10.382572
28662064559,250,10.382560
61961539439,258,10.382386
91087903799,262,10.382368
7445590783,236,10.382349
4177948447,230,10.382300
42160756501,254,10.382282
91130489003,262,10.382175
28688227133,250,10.382167
42172563637,254,10.382163
42184711507,254,10.382041
34799132281,252,10.381967
62040129127,258,10.381856
75226758619,260,10.381823
62048876611,258,10.381798
34815807731,252,10.381762
42218412361,254,10.381702
34821860639,252,10.381687
62065431341,258,10.381686
62072562659,258,10.381638
91292011829,262,10.381447
51230922503,256,10.381349
13300208773,242,10.381345
75329575129,260,10.381256
23712197959,248,10.381236
42277320991,254,10.381111
62152898729,258,10.381098
34876795531,252,10.381013
75386207851,260,10.380944
16141143617,244,10.380930
62181260129,258,10.380907
62190286439,258,10.380846
34893541841,252,10.380808
34895077649,252,10.380789
91441392023,262,10.380774
34896706441,252,10.380769
62204389391,258,10.380752
7472074627,236,10.380727
91461925823,262,10.380682
91464096263,262,10.380672
10986154567,240,10.380667
91471614953,262,10.380639
1940105341,222,10.380619
6164177027,234,10.380613
34912209179,252,10.380579
16154886221,244,10.380554
91514033333,262,10.380448
34925570741,252,10.380415
62264842529,258,10.380346
19597328329,246,10.380334
91557561653,262,10.380253
23773120429,248,10.380121
91594259621,262,10.380088
75556802227,260,10.380008
13344038611,242,10.379880
7486147717,236,10.379868
2856963059,226,10.379816
62343948259,258,10.379816
75597598213,260,10.379785
62367774977,258,10.379656
34989944123,252,10.379628
75646497391,260,10.379517
91722380369,262,10.379513
35000017303,252,10.379505
19634703527,246,10.379499
28867050467,250,10.379488
62400687127,258,10.379436
6179977057,234,10.379435
13357707361,242,10.379424
9086104847,238,10.379410
42449305501,254,10.379389
35011872101,252,10.379360
23817744127,248,10.379307
42459551527,254,10.379286
75699159919,260,10.379228
35025039211,252,10.379200
2359309987,224,10.379195
742476871,212,10.379182
75713401717,260,10.379150
75731172277,260,10.379053
19656216893,246,10.379020
62466323939,258,10.378997
28906030001,250,10.378906
11029748227,240,10.378889
75766950367,260,10.378857
16218621527,244,10.378816
62494329977,258,10.378810
62503416229,258,10.378749
51558417263,256,10.378667
416928763,206,10.378657
35070731083,252,10.378642
62522601439,258,10.378621
19676340653,246,10.378572
51574675469,256,10.378534
62540257201,258,10.378503
7509625699,236,10.378439
6193548811,234,10.378425
91972505759,262,10.378393
91974790373,262,10.378383
28941409727,250,10.378380
75876403843,260,10.378259
92014188659,262,10.378207
75895496857,260,10.378155
19695225233,246,10.378152
42576256477,254,10.378122
62599078237,258,10.378111
42582441697,254,10.378060
613768291,210,10.377993
62620993559,258,10.377964
51659933627,256,10.377839
92102730959,262,10.377811
13406475343,242,10.377802
92107844579,262,10.377789
19711662319,246,10.377787
19711919729,246,10.377781
35143682459,252,10.377754
9119797361,238,10.377735
62698218839,258,10.377450
76036064173,260,10.377388
35174759561,252,10.377377
23929194259,248,10.377279
76057762171,260,10.377270
76066696759,260,10.377221
92241623171,262,10.377192
35192968511,252,10.377155
1096104749,216,10.377118
6211152397,234,10.377118
62750075617,258,10.377105
35199831313,252,10.377072
62761715327,258,10.377028
76110160297,260,10.376985
51765409583,256,10.376981
92298992921,262,10.376937
29042248841,250,10.376881
62793381631,258,10.376817
76142591761,260,10.376808
42716957497,254,10.376723
92347157873,262,10.376722
4228361959,230,10.376682
35233651909,252,10.376661
51807764909,256,10.376637
92367700553,262,10.376631
92374000241,262,10.376603
92377295603,262,10.376588
6219315997,234,10.376514
62845406909,258,10.376472
35250286849,252,10.376460
42745701961,254,10.376438
42746241607,254,10.376432
35254350673,252,10.376410
62866208567,258,10.376333
16313555213,244,10.376240
16313924021,244,10.376230
35274741443,252,10.376163
51866728679,256,10.376159
35275789693,252,10.376151
76264891861,260,10.376143
51872941787,256,10.376108
19788142709,246,10.376092
35281785493,252,10.376079
7548682789,236,10.376072
29097519851,250,10.376062
62926636937,258,10.375933
16327911317,244,10.375852
76326879523,260,10.375808
62947529191,258,10.375793
92557397003,262,10.375788
62949709231,258,10.375779
9159507341,238,10.375770
19802740057,246,10.375769
51915306329,256,10.375765
24014966221,248,10.375726
7554943987,236,10.375693
92585139131,262,10.375665
62980915831,258,10.375572
76387768621,260,10.375477
35340791719,252,10.375364
76427167339,260,10.375263
9172553477,238,10.375126
11122933319,240,10.375114
42882497521,254,10.375084
63055617517,258,10.375078
35367210661,252,10.375045
63067150177,258,10.375002
63084647291,258,10.374886
42905861353,254,10.374853
76513170817,260,10.374798
29183164811,250,10.374797
35389222553,252,10.374780
63101785231,258,10.374773
35390904301,252,10.374759
16368475973,244,10.374757
76531645999,260,10.374698
35400867041,252,10.374639
63123583177,258,10.374628
35415340409,252,10.374464
92857864241,262,10.374456
76584629509,260,10.374412
76595456401,260,10.374353
42962536807,254,10.374293
76612802863,260,10.374259
13513959559,242,10.374249
19873966529,246,10.374198
76628067799,260,10.374177
52119561017,256,10.374114
11148173189,240,10.374098
16393636991,244,10.374080
42988496647,254,10.374038
35451460981,252,10.374029
52137107783,256,10.373973
76666552423,260,10.373969
76685829769,260,10.373865
16401964727,244,10.373856
63241074431,258,10.373853
16403610521,244,10.373811
6256878977,234,10.373744
19895393299,246,10.373727
11157437689,240,10.373726
63262429679,258,10.373712
93045615851,262,10.373627
76731170983,260,10.373620
93058455383,262,10.373569
93059083499,262,10.373567
35490862391,252,10.373554
76744100617,260,10.373550
35492384833,252,10.373536
43040006161,254,10.373530
29271754637,250,10.373492
93079182929,262,10.373478
93083782769,262,10.373458
5163524141,232,10.373405
43065553903,254,10.373279
93132551021,262,10.373243
76830858439,260,10.373083
63369764201,258,10.373005
35539172693,252,10.372973
16434843107,244,10.372972
76856195749,260,10.372947
19932851957,246,10.372904
43107259417,254,10.372869
76916303509,260,10.372623
11185396393,240,10.372603
29332990487,250,10.372592
76939250203,260,10.372499
76942908853,260,10.372480
63458268421,258,10.372423
52330413977,256,10.372416
19955662409,246,10.372403
11193691811,240,10.372272
29359048673,250,10.372211
63498431587,258,10.372159
77003568673,260,10.372154
77008703557,260,10.372127
29366170859,250,10.372106
93394963139,262,10.372087
63520508047,258,10.372014
29373584843,250,10.371997
63528522719,258,10.371962
77043010987,260,10.371942
77044979083,260,10.371931
19977413353,246,10.371927
63541140029,258,10.371879
19980001253,246,10.371870
9239423147,238,10.371841
77067181291,260,10.371812
93477090743,262,10.371727
13593001813,242,10.371656
24241551811,248,10.371651
24242099611,248,10.371641
24243021091,248,10.371624
93508808843,262,10.371587
63593564917,258,10.371535
77123351731,260,10.371511
63597432281,258,10.371510
9246894611,238,10.371476
52450521653,256,10.371453
63608173087,258,10.371439
43253579881,254,10.371434
63610961291,258,10.371421
20000631269,246,10.371419
1344576001,218,10.371399
29418976217,250,10.371333
63642926029,258,10.371211
93603001781,262,10.371174
43281671647,254,10.371159
52492465439,256,10.371118
63667161157,258,10.371053
93638692991,262,10.371017
77220364939,260,10.370991
24278754337,248,10.370985
43308287443,254,10.370898
29451073331,250,10.370864
16513687373,244,10.370862
6297489041,234,10.370770
35726130371,252,10.370734
1980138001,222,10.370714
9262834127,238,10.370698
24301294189,248,10.370583
93741486263,262,10.370567
63742601387,258,10.370559
63742849759,258,10.370558
20041614743,246,10.370524
13628866399,242,10.370485
93771150611,262,10.370437
5197083161,232,10.370400
77341183639,260,10.370344
43367166727,254,10.370323
77347131013,260,10.370312
349376983,204,10.370248
63793557187,258,10.370226
77377384639,260,10.370151
93839679413,262,10.370137
93848081279,262,10.370101
3536103341,228,10.370098
63816996311,258,10.370072
9275801567,238,10.370066
16545142223,244,10.370024
11251363919,240,10.369968
77411573857,260,10.369967
63834539281,258,10.369958
77414108617,260,10.369954
77418459109,260,10.369931
20070994747,246,10.369884
63850447811,258,10.369854
52652733797,256,10.369837
93946846991,262,10.369669
77472507781,260,10.369642
77473662751,260,10.369637
35819263933,252,10.369623
43444925443,254,10.369565
77497820551,260,10.369507
77500985713,260,10.369491
20091053009,246,10.369447
94000921919,262,10.369432
43464228307,254,10.369377
77536201507,260,10.369303
77539610917,260,10.369285
20099189689,246,10.369270
20099782253,246,10.369257
35862063239,252,10.369113
77602376779,260,10.368950
77609399761,260,10.368912
94144495433,262,10.368806
94147813181,262,10.368792
43526551423,254,10.368771
64020620347,258,10.368745
29597814161,250,10.368726
64024917521,258,10.368717
94176078119,262,10.368669
29602248701,250,10.368662
77657044453,260,10.368658
20129038613,246,10.368622
6327445343,234,10.368589
35908255631,252,10.368565
94208507201,262,10.368527
35914804031,252,10.368486
77696145271,260,10.368450
52829033837,256,10.368433
94233731621,262,10.368418
77708895067,260,10.368382
77718232783,260,10.368333
64084717519,258,10.368328
64092099601,258,10.368280
29633027033,250,10.368215
64103314459,258,10.368207
64103976611,258,10.368203
24435252301,248,10.368199
43590907057,254,10.368145
77757205363,260,10.368126
29640740081,250,10.368103
20154381083,246,10.368072
52899775559,256,10.367871
24454678057,248,10.367855
94383222953,262,10.367767
20173661503,246,10.367654
77849021659,260,10.367638
52939604063,256,10.367555
64208059109,258,10.367527
36000218981,252,10.367473
36001701413,252,10.367455
64219941091,258,10.367450
64223217131,258,10.367429
77897768119,260,10.367379
43672328221,254,10.367355
29707059953,250,10.367142
64280387461,258,10.367058
77961854743,260,10.367039
64286495369,258,10.367019
64291677679,258,10.366984
36042190741,252,10.366976
11327305531,240,10.366955
43713976321,254,10.366952
29726920997,250,10.366855
36056138303,252,10.366811
78010353511,260,10.366782
64325245849,258,10.366767
53042258099,256,10.366742
78030283999,260,10.366676
24521720239,248,10.366669
53054853389,256,10.366642
36071321179,252,10.366632
78073133473,260,10.366449
94735475321,262,10.366240
78129497287,260,10.366151
94762391429,262,10.366122
78135654811,260,10.366118
78144282787,260,10.366073
36119133641,252,10.366067
64442672971,258,10.366008
78156822847,260,10.366007
29786645507,250,10.365992
6363538711,234,10.365976
78180096937,260,10.365884
78180775423,260,10.365880
24567443221,248,10.365862
78186411967,260,10.365850
36142691989,252,10.365788
9365033297,238,10.365742
20263757993,246,10.365707
78220079209,260,10.365672
64498921411,258,10.365644
64501835527,258,10.365625
11361546409,240,10.365603
64513496441,258,10.365550
78244931041,260,10.365541
64523641277,258,10.365485
36168715943,252,10.365481
94911057641,262,10.365479
6370829093,234,10.365451
36175975291,252,10.365396
20279624773,246,10.365365
9373724627,238,10.365323
94960884971,262,10.365265
11371761451,240,10.365201
20287933007,246,10.365187
78315673753,260,10.365168
64574310869,258,10.365158
36197404091,252,10.365144
9379573901,238,10.365041
20296744739,246,10.364997
78351239557,260,10.364980
13800258841,242,10.364934
5258894051,232,10.364923
36222510031,252,10.364848
78381505261,260,10.364820
78395471587,260,10.364747
78397528633,260,10.364736
20312228297,246,10.364664
36239005039,252,10.364655
36240234881,252,10.364639
78417522913,260,10.364631
64666162061,258,10.364566
78442272793,260,10.364500
64684575047,258,10.364448
11391497893,240,10.364425
24649322389,248,10.364420
9392989037,238,10.364396
53348716007,256,10.364324
11394146593,240,10.364321
24655290769,248,10.364315
78488518399,260,10.364257
29915048027,250,10.364143
95229061769,262,10.364108
36288921989,252,10.364067
78528513397,260,10.364046
95253543323,262,10.364003
64757341349,258,10.363979
64758220427,258,10.363974
64762851479,258,10.363944
53401032449,256,10.363913
78556847329,260,10.363897
64771029871,258,10.363892
64777768387,258,10.363848
16780486493,244,10.363802
29939815163,250,10.363788
16781052143,244,10.363788
20356427459,246,10.363715
78594688987,260,10.363698
5273033783,232,10.363680
78605520571,260,10.363641
95343170189,262,10.363617
24699266659,248,10.363544
78627817321,260,10.363524
78637273147,260,10.363474
53458731917,256,10.363460
53472704183,256,10.363350
16800811451,244,10.363270
36364058173,252,10.363186
95450148389,262,10.363157
36366553973,252,10.363156
36367642951,252,10.363144
78723610549,260,10.363021
29995455419,250,10.362990
95494531439,262,10.362967
13861903831,242,10.362956
78749502043,260,10.362885
44136753553,254,10.362881
30003535619,250,10.362874
36395085691,252,10.362823
95528533889,262,10.362821
44145585457,254,10.362796
64944199609,258,10.362780
36404459171,252,10.362713
53555073827,256,10.362704
16822729961,244,10.362696
30017901899,250,10.362669
53565142907,256,10.362625
78805712893,260,10.362591
78807247243,260,10.362582
78807767317,260,10.362579
78816346261,260,10.362535
64983654649,258,10.362527
78821322079,260,10.362509
36433006453,252,10.362378
95639205191,262,10.362347
44199605887,254,10.362279
65022788447,258,10.362277
5289854363,232,10.362206
65041279669,258,10.362158
78899121247,260,10.362102
95703955649,262,10.362069
30062803481,250,10.362026
65064338789,258,10.362011
95742742793,262,10.361903
95743831943,262,10.361898
36480481981,252,10.361824
65094636307,258,10.361817
24798719311,248,10.361803
78963110041,260,10.361767
65118418459,258,10.361665
95803525691,262,10.361643
65122254907,258,10.361641
24810400777,248,10.361599
65145081997,258,10.361495
53720377583,256,10.361412
36517693603,252,10.361389
20470889239,246,10.361267
44307733663,254,10.361246
65188127377,258,10.361219
79079934601,260,10.361156
30128787539,250,10.361085
4371890647,230,10.361078
95947369433,262,10.361028
79108372171,260,10.361008
65221815727,258,10.361005
65228524709,258,10.360962
79124656957,260,10.360923
95988154343,262,10.360854
79152276829,260,10.360779
30151639211,250,10.360760
65264779997,258,10.360731
65271755141,258,10.360686
44368746463,254,10.360665
53818389329,256,10.360647
24865691017,248,10.360636
65287209269,258,10.360588
36590760841,252,10.360538
16907062877,244,10.360496
79209662887,260,10.360479
79211494561,260,10.360470
79214968171,260,10.360452
65312765257,258,10.360425
96091373753,262,10.360414
53855346323,256,10.360359
16914179453,244,10.360311
53862725639,256,10.360302
79244751871,260,10.360296
79249013269,260,10.360274
16916017493,244,10.360263
53869214279,256,10.360251
6443703961,234,10.360230
65346882179,258,10.360208
79262694289,260,10.360203
65348670901,258,10.360196
65349411031,258,10.360191
53891700197,256,10.360077
65372080121,258,10.360047
65381774539,258,10.359985
24903647581,248,10.359976
20532578107,246,10.359954
36641811223,252,10.359944
6447812083,234,10.359939
96218261693,262,10.359873
65407617679,258,10.359821
96240757859,262,10.359777
65428756499,258,10.359687
20546510227,246,10.359658
65439525289,258,10.359618
65444310209,258,10.359588
36674374523,252,10.359566
44484836911,254,10.359561
79409918167,260,10.359437
65471029837,258,10.359418
65472372011,258,10.359409
44502547261,254,10.359392
53984086073,256,10.359359
36700797571,252,10.359259
44519945947,254,10.359227
79458257503,260,10.359186
96393018941,262,10.359130
36714584471,252,10.359099
79476989653,260,10.359089
79479853261,260,10.359074
44536891327,254,10.359067
79489033069,260,10.359026
79507798891,260,10.358929
30282615719,250,10.358899
36741131563,252,10.358791
20589498653,246,10.358747
79546903753,260,10.358726
96491690069,262,10.358711
30298983401,250,10.358666
6466089263,234,10.358641
96524758271,262,10.358570
65620436989,258,10.358470
54100401449,256,10.358457
16985679497,244,10.358455
79601278693,260,10.358443
65628766397,258,10.358418
96562635623,262,10.358410
11546216807,240,10.358390
36778495849,252,10.358358
9521080727,238,10.358286
4398183337,230,10.358280
79646524411,260,10.358209
65665939951,258,10.358182
65666730271,258,10.358177
79654316773,260,10.358169
65676073657,258,10.358118
54145959713,256,10.358104
36800667179,252,10.358102
6473785231,234,10.358095
36815604323,252,10.357929
65714195639,258,10.357877
54175286909,256,10.357877
65719212469,258,10.357844
65727184331,258,10.357794
20635869949,246,10.357765
79736930521,260,10.357741
65747212759,258,10.357668
54203156999,256,10.357661
65749485349,258,10.357653
44687437891,254,10.357641
11567468161,240,10.357568
65766593831,258,10.357545
96783158243,262,10.357475
3632423849,228,10.357438
36866864963,252,10.357337
30394791671,250,10.357312
30396864269,250,10.357283
30400592441,250,10.357230
6486112921,234,10.357223
79848072121,260,10.357166
36883025789,252,10.357150
65831691647,258,10.357134
44742625507,254,10.357120
79870162927,260,10.357052
30413383703,250,10.357050
65845555141,258,10.357046
17040276353,244,10.357044
65851848347,258,10.357006
79881228913,260,10.356995
14049684739,242,10.356988
20673428179,246,10.356973
25077712417,248,10.356962
20673998623,246,10.356960
65860713811,258,10.356951
2997694829,226,10.356944
44762343427,254,10.356934
65867118697,258,10.356910
11588846609,240,10.356743
1385306071,218,10.356694
79958449267,260,10.356596
44799536647,254,10.356583
30449907923,250,10.356535
36936487283,252,10.356534
36941578313,252,10.356475
79986670417,260,10.356451
65941552681,258,10.356441
20699838697,246,10.356416
30459145979,250,10.356404
54366292823,256,10.356401
36948172993,252,10.356399
36948275899,252,10.356398
97043503691,262,10.356376
80007411703,260,10.356344
30463763963,250,10.356339
36953570551,252,10.356337
25115079799,248,10.356318
36956523269,252,10.356303
80022335329,260,10.356267
25119568651,248,10.356241
80030153041,260,10.356227
65975552717,258,10.356226
54389477759,256,10.356223
97081782593,262,10.356215
44840007463,254,10.356202
65981551357,258,10.356188
44842859617,254,10.356174
36968689553,252,10.356163
80045101321,260,10.356150
44850818821,254,10.356100
20716051663,246,10.356074
36977836003,252,10.356057
25132861987,248,10.356012
66015818587,258,10.355972
97153433183,262,10.355912
36991792811,252,10.355897
25140884971,248,10.355874
54439068083,256,10.355842
97193300363,262,10.355744
66064420321,258,10.355666
54476453627,256,10.355554
25160247439,248,10.355541
3647622749,228,10.355474
11622421873,240,10.355450
97286169779,262,10.355353
80204172907,260,10.355330
17108928323,244,10.355277
25177870981,248,10.355238
80224730983,260,10.355225
80226604687,260,10.355215
66136753477,258,10.355211
20758018403,246,10.355192
66141440347,258,10.355183
7903137097,236,10.355180
97328673749,262,10.355175
14107620763,242,10.355165
37057199843,252,10.355145
54538621517,256,10.355076
30554523383,250,10.355063
80257140277,260,10.355059
54554560607,256,10.354954
80284790389,260,10.354917
97392047699,262,10.354908
80292972703,260,10.354875
54564823847,256,10.354875
11638516817,240,10.354832
80301419593,260,10.354831
66211619021,258,10.354741
44999040181,254,10.354707
37096040053,252,10.354699
37097469889,252,10.354683
37098776383,252,10.354668
80335101823,260,10.354658
11643390413,240,10.354645
37109285539,252,10.354548
20789440579,246,10.354533
37112251433,252,10.354513
14128664443,242,10.354505
80374354759,260,10.354457
97508139269,262,10.354421
37121897479,252,10.354403
54628665593,256,10.354385
54629128223,256,10.354382
66275562887,258,10.354341
80400328369,260,10.354323
30608883857,250,10.354300
6527614771,234,10.354300
97537186739,262,10.354299
17148060821,244,10.354273
9607183457,238,10.354229
30615949127,250,10.354202
66303015587,258,10.354168
37142392151,252,10.354168
97570579091,262,10.354159
66305522869,258,10.354153
66306477151,258,10.354147
45061388863,254,10.354122
80445197359,260,10.354094
80445525997,260,10.354092
66324969167,258,10.354031
66333928327,258,10.353974
1689947243,220,10.353933
80480695237,260,10.353911
30640838651,250,10.353853
14152142773,242,10.353768
54712181393,256,10.353745
54719563139,256,10.353689
54719680517,256,10.353688
80524453099,260,10.353687
20830461347,246,10.353674
97691952161,262,10.353650
20831773349,246,10.353646
20832236459,246,10.353637
25271448721,248,10.353635
80547960013,260,10.353567
37196651533,252,10.353547
66406548317,258,10.353520
37200707123,252,10.353500
80569731493,260,10.353456
66437692879,258,10.353325
66439783169,258,10.353312
66441254591,258,10.353303
66441971159,258,10.353298
80600918737,260,10.353296
66450320309,258,10.353246
80611827931,260,10.353240
37223673241,252,10.353238
80613974137,260,10.353230
66457017499,258,10.353205
30688776827,250,10.353183
80627737903,260,10.353159
30699498341,250,10.353033
80658994021,260,10.352999
80661660223,260,10.352985
30705523127,250,10.352949
97859755529,262,10.352948
37250900339,252,10.352927
80687382793,260,10.352854
37259195473,252,10.352833
20885123983,246,10.352532
30735968759,250,10.352525
6552970033,234,10.352524
37290881483,252,10.352471
37292457451,252,10.352453
97978557683,262,10.352451
80770235599,260,10.352431
98001704609,262,10.352355
66593895127,258,10.352349
37302509869,252,10.352339
37304193313,252,10.352319
25350330637,248,10.352287
54905864837,256,10.352265
37312090381,252,10.352229
14202279493,242,10.352202
98056571111,262,10.352126
80838259417,260,10.352084
98081851991,262,10.352021
45290238127,254,10.351985
6560779937,234,10.351978
80859805483,260,10.351974
54944919317,256,10.351968
66659159597,258,10.351943
66669076349,258,10.351881
80878522129,260,10.351878
80878529701,260,10.351878
37344506939,252,10.351860
98124360263,262,10.351844
66677611339,258,10.351828
3676292527,228,10.351792
9659540729,238,10.351782
45312373471,254,10.351779
37357047751,252,10.351717
45319858183,254,10.351709
66696998947,258,10.351707
98168678291,262,10.351659
80932355131,260,10.351604
66731019079,258,10.351495
6568113823,234,10.351466
45347521273,254,10.351452
30813360857,250,10.351446
80966072263,260,10.351433
98235350159,262,10.351381
66752513831,258,10.351361
37396259491,252,10.351271
66772587107,258,10.351236
98270612123,262,10.351234
66775514699,258,10.351218
98277120713,262,10.351208
81013301227,260,10.351192
17272529597,244,10.351096
55061533127,256,10.351081
55063131857,256,10.351068
66803918941,258,10.351042
66815851159,258,10.350967
25428993199,248,10.350949
66819935359,258,10.350943
55080689957,256,10.350935
20963285443,246,10.350904
98357255189,262,10.350874
37445642281,252,10.350710
66857727589,258,10.350707
98401531463,262,10.350690
37449346079,252,10.350668
66867485101,258,10.350647
2504138167,224,10.350622
20981039069,246,10.350536
37462089121,252,10.350523
37462336783,252,10.350520
30880927097,250,10.350508
81166072321,260,10.350416
66906373931,258,10.350406
55151766437,256,10.350395
1702357367,220,10.350369
37478176921,252,10.350341
30894255419,250,10.350323
66923406721,258,10.350300
66923510501,258,10.350299
98533910669,262,10.350141
37502453269,252,10.350065
37503003431,252,10.350060
17314071527,244,10.350041
66966547819,258,10.350032
30919094147,250,10.349978
55209460853,256,10.349957
37514010271,252,10.349935
21010097089,246,10.349934
98588423579,262,10.349915
81268803859,260,10.349895
37519253041,252,10.349875
21015994669,246,10.349812
81285854281,260,10.349809
25497679237,248,10.349784
1158121487,216,10.349752
7998842323,236,10.349714
11773232699,240,10.349692
37535987161,252,10.349686
55256636759,256,10.349601
67038567059,258,10.349586
37546108669,252,10.349571
11776553549,240,10.349566
45561113113,254,10.349469
25517023141,248,10.349456
30957778301,250,10.349442
67063160951,258,10.349434
45566667823,254,10.349419
37562126731,252,10.349390
67073264119,258,10.349371
81373934683,260,10.349362
45577461847,254,10.349319
98739751301,262,10.349287
37571538241,252,10.349283
67096726919,258,10.349226
67098947297,258,10.349212
67105120237,258,10.349174
67107340739,258,10.349160
45595921351,254,10.349148
21049558883,246,10.349116
55322020769,256,10.349106
37589611211,252,10.349079
67121724497,258,10.349072
81432099409,260,10.349068
14307512683,242,10.348934
81458546083,260,10.348934
30995281103,250,10.348924
45621704827,254,10.348909
98837095211,262,10.348885
81475488847,260,10.348848
67163727901,258,10.348811
81496024081,260,10.348744
45639915697,254,10.348741
55379621519,256,10.348670
81520658041,260,10.348620
67194935761,258,10.348619
37630390799,252,10.348618
81521538517,260,10.348616
98915292743,262,10.348561
67204394527,258,10.348560
81551541433,260,10.348464
25577256889,248,10.348438
37646887081,252,10.348432
21083266453,246,10.348420
55415963363,256,10.348396
6613137607,234,10.348339
67245220187,258,10.348309
67248452317,258,10.348289
98993601599,262,10.348238
55437810797,256,10.348231
9736215029,238,10.348223
67260158227,258,10.348216
99001665071,262,10.348205
81607309177,260,10.348183
81611135659,260,10.348164
37673637653,252,10.348130
99023417621,262,10.348114
17392861427,244,10.348048
17393689853,244,10.348027
67296079061,258,10.347994
67297444499,258,10.347986
99056954681,262,10.347976
55472512577,256,10.347969
45723784453,254,10.347967
81661647211,260,10.347909
45730564057,254,10.347904
67333121857,258,10.347766
45746486761,254,10.347757
2076563089,222,10.347731
45755266597,254,10.347676
37715897803,252,10.347653
67365651979,258,10.347566
37725921223,252,10.347541
37726763861,252,10.347531
11831160307,240,10.347503
6625495777,234,10.347485
6625734763,234,10.347468
81749834539,260,10.347464
99200674151,262,10.347383
67396998337,258,10.347372
17420988593,244,10.347340
45795258277,254,10.347308
67409281711,258,10.347297
81794005621,260,10.347241
67418656567,258,10.347239
45807630181,254,10.347195
67432152377,258,10.347156
81828904141,260,10.347066
67448386877,258,10.347056
81832035463,260,10.347050
67458304861,258,10.346995
67458671129,258,10.346992
17435488877,244,10.346974
31139969837,250,10.346930
31142729897,250,10.346891
67486452497,258,10.346822
67500135511,258,10.346738
81898964383,260,10.346713
25679757067,248,10.346711
81900096283,260,10.346708
37799922689,252,10.346708
37800635911,252,10.346700
37803264869,252,10.346670
45871502071,254,10.346607
81928029409,260,10.346567
81935897773,260,10.346528
31173909911,250,10.346463
9775634291,238,10.346405
3719228479,228,10.346338
67567861301,258,10.346322
67574426809,258,10.346281
67574947361,258,10.346278
67584594521,258,10.346219
37848536249,252,10.346162
55718153303,256,10.346122
99524252909,262,10.346053
99526344209,262,10.346045
67615390811,258,10.346030
37861993583,252,10.346011
82040906587,260,10.346001
3722286749,228,10.345952
11873132671,240,10.345922
82067066101,260,10.345869
67642251199,258,10.345865
67646267197,258,10.345840
82074537313,260,10.345832
45971900413,254,10.345686
67684398829,258,10.345607
31237015217,250,10.345597
37902172141,252,10.345560
3725834401,228,10.345505
37908561143,252,10.345489
5484787181,232,10.345484
37912102303,252,10.345449
55810050869,256,10.345432
6655944233,234,10.345387
67724297411,258,10.345363
31257736709,250,10.345313
37929573839,252,10.345254
11891451083,240,10.345236
82196865739,260,10.345219
21239251457,246,10.345212
82203966997,260,10.345183
55851656327,256,10.345120
82226635111,260,10.345070
82228029259,260,10.345062
82251984433,260,10.344943
1721557091,220,10.344912
25787412817,248,10.344906
654832177,210,10.344884
55888733627,256,10.344844
99819462311,262,10.344843
67818475079,258,10.344786
82306742149,260,10.344669
55920615917,256,10.344605
82322410057,260,10.344590
99884477081,262,10.344577
67852898717,258,10.344576
67853506519,258,10.344572
82333572403,260,10.344535
55935559109,256,10.344494
21274541203,246,10.344490
82344521107,260,10.344480
99912853889,262,10.344461
17536132937,244,10.344449
31322343587,250,10.344429
99922371113,262,10.344422
99932929823,262,10.344378
82369250857,260,10.344357
17540566481,244,10.344338
25822915957,248,10.344312
17543424287,244,10.344267
99969512711,262,10.344230
99978070793,262,10.344194
38025250423,252,10.344184
31342939637,250,10.344148
67922913259,258,10.344148
82413632233,260,10.344134
38043070979,252,10.343985
56007270923,256,10.343958
21306481109,246,10.343837
21307027837,246,10.343826
6680358907,234,10.343713
68002737041,258,10.343660
966392237,214,10.343621
68020670777,258,10.343552
38088621089,252,10.343476
68033756677,258,10.343472
46219471063,254,10.343423
21329119363,246,10.343375
14489745019,242,10.343336
82585579591,260,10.343277
68067316657,258,10.343267
11945009299,240,10.343232
38115426703,252,10.343178
68083901159,258,10.343166
68098883009,258,10.343075
68101482181,258,10.343059
68112844489,258,10.342990
68115535289,258,10.342974
6691381523,234,10.342959
31432609049,250,10.342925
82661309707,260,10.342900
68129439619,258,10.342889
82674461473,260,10.342834
11956085551,240,10.342818
8122436869,236,10.342759
82692702571,260,10.342744
21362694149,246,10.342691
21363466063,246,10.342675
68170149401,258,10.342641
31456553603,250,10.342599
31457021861,250,10.342593
56195932229,256,10.342552
5521634813,232,10.342396
11967468199,240,10.342395
38188477181,252,10.342365
56225943329,256,10.342329
21381074579,246,10.342318
31478763353,250,10.342298
31480185323,250,10.342278
17624358161,244,10.342249
9867239051,238,10.342212
6702455261,234,10.342203
38207621789,252,10.342153
2548998961,224,10.342137
68259146849,258,10.342100
82823152807,260,10.342095
658488893,210,10.342047
21394557127,246,10.342043
46371696643,254,10.342038
31498441739,250,10.342030
56271948449,256,10.341988
3754280609,228,10.341936
6706627583,234,10.341919
68289361639,258,10.341917
68291512879,258,10.341904
11981430353,240,10.341875
4556044873,230,10.341857
68305257907,258,10.341820
82878913963,260,10.341819
68314379857,258,10.341764
82893808297,260,10.341744
25978070479,248,10.341728
38249539423,252,10.341687
68331278947,258,10.341662
68333639287,258,10.341648
21414387073,246,10.341640
21414956917,246,10.341629
25985016241,248,10.341613
68342673991,258,10.341593
82926473893,260,10.341582
14549853463,242,10.341506
31540916201,250,10.341454
11994272947,240,10.341397
68380640057,258,10.341363
11995418293,240,10.341355
6715095631,234,10.341342
68389309951,258,10.341311
11997594881,240,10.341274
82989648751,260,10.341269
31562394767,250,10.341163
8151930949,236,10.341116
83044257223,260,10.340999
83054974831,260,10.340945
46498950853,254,10.340884
68464467061,258,10.340856
83075954539,260,10.340841
6722710913,234,10.340824
68492325547,258,10.340687
4568943913,230,10.340542
46539824407,254,10.340515
14584336189,242,10.340460
68536558889,258,10.340419
4570184467,230,10.340416
68541856301,258,10.340387
46559196373,254,10.340340
31631329571,250,10.340229
83207048293,260,10.340193
68583239209,258,10.340137
38392720363,252,10.340101
56537143463,256,10.340024
56537710349,256,10.340019
83245682083,260,10.340002
38403072559,252,10.339987
68608181197,258,10.339986
38406914521,252,10.339945
68621327381,258,10.339907
56562682427,256,10.339835
21503581643,246,10.339833
68635640651,258,10.339820
68640274861,258,10.339792
56573352893,256,10.339756
68651812237,258,10.339723
68661834067,258,10.339663
14612819083,242,10.339598
68674221271,258,10.339587
68683061857,258,10.339534
83347926637,260,10.339498
68689238339,258,10.339497
31687545479,250,10.339470
83363796709,260,10.339419
56621534549,256,10.339401
83373348151,260,10.339373
31697877203,250,10.339331
14622790909,242,10.339296
21531514013,246,10.339270
12055578583,240,10.339127
46703657227,254,10.339036
83447047627,260,10.339009
38492751881,252,10.338998
83458871299,260,10.338951
56685427823,256,10.338930
68784441569,258,10.338923
12061455143,240,10.338909
83472513877,260,10.338883
83474195929,260,10.338875
6752429837,234,10.338809
38514545539,252,10.338758
68817803539,258,10.338722
21563597659,246,10.338622
83544505663,260,10.338529
68863606639,258,10.338447
68880113849,258,10.338347
31772517107,250,10.338325
14655186769,242,10.338320
83591580823,260,10.338298
38558160559,252,10.338278
83607016777,260,10.338222
14659157809,242,10.338200
38569345559,252,10.338155
38572724041,252,10.338118
56796995327,256,10.338109
31788710519,250,10.338107
21589368517,246,10.338103
83636310181,260,10.338078
46816766977,254,10.338017
83659834327,260,10.337962
68952190441,258,10.337914
38592944449,252,10.337895
56832136223,256,10.337851
12090520531,240,10.337837
68968904981,258,10.337813
26216836669,248,10.337784
83704073599,260,10.337745
68985553099,258,10.337713
12094432787,240,10.337693
17812120343,244,10.337605
56867424689,256,10.337591
83741817151,260,10.337560
21617350003,246,10.337541
83759343181,260,10.337473
83761245727,260,10.337464
38634433069,252,10.337440
56888569319,256,10.337437
31840670621,250,10.337409
56893535849,256,10.337400
69039327607,258,10.337391
83779263691,260,10.337376
83780193121,260,10.337371
69044052037,258,10.337362
83793308119,260,10.337307
83794253659,260,10.337302
26246920837,248,10.337290
83806872823,260,10.337240
69068207749,258,10.337217
12111148319,240,10.337078
12111489583,240,10.337066
4603318189,230,10.337059
83849527981,260,10.337031
12113041361,240,10.337008
31870523507,250,10.337008
69118405619,258,10.336917
83875858273,260,10.336902
38691818173,252,10.336810
21655023553,246,10.336784
17847250271,244,10.336742
56985703157,256,10.336724
14708363281,242,10.336720
14711374219,242,10.336630
6784823707,234,10.336623
57000174863,256,10.336618
69176174497,258,10.336571
21665875453,246,10.336567
3798398861,228,10.336458
26314119067,248,10.336188
69244180231,258,10.336164
84029467933,260,10.336150
69249944279,258,10.336129
14728849081,242,10.336105
14730408859,242,10.336059
84056359069,260,10.336019
38765391019,252,10.336005
38767047229,252,10.335987
38767606651,252,10.335980
69286812779,258,10.335909
38779071613,252,10.335855
38780451989,252,10.335840
84095766589,260,10.335826
12153273901,240,10.335532
69352352087,258,10.335517
38810312413,252,10.335514
84160233517,260,10.335511
31985781323,250,10.335465
26360770081,248,10.335425
31992211961,250,10.335380
6803497807,234,10.335368
21729030749,246,10.335303
69395242459,258,10.335261
38833496183,252,10.335260
38837068609,252,10.335221
2131339493,222,10.335188
1756462223,220,10.335156
69421399241,258,10.335105
21739485857,246,10.335093
69437025841,258,10.335012
69442308769,258,10.334981
38860263809,252,10.334969
26391985639,248,10.334915
69453707227,258,10.334912
69483749581,258,10.334734
10033005911,238,10.334730
84328645663,260,10.334690
21761530409,246,10.334654
26408484367,248,10.334646
84340996723,260,10.334630
57275043359,256,10.334611
12179186681,240,10.334584
69518105927,258,10.334529
3143015723,226,10.334524
69541332121,258,10.334391
69565315921,258,10.334248
84420578461,260,10.334243
47239773073,254,10.334234
21786287513,246,10.334160
47248924351,254,10.334153
21786823193,246,10.334149
47253533797,254,10.334112
57346974533,256,10.334087
69594930547,258,10.334072
32092668617,250,10.334041
57358900163,256,10.334001
21795631463,246,10.333974
47279421193,254,10.333881
26455904557,248,10.333874
57377236883,256,10.333867
10052625581,238,10.333853
14804722831,242,10.333838
69644950537,258,10.333775
84540547453,260,10.333659
69665154571,258,10.333654
69667046011,258,10.333643
69669760729,258,10.333627
8288145967,236,10.333612
26475089881,248,10.333562
69680773699,258,10.333562
14816797249,242,10.333478
32136220547,250,10.333461
39002801753,252,10.333417
2596137793,224,10.333395
47341213753,254,10.333332
69722244217,258,10.333316
39014502113,252,10.333290
10065961019,238,10.333259
69740549891,258,10.333207
69751689781,258,10.333140
69764988847,258,10.333062
84668935333,260,10.333035
39041396549,252,10.332998
84677198209,260,10.332995
47383307473,254,10.332959
57515350007,256,10.332865
69800782607,258,10.332850
57522510083,256,10.332812
32187969563,250,10.332774
84730272091,260,10.332739
3155157197,226,10.332702
21860324747,246,10.332687
84743982853,260,10.332672
69836164477,258,10.332640
8307073597,236,10.332581
39079963981,252,10.332580
84780921427,260,10.332493
84798487597,260,10.332408
32217033377,250,10.332388
39100028449,252,10.332362
69886127797,258,10.332344
32226656669,250,10.332261
6850248917,234,10.332243
39111811061,252,10.332234
84851566159,260,10.332151
32239119599,250,10.332096
21890955389,246,10.332080
39126281599,252,10.332078
69941314549,258,10.332017
69944393641,258,10.331999
4654647901,230,10.331909
69970083317,258,10.331847
84932368789,260,10.331760
69986758717,258,10.331748
21909753989,246,10.331708
84950291737,260,10.331674
5651723411,232,10.331671
70000914497,258,10.331665
39168608249,252,10.331620
18062463227,244,10.331496
57709465109,256,10.331459
32288919401,250,10.331437
85012181383,260,10.331375
10109803127,238,10.331309
57741576077,256,10.331227
47589090457,254,10.331138
32318766143,250,10.331042
47601569641,254,10.331027
85097095663,260,10.330965
47612199907,254,10.330934
8337917587,236,10.330904
70135095697,258,10.330873
70141504057,258,10.330834
47623604323,254,10.330833
70149057967,258,10.330791
39256153571,252,10.330674
70179330047,258,10.330612
39265543813,252,10.330573
85186283053,260,10.330535
1773517841,220,10.330466
57850283147,256,10.330443
39278381591,252,10.330435
85214781469,260,10.330398
18108829793,244,10.330375
85223755867,260,10.330355
85229479831,260,10.330327
5668412921,232,10.330314
18111723521,244,10.330305
18112070021,244,10.330297
47684772637,254,10.330294
85247473933,260,10.330240
47690942737,254,10.330239
85256077603,260,10.330198
85257826603,260,10.330191
21992933317,246,10.330064
85297223989,260,10.330001
70284741721,258,10.329991
32402641151,250,10.329936
85313740987,260,10.329922
39329706323,252,10.329882
85323725041,260,10.329873
26704872787,248,10.329842
70311136697,258,10.329836
39344585561,252,10.329721
22012439257,246,10.329679
70349390561,258,10.329611
39357537283,252,10.329582
39359506213,252,10.329561
39361074691,252,10.329544
32436184601,250,10.329494
85410107491,260,10.329458
47780088397,254,10.329454
85429960159,260,10.329363
58005471779,256,10.329327
3856696637,228,10.329326
18158590913,244,10.329175
47813076601,254,10.329165
39397009039,252,10.329158
85474072213,260,10.329151
85476940267,260,10.329137
12329379943,240,10.329133
39400266929,252,10.329123
47821896193,254,10.329087
70448623051,258,10.329028
2158889363,222,10.329012
39410891323,252,10.329008
70454116037,258,10.328996
85507736533,260,10.328989
70457764571,258,10.328974
26759103277,248,10.328969
39429598321,252,10.328808
5687322923,232,10.328782
39438391121,252,10.328713
70507387121,258,10.328683
5689495919,232,10.328607
70529313347,258,10.328554
18187268051,244,10.328485
39460924121,252,10.328471
32519794721,250,10.328396
70570904759,258,10.328311
8386038979,236,10.328302
26802586717,248,10.328271
58153998407,256,10.328261
32539890917,250,10.328132
70616533439,258,10.328043
22096405349,246,10.328028
39507369371,252,10.327973
32552652689,250,10.327965
70639317037,258,10.327910
39518052229,252,10.327859
12368202409,240,10.327736
70699403387,258,10.327559
12374040929,240,10.327526
70720436159,258,10.327435
70735648547,258,10.327347
85861366537,260,10.327296
85867302097,260,10.327268
70752860531,258,10.327246
39575552633,252,10.327244
5706518969,232,10.327233
48042244717,254,10.327157
22142688013,246,10.327121
39589504771,252,10.327094
85916620759,260,10.327032
70791938507,258,10.327018
85920461587,260,10.327014
70794883349,258,10.327001
58339588847,256,10.326934
32635595513,250,10.326879
15040721089,242,10.326863
32638870949,250,10.326837
39615043729,252,10.326821
22158936377,246,10.326802
39617041523,252,10.326800
70832314331,258,10.326782
70834198921,258,10.326771
70837911257,258,10.326750
70844166467,258,10.326713
39627963499,252,10.326683
85994128303,260,10.326662
1787503229,220,10.326657
70857811859,258,10.326633
70866359881,258,10.326584
58398448853,256,10.326513
86043099223,260,10.326428
39651990401,252,10.326427
86046739981,260,10.326411
58425155483,256,10.326323
48138743047,254,10.326314
86077484299,260,10.326264
39676758221,252,10.326162
48156396877,254,10.326160
86102858707,260,10.326144
6943127813,234,10.326102
39682733609,252,10.326099
1790217083,220,10.325922
1475023951,218,10.325911
32711777297,250,10.325885
58486699433,256,10.325885
70989291677,258,10.325868
4715715181,230,10.325864
22207366289,246,10.325856
70996596917,258,10.325825
58505303579,256,10.325752
86187012151,260,10.325744
39718275451,252,10.325720
32725308149,250,10.325708
58517073749,256,10.325668
4717756633,230,10.325663
15083171941,242,10.325622
71033174161,258,10.325612
32733533267,250,10.325601
86221784791,260,10.325578
39732951889,252,10.325564
71051560091,258,10.325505
12430721789,240,10.325496
10241924477,238,10.325489
32745375461,250,10.325447
39744229319,252,10.325444
71063971499,258,10.325433
71064224311,258,10.325431
3204158927,226,10.325427
71068431257,258,10.325407
71070835967,258,10.325393
39751337971,252,10.325368
32751925439,250,10.325361
39752012869,252,10.325361
39755817811,252,10.325320
71086553281,258,10.325301
71095118321,258,10.325252
48261658477,254,10.325244
8445008443,236,10.325136
86315068921,260,10.325134
39775007273,252,10.325116
22247152777,246,10.325081
86335499137,260,10.325037
71135563957,258,10.325017
71137087607,258,10.325007
71138405357,258,10.325000
58615921229,256,10.324965
32788379297,250,10.324887
27015169549,248,10.324874
71161959899,258,10.324863
12448545299,240,10.324859
39799486273,252,10.324856
58632767429,256,10.324845
71171975981,258,10.324805
48312099883,254,10.324805
39810655663,252,10.324738
39819142799,252,10.324647
71200604591,258,10.324639
12455908693,240,10.324596
71229517147,258,10.324471
32824053257,250,10.324424
32832429293,250,10.324314
39852169493,252,10.324297
86500223197,260,10.324256
6971439281,234,10.324248
39859318469,252,10.324221
39867708031,252,10.324132
86531206771,260,10.324109
71311670879,258,10.323995
86563389607,260,10.323956
12473979677,240,10.323953
39886108901,252,10.323936
6976304171,234,10.323931
58764592847,256,10.323911
12475878761,240,10.323885
22311059657,246,10.323837
8471879413,236,10.323701
71370490357,258,10.323654
71372870249,258,10.323641
86632921933,260,10.323627
18393567083,244,10.323556
71388744151,258,10.323549
71391695657,258,10.323532
39925453879,252,10.323520
58820109707,256,10.323518
58830240437,256,10.323445
58831639667,256,10.323436
15159380749,242,10.323401
86684634493,260,10.323383
15160302979,242,10.323375
39942515771,252,10.323339
32911528499,250,10.323289
86706618487,260,10.323279
48500780821,254,10.323170
22349805319,246,10.323086
71473137079,258,10.323061
39974319599,252,10.323002
10299026909,238,10.322999
86771382787,260,10.322973
71494448897,258,10.322938
27137694487,248,10.322928
86786263171,260,10.322903
58908310193,256,10.322894
71503768939,258,10.322884
71508415339,258,10.322857
22362320399,246,10.322844
39989533861,252,10.322842
71511762187,258,10.322838
15180145759,242,10.322799
48552119911,254,10.322726
86825330629,260,10.322719
40008723119,252,10.322639
71546472551,258,10.322638
22374498793,246,10.322608
12515097103,240,10.322492
6998859377,234,10.322461
40026361483,252,10.322452
71583579359,258,10.322423
4751821687,230,10.322329
15196670911,242,10.322320
15196764931,242,10.322317
40041783763,252,10.322289
40042555661,252,10.322281
1224332033,216,10.322254
32992231367,250,10.322245
48616396627,254,10.322171
22399233083,246,10.322129
22399959403,246,10.322115
86953764181,260,10.322112
86960464819,260,10.322081
18458903051,244,10.322007
86980192417,260,10.321988
40073952493,252,10.321950
71670653251,258,10.321921
685082539,210,10.321921
71673244891,258,10.321906
86998392511,260,10.321902
87007622719,260,10.321858
87017898859,260,10.321811
40096846961,252,10.321708
27216540751,248,10.321682
33036056609,250,10.321679
87045954823,260,10.321678
48677862997,254,10.321641
71722435487,258,10.321623
40104902293,252,10.321623
48681267253,254,10.321611
71728534697,258,10.321588
27226015429,248,10.321533
71738757149,258,10.321528
40118721163,252,10.321478
71750489381,258,10.321462
71753962757,258,10.321442
15228528013,242,10.321398
27238879777,248,10.321330
12550435939,240,10.321239
22445844853,246,10.321229
71792187757,258,10.321221
71792434067,258,10.321220
87151188847,260,10.321183
2194807691,222,10.321088
71817120461,258,10.321078
59169136673,256,10.321055
40159341899,252,10.321050
87199246543,260,10.320957
71848332497,258,10.320899
87214804441,260,10.320885
33099723017,250,10.320859
12562508929,240,10.320812
7024644901,234,10.320786
40191231671,252,10.320714
71882157877,258,10.320704
40192548223,252,10.320701
40194459199,252,10.320681
12568381799,240,10.320605
33121500527,250,10.320579
87282075589,260,10.320568
87290701207,260,10.320528
48809248123,254,10.320511
59256035543,256,10.320444
40222583903,252,10.320385
22490142079,246,10.320375
40228448081,252,10.320323
15266722729,242,10.320295
71957031077,258,10.320274
18534835643,244,10.320215
71983901677,258,10.320121
71991422359,258,10.320077
71992413851,258,10.320071
4775589781,230,10.320018
48867453211,254,10.320011
33168369527,250,10.319976
40262255323,252,10.319968
40266675149,252,10.319921
40271839463,252,10.319867
59348740859,256,10.319794
72041767481,258,10.319789
72064350851,258,10.319659
48924605293,254,10.319521
48933430873,254,10.319445
33215804159,250,10.319367
87538665469,260,10.319366
22543168819,246,10.319356
87548146993,260,10.319322
40325674999,252,10.319303
72128905567,258,10.319290
27368627059,248,10.319289
59428225529,256,10.319238
72141773947,258,10.319216
3247295657,226,10.319122
8559158989,236,10.319075
1015284161,214,10.319005
15311574673,242,10.319004
2675866447,224,10.318995
22562005339,246,10.318994
3943875311,228,10.318876
5811497123,232,10.318860
12618618487,240,10.318835
87664848361,260,10.318776
33264437369,250,10.318744
72234784409,258,10.318685
33270556259,250,10.318666
72254613019,258,10.318571
1016218331,214,10.318547
72270180187,258,10.318482
22589542709,246,10.318466
40406449253,252,10.318458
72277986449,258,10.318438
72278890987,258,10.318433
33288767249,250,10.318433
72286408031,258,10.318390
40417557071,252,10.318341
8573366419,236,10.318326
40421773109,252,10.318297
72306733987,258,10.318274
22601062409,246,10.318246
40428995899,252,10.318222
49077005233,254,10.318217
40430685271,252,10.318204
49078895101,254,10.318201
59584725839,256,10.318144
33312698987,250,10.318127
12638800523,240,10.318126
10411817651,238,10.318125
72335182831,258,10.318111
27445410001,248,10.318087
33325369247,250,10.317965
87842260573,260,10.317948
40456557451,252,10.317934
72382720357,258,10.317840
72386647169,258,10.317818
7071902921,234,10.317736
72401218691,258,10.317735
40484956271,252,10.317637
33352096103,250,10.317623
87917345077,260,10.317598
87931337449,260,10.317533
49158181441,254,10.317524
72442370971,258,10.317500
87940279087,260,10.317492
87940955491,260,10.317489
72458391407,258,10.317409
72460996031,258,10.317394
40508586589,252,10.317390
72473461741,258,10.317323
87976655527,260,10.317322
40518102601,252,10.317291
87986938129,260,10.317274
72482477869,258,10.317272
22654847639,246,10.317217
87999573283,260,10.317216
59724707279,256,10.317167
88014642649,260,10.317145
72510565607,258,10.317112
33393943949,250,10.317089
40537794569,252,10.317086
88031786677,260,10.317066
33395944157,250,10.317064
691688513,210,10.317055
72522588427,258,10.317043
1823631101,220,10.316968
22671108869,246,10.316906
2214063389,222,10.316898
88072876951,260,10.316875
40559257741,252,10.316863
49238853061,254,10.316837
40567746599,252,10.316774
72574482521,258,10.316749
72578053307,258,10.316729
49251925363,254,10.316726
2215095191,222,10.316675
33429907769,250,10.316631
22686647513,246,10.316610
72608220799,258,10.316557
49276013827,254,10.316521
40592402549,252,10.316518
72620251309,258,10.316488
40597141439,252,10.316468
40602218669,252,10.316416
40606363033,252,10.316373
33452676701,250,10.316341
40611944873,252,10.316315
5844803429,232,10.316237
72672505099,258,10.316192
59867265677,256,10.316176
72684753811,258,10.316122
12699668209,240,10.315995
27586153501,248,10.315891
88289999821,260,10.315866
59920098257,256,10.315809
72740207599,258,10.315807
88305203527,260,10.315796
40666027189,252,10.315753
88320441103,260,10.315725
72757538677,258,10.315709
18728945357,244,10.315670
88338317209,260,10.315643
72780640871,258,10.315578
40683098849,252,10.315576
49388376853,254,10.315567
88366797397,260,10.315511
88373824789,260,10.315478
40692475709,252,10.315478
40693151791,252,10.315471
49406457691,254,10.315413
72811242121,258,10.315405
40699545431,252,10.315405
59996647913,256,10.315279
40712084521,252,10.315274
40712651783,252,10.315269
3974540617,228,10.315260
88433741743,260,10.315201
88434018451,260,10.315200
7113293801,234,10.315081
22767019823,246,10.315080
18755994857,244,10.315041
72880342631,258,10.315014
49460317477,254,10.314957
72891093419,258,10.314953
88490544817,260,10.314939
33563862851,250,10.314929
15456372493,242,10.314864
33571245833,250,10.314836
10489181231,238,10.314815
49480759837,254,10.314784
88525460557,260,10.314776
72929112721,258,10.314738
60077717633,256,10.314718
88538449579,260,10.314716
88545395629,260,10.314685
33584621297,250,10.314666
7121072323,234,10.314584
72957720001,258,10.314576
49511363773,254,10.314525
49518349987,254,10.314466
72984572341,258,10.314425
22806392383,246,10.314333
22811454427,246,10.314237
73022235889,258,10.314212
12750910933,240,10.314210
73025656889,258,10.314193
88653681547,260,10.314184
33625152521,250,10.314153
2226965101,222,10.314114
73040505739,258,10.314109
1834687031,220,10.314044
73059517247,258,10.314001
22824386869,246,10.313992
88697304499,260,10.313983
88703674699,260,10.313954
49581402001,254,10.313932
60205842479,256,10.313832
73092719207,258,10.313814
12762589837,240,10.313805
40854337421,252,10.313802
22836703679,246,10.313759
73103350007,258,10.313754
33667229009,250,10.313621
40877091449,252,10.313567
18820083173,244,10.313553
22849387199,246,10.313519
18821913533,244,10.313511
73152353947,258,10.313478
40886784889,252,10.313467
88809963421,260,10.313464
88825980247,260,10.313390
88827945079,260,10.313381
40895626873,252,10.313375
40895639731,252,10.313375
88830274633,260,10.313371
60279488417,256,10.313325
73179779837,258,10.313323
40903167181,252,10.313298
60301109807,256,10.313175
1838205881,220,10.313118
73225674187,258,10.313065
40926413123,252,10.313058
1838529041,220,10.313033
49697788741,254,10.312951
60336676427,256,10.312930
40938783229,252,10.312930
88944809929,260,10.312843
40950627451,252,10.312808
33734105597,250,10.312777
10537187669,238,10.312773
33734632163,250,10.312770
33734621579,250,10.312770
73284157279,258,10.312736
73288967819,258,10.312709
73289991367,258,10.312703
88977394489,260,10.312694
27794301037,248,10.312666
12795844751,240,10.312651
73302865451,258,10.312631
40976794559,252,10.312539
12799238369,240,10.312533
73320088241,258,10.312533
40982970349,252,10.312475
73339789031,258,10.312423
22908792563,246,10.312396
40993027519,252,10.312371
27816351001,248,10.312326
89073438667,260,10.312252
49792598377,254,10.312153
27830064439,248,10.312115
27830712067,248,10.312105
89112557887,260,10.312073
73410875827,258,10.312023
89125186429,260,10.312015
60470832593,256,10.312008
73414512287,258,10.312003
12820751233,240,10.311790
18897604043,244,10.311761
73469707529,258,10.311693
49851665251,254,10.311657
60527087867,256,10.311622
73483608257,258,10.311615
60532374143,256,10.311585
89225656837,260,10.311554
73513735219,258,10.311446
15577995379,242,10.311419
49906015207,254,10.311200
27892297729,248,10.311157
73575804191,258,10.311099
33868445621,250,10.311086
22978576469,246,10.311081
49920465703,254,10.311079
60608266217,256,10.311065
22979734369,246,10.311059
2720963107,224,10.311057
73591301081,258,10.311012
22985638769,246,10.310948
41132503921,252,10.310939
8715341347,236,10.310922
73608764947,258,10.310914
73612696501,258,10.310892
49943829997,254,10.310884
73614981991,258,10.310880
73616532179,258,10.310870
22990669979,246,10.310854
73631746099,258,10.310785
73643588827,258,10.310719
49965601993,254,10.310701
41156161091,252,10.310696
73649301041,258,10.310687
41165535001,252,10.310599
60677602793,256,10.310590
73669843787,258,10.310573
23005936229,246,10.310567
73671352477,258,10.310564
23006531293,246,10.310555
89444779147,260,10.310551
73675866001,258,10.310538
12858643307,240,10.310482
7185903887,234,10.310465
10593070199,238,10.310410
89478106759,260,10.310399
27948578839,248,10.310293
33934720133,250,10.310254
3309359309,226,10.310209
41205166451,252,10.310194
60742339577,256,10.310147
73750294817,258,10.310122
23030207219,246,10.310111
73758932101,258,10.310074
12872515417,240,10.310004
50048980297,254,10.310003
27967966639,248,10.309996
89595792709,260,10.309861
33969254201,250,10.309822
60790901789,256,10.309815
33972460703,250,10.309782
41245818923,252,10.309778
50077781401,254,10.309762
60799303913,256,10.309758
89623084501,260,10.309736
12881711389,240,10.309689
89635733329,260,10.309679
73832284481,258,10.309665
73841292359,258,10.309614
73842870979,258,10.309606
23057465273,246,10.309600
4023843049,228,10.309510
33994269107,250,10.309509
73864624397,258,10.309484
89680722277,260,10.309474
41290867091,252,10.309318
41295663979,252,10.309269
41298440713,252,10.309240
73909550779,258,10.309234
23077359289,246,10.309227
73915612291,258,10.309200
73923441511,258,10.309156
89769156973,260,10.309071
15662410531,242,10.309046
89777126617,260,10.309034
89786702953,260,10.308991
89804513011,260,10.308910
89834615953,260,10.308773
73993853377,258,10.308764
73996551529,258,10.308749
10633737347,238,10.308699
2734558933,224,10.308692
50209225813,254,10.308665
50221392583,254,10.308564
41367813269,252,10.308533
19038650297,244,10.308522
74048098961,258,10.308462
74050821077,258,10.308447
28069821487,248,10.308438
579542687,208,10.308385
10642198247,238,10.308344
41388545921,252,10.308321
61011061403,256,10.308315
28084718017,248,10.308210
41404658429,252,10.308157
2254911119,222,10.308141
12927091321,240,10.308131
41410802093,252,10.308094
34109844869,250,10.308066
74120515169,258,10.308060
74141501479,258,10.307943
34119740657,250,10.307942
15702249463,242,10.307930
74147796271,258,10.307908
50300738713,254,10.307903
28105051279,248,10.307900
34124590517,250,10.307882
23149448143,246,10.307880
41437666913,252,10.307821
28112955589,248,10.307780
61094632457,256,10.307747
41447413339,252,10.307722
34141385183,250,10.307673
50328529333,254,10.307673
90078400453,260,10.307666
90081513307,260,10.307652
74197811651,258,10.307631
28122959617,248,10.307628
41456939669,252,10.307625
74217220849,258,10.307523
74226702541,258,10.307470
90129155899,260,10.307435
3329189057,226,10.307400
1039439591,214,10.307319
10668224789,238,10.307254
15728227219,242,10.307204
3330831827,226,10.307168
3331067279,226,10.307135
19101052541,244,10.307096
8789975083,236,10.307082
23192662919,246,10.307075
19102382093,244,10.307067
74299757437,258,10.307065
74304036419,258,10.307041
2744127343,224,10.307035
74319669419,258,10.306955
90238865659,260,10.306938
50419220191,254,10.306920
23201436677,246,10.306911
34211074493,250,10.306807
34212030227,250,10.306795
23208737267,246,10.306775
74353364081,258,10.306768
90281890459,260,10.306744
90287467423,260,10.306718
19118527937,244,10.306699
7245767171,234,10.306698
28185835201,248,10.306671
12970923353,240,10.306633
61261451333,256,10.306615
8799714349,236,10.306583
50463705031,254,10.306551
61272011807,256,10.306543
41572904069,252,10.306447
50480189791,254,10.306415
23233430813,246,10.306316
90385905073,260,10.306273
34256251577,250,10.306246
41593424263,252,10.306239
41594405833,252,10.306230
41596554011,252,10.306208
90404660197,260,10.306189
74463697151,258,10.306158
41606863153,252,10.306103
12988421293,240,10.306036
74492101577,258,10.306001
74492289281,258,10.306000
74493050761,258,10.305996
15771797593,242,10.305990
61354473473,256,10.305985
74518094191,258,10.305857
41632805651,252,10.305840
74522242867,258,10.305834
90496384753,260,10.305774
90502185409,260,10.305748
74552984329,258,10.305664
1866790073,220,10.305663
61414277417,256,10.305581
74580806147,258,10.305511
50593567627,254,10.305476
23282218229,246,10.305410
90577869853,260,10.305407
90591520183,260,10.305345
74611795339,258,10.305340
61455972563,256,10.305300
7268212837,234,10.305294
34334631011,250,10.305275
123454883,192,10.305192
34341831131,250,10.305186
23294529143,246,10.305182
34344830453,250,10.305149
41703716591,252,10.305123
90668121967,260,10.304999
23304985337,246,10.304989
74678632967,258,10.304972
74689356589,258,10.304913
50667276631,254,10.304868
23321698787,246,10.304679
61557323537,256,10.304616
61561059293,256,10.304591
41760202399,252,10.304553
74761223497,258,10.304517
19214945003,244,10.304509
90781322011,260,10.304490
41769923929,252,10.304455
50717767813,254,10.304451
28334259361,248,10.304422
5998818479,232,10.304320
74799175001,258,10.304308
7284307637,234,10.304290
7284955157,234,10.304250
74810903459,258,10.304243
4070033477,228,10.304192
41797025729,252,10.304181
61623424229,256,10.304172
61623444503,256,10.304171
74836449529,258,10.304103
4943083729,230,10.304080
61639406597,256,10.304064
74845208299,258,10.304054
13047722813,240,10.304020
90911809873,260,10.303904
61664991299,256,10.303891
6004855499,232,10.303860
23367102943,246,10.303840
74896742807,258,10.303771
90941415973,260,10.303770
13055974079,240,10.303741
41841297863,252,10.303736
23373626807,246,10.303720
74910055799,258,10.303698
7293891887,234,10.303694
74911892977,258,10.303688
34463635109,250,10.303682
90961193203,260,10.303681
90966333181,260,10.303658
4075439539,228,10.303574
13060987229,240,10.303571
90995424259,260,10.303528
41864723561,252,10.303499
91008505429,260,10.303470
91011219763,260,10.303457
41873831941,252,10.303408
91029094441,260,10.303377
13067521739,240,10.303349
41884130569,252,10.303305
50857064131,254,10.303305
91045292161,260,10.303305
74986714337,258,10.303277
23398740283,246,10.303256
23399339947,246,10.303245
91074585643,260,10.303173
75013161659,258,10.303132
41901893843,252,10.303125
34509499259,250,10.303118
4079525831,228,10.303107
41904074083,252,10.303103
41910219961,252,10.303042
75035896477,258,10.303007
50893532023,254,10.303005
10771969907,238,10.302936
75049307467,258,10.302934
19289394161,244,10.302827
41933260349,252,10.302811
50922849457,254,10.302764
10777251629,238,10.302716
41942726719,252,10.302715
91184461531,260,10.302681
75097343921,258,10.302670
75114672901,258,10.302575
75115210811,258,10.302572
34556362367,250,10.302542
8879443663,236,10.302526
41972392711,252,10.302418
75143487571,258,10.302418
19310077343,244,10.302361
19310593661,244,10.302349
75169508587,258,10.302276
50986458331,254,10.302242
75182476867,258,10.302204
41993825701,252,10.302202
61934480147,256,10.302083
28491391717,248,10.302054
28491401359,248,10.302054
75215548879,258,10.302024
42014130863,252,10.301999
34600972169,250,10.301993
91352041153,260,10.301931
15920925919,242,10.301862
23475041767,246,10.301851
42034103171,252,10.301799
91385077111,260,10.301784
8894866417,236,10.301745
75266979527,258,10.301743
13120765363,240,10.301551
15932300221,242,10.301548
75311326577,258,10.301500
13126555751,240,10.301356
7332271757,234,10.301312
91492508113,260,10.301304
75351705991,258,10.301279
75352070951,258,10.301277
10812269879,238,10.301270
42088427791,252,10.301255
75357247781,258,10.301250
23510065063,246,10.301208
75371491709,258,10.301171
75389366879,258,10.301074
91549533847,260,10.301050
28559070691,248,10.301040
62091779699,256,10.301032
91563497023,260,10.300987
34683832553,250,10.300979
34687475477,250,10.300934
23525049533,246,10.300933
91600750741,260,10.300821
75439764331,258,10.300799
62136956927,256,10.300731
42141336163,252,10.300726
75454774181,258,10.300717
42146007733,252,10.300679
91634260093,260,10.300673
42147241189,252,10.300667
42150923461,252,10.300631
75472307017,258,10.300622
91652107801,260,10.300592
91652749681,260,10.300590
91655498443,260,10.300578
7344463681,234,10.300559
34720956059,250,10.300525
23551243543,246,10.300453
75507376597,258,10.300430
62182734239,256,10.300426
1280076157,216,10.300338
51224693071,254,10.300295
91721886049,260,10.300282
34741513487,250,10.300273
2783696257,224,10.300250
23563294927,246,10.300233
4104969259,228,10.300213
13163215171,240,10.300123
75570465847,258,10.300087
28624462567,248,10.300061
28626916567,248,10.300024
34762051019,250,10.300022
23575206493,246,10.300014
19414978133,244,10.300004
42216172121,252,10.299979
75597828769,258,10.299938
15991510831,242,10.299922
28634259541,248,10.299914
75606747269,258,10.299890
75616295561,258,10.299838
13171889273,240,10.299832
13173215443,240,10.299788
42236735173,252,10.299774
91837604779,260,10.299767
75636103379,258,10.299730
51295033003,254,10.299722
28648144519,248,10.299707
51298841257,254,10.299691
91860174331,260,10.299667
62302157249,256,10.299630
13178377603,240,10.299614
91880901319,260,10.299576
23599184639,246,10.299576
91887434449,260,10.299546
19435714427,244,10.299541
51326782561,254,10.299463
42268711523,252,10.299456
28667684707,248,10.299416
42276758231,252,10.299376
75703733981,258,10.299363
75711598657,258,10.299320
51345162181,254,10.299314
42284699173,252,10.299296
62352890357,256,10.299293
91945816093,260,10.299287
1282960733,216,10.299232
75730586297,258,10.299217
42305201633,252,10.299092
75767496577,258,10.299017
16025308669,242,10.298996
23631391697,246,10.298988
75778231471,258,10.298959
75778784891,258,10.298956
75783772499,258,10.298928
75785517259,258,10.298919
75786848569,258,10.298912
42325443239,252,10.298891
42329801783,252,10.298847
92046973177,260,10.298839
75800771009,258,10.298836
62427667823,256,10.298796
62439659459,256,10.298717
42344014039,252,10.298706
42349606829,252,10.298651
7375514011,234,10.298647
75846982619,258,10.298586
62467681733,256,10.298531
23658165613,246,10.298500
62474236529,256,10.298487
62480180723,256,10.298448
28735614541,248,10.298403
92151957529,260,10.298373
92154483391,260,10.298363
42380315909,252,10.298346
28739995159,248,10.298338
62506181447,256,10.298275
62508182537,256,10.298262
19493509757,244,10.298249
42395885783,252,10.298191
92197197721,260,10.298174
92209985089,260,10.298117
51492708667,254,10.298116
62531863967,256,10.298105
16057922383,242,10.298105
42405095449,252,10.298100
51510227383,254,10.297974
42418463401,252,10.297967
92252279359,260,10.297930
75968839957,258,10.297926
62564981327,256,10.297886
75978375251,258,10.297874
62568098213,256,10.297865
62579741993,256,10.297788
92288173429,260,10.297771
75997360421,258,10.297771
28784174899,248,10.297681
51548062381,254,10.297668
92317872937,260,10.297640
16075373443,242,10.297629
76025193869,258,10.297621
62605990463,256,10.297614
34960405307,250,10.297608
62611153097,256,10.297581
42457784839,252,10.297577
5013560557,230,10.297549
92345571049,260,10.297518
51568567723,254,10.297502
42466398353,252,10.297492
92354534773,260,10.297478
62632246727,256,10.297441
76062037399,258,10.297421
42476490163,252,10.297392
76070085341,258,10.297379
719126029,210,10.297375
76073867329,258,10.297358
23721141167,246,10.297354
42483503071,252,10.297322
42485832899,252,10.297299
76110249139,258,10.297161
42500036333,252,10.297158
76112663047,258,10.297149
76120162037,258,10.297108
28825126261,248,10.297073
42509772329,252,10.297062
92456476993,260,10.297029
92458862779,260,10.297018
92475666919,260,10.296944
51646127287,254,10.296874
92491500019,260,10.296874
42530787841,252,10.296854
42535034743,252,10.296812
42536802223,252,10.296795
76201292641,258,10.296670
5023177843,230,10.296665
76219600151,258,10.296572
92564603737,260,10.296552
42562002479,252,10.296546
10928070779,238,10.296522
76231281647,258,10.296509
42568000763,252,10.296486
76244090927,258,10.296439
13273728217,240,10.296429
23772476503,246,10.296422
42574537903,252,10.296422
92609757547,260,10.296352
42585498071,252,10.296313
35068412543,250,10.296300
92628258967,260,10.296271
51721127587,254,10.296268
92629361977,260,10.296267
4140228737,228,10.296235
28882965421,248,10.296216
7415320261,234,10.296207
13281090653,240,10.296184
42600300101,252,10.296167
42606840763,252,10.296103
76314537251,258,10.296060
35089150211,250,10.296049
62847048269,256,10.296022
51753668347,254,10.296005
42620095741,252,10.295972
62854976339,256,10.295971
23799532837,246,10.295932
92706100057,260,10.295929
92714240257,260,10.295893
23805780157,246,10.295819
76363002671,258,10.295799
76376459321,258,10.295727
92771696839,260,10.295640
92775991657,260,10.295622
62919785099,256,10.295544
62926128533,256,10.295502
35138482721,250,10.295454
76428294539,258,10.295448
13303310179,240,10.295445
13303829711,240,10.295428
19623803351,244,10.295355
9022317427,236,10.295351
62958381659,256,10.295290
42698043929,252,10.295203
92875668499,260,10.295184
7432423721,234,10.295164
76490030257,258,10.295116
62997612203,256,10.295033
76510362631,258,10.295007
23853128863,246,10.294963
35182673417,250,10.294921
92947344577,260,10.294869
63023041229,256,10.294865
1909106831,220,10.294853
92951304637,260,10.294852
63031763789,256,10.294807
76548595237,258,10.294802
63035995907,256,10.294780
42741592781,252,10.294774
13324144903,240,10.294754
23865753337,246,10.294735
92981806717,260,10.294718
76565825197,258,10.294709
13326519977,240,10.294676
92993522641,260,10.294666
28989338401,248,10.294645
76577891777,258,10.294644
28989548557,248,10.294642
7441515397,234,10.294610
51931439431,254,10.294575
10976606429,238,10.294549
93045975481,260,10.294436
76623539749,258,10.294400
13336895899,240,10.294333
9043251499,236,10.294311
93077403457,260,10.294299
42790755643,252,10.294291
35237089607,250,10.294266
63123189323,256,10.294208
42801397139,252,10.294187
76665493207,258,10.294175
23900253449,246,10.294112
93138205891,260,10.294033
35263187831,250,10.293952
52012338757,254,10.293925
19688475581,244,10.293925
76712223239,258,10.293924
63174085613,256,10.293874
93186821503,260,10.293820
5054332957,230,10.293816
63186086669,256,10.293796
5054878417,230,10.293766
93203999443,260,10.293745
35282300621,250,10.293722
76752779177,258,10.293708
76754524919,258,10.293698
42851542553,252,10.293694
76755765859,258,10.293692
35284841519,250,10.293692
52043262541,254,10.293677
93222380521,260,10.293665
13357273283,240,10.293658
93231165877,260,10.293627
63217843229,256,10.293588
93239949277,260,10.293588
42862356463,252,10.293588
42862714933,252,10.293585
11000827391,238,10.293568
76785447181,258,10.293533
93253092529,260,10.293530
76808074537,258,10.293412
76817706787,258,10.293361
23942401283,246,10.293353
93300244909,260,10.293324
76832390821,258,10.293282
93314990341,260,10.293261
63275915753,256,10.293207
16238673391,242,10.293202
76854960577,258,10.293161
76862284859,258,10.293122
7466306167,234,10.293104
93358086583,260,10.293072
93362286817,260,10.293054
93370995283,260,10.293015
13379553533,240,10.292922
29116152199,248,10.292780
93436758517,260,10.292729
13385698399,240,10.292720
76955411017,258,10.292624
52175795017,254,10.292617
52177653547,254,10.292602
23984866289,246,10.292590
93469880983,260,10.292584
76964186191,258,10.292578
63381802007,256,10.292516
63387128843,256,10.292480
23994002533,246,10.292426
76995032551,258,10.292414
16268070163,242,10.292411
35394512453,250,10.292377
42986328433,252,10.292374
226342759,198,10.292365
63408938603,256,10.292338
77015401789,258,10.292305
93534522217,260,10.292303
93564565177,260,10.292172
77040412019,258,10.292171
52232979901,254,10.292160
63442764533,256,10.292118
93579807073,260,10.292106
93584937757,260,10.292084
77058166337,258,10.292077
24016237123,246,10.292027
11039340227,238,10.292011
13407641371,240,10.291997
93610898593,260,10.291970
77087487509,258,10.291921
77087919577,258,10.291919
24023790319,246,10.291892
52268358157,254,10.291877
29177925697,248,10.291875
13413808631,240,10.291794
19785851201,244,10.291783
4180164239,228,10.291774
43051666291,252,10.291736
63502662539,256,10.291727
16294047463,242,10.291713
35452965869,250,10.291677
43063556693,252,10.291619
77146282091,258,10.291608
24041226569,246,10.291579
77177678411,258,10.291441
13424866649,240,10.291430
77188288577,258,10.291385
93748637947,260,10.291371
77195080811,258,10.291348
93767465647,260,10.291289
63574518773,256,10.291260
43100425439,252,10.291260
24063762649,246,10.291177
7499671327,234,10.291086
77249009107,258,10.291061
29235461131,248,10.291034
77256193667,258,10.291023
29236361431,248,10.291020
93834958207,260,10.290997
16321068373,242,10.290987
43128822029,252,10.290982
52382714653,254,10.290966
77278897441,258,10.290903
43139608363,252,10.290877
43140968593,252,10.290864
93866445403,260,10.290860
43143046703,252,10.290844
77292644677,258,10.290830
77301528407,258,10.290783
29252807707,248,10.290780
24090982033,246,10.290689
93909552901,260,10.290672
77326802887,258,10.290648
24098711699,246,10.290551
43174995991,252,10.290533
16338021523,242,10.290533
43178759189,252,10.290497
77363840509,258,10.290452
77366674219,258,10.290437
93976606783,260,10.290382
63710837807,256,10.290373
1586612779,218,10.290364
3452293919,226,10.290359
77385355969,258,10.290338
93991614103,260,10.290317
94001876443,260,10.290273
43202792351,252,10.290262
24115790687,246,10.290247
4194351817,228,10.290199
11084773181,238,10.290184
77418970121,258,10.290159
94039866643,260,10.290108
11087110061,238,10.290091
24125660047,246,10.290071
29301664741,248,10.290068
35589549293,250,10.290049
24127239463,246,10.290042
77447504857,258,10.290009
94069381531,260,10.289980
35597981687,250,10.289948
94079384797,260,10.289937
94082242687,260,10.289925
43240114129,252,10.289900
5097636223,230,10.289887
94098834721,260,10.289853
35613203009,250,10.289767
52537126633,254,10.289739
35618660711,250,10.289702
94134340393,260,10.289699
63829580663,256,10.289603
19889511461,244,10.289515
13483237769,240,10.289515
94187771239,260,10.289468
94195559149,260,10.289434
11103595109,238,10.289430
77558246167,258,10.289422
63863618033,256,10.289383
94222908313,260,10.289316
94233718549,260,10.289269
13492038269,240,10.289227
94247721133,260,10.289209
43314235219,252,10.289180
43322192591,252,10.289103
16391947189,242,10.289091
77626739951,258,10.289060
19911243377,244,10.289042
77630749451,258,10.289039
94289281789,260,10.289029
77638578581,258,10.288997
43336065463,252,10.288968
52635823873,254,10.288957
35681486591,250,10.288956
77649421621,258,10.288939
24193662209,246,10.288859
77666313029,258,10.288851
731469451,210,10.288789
602251427,208,10.288786
77679309061,258,10.288782
11121644087,238,10.288707
63975627449,256,10.288658
35708947721,250,10.288630
94387238017,260,10.288607
94389130687,260,10.288598
29403603727,248,10.288586
13512403103,240,10.288563
43380209251,252,10.288541
52688813161,254,10.288537
77728019357,258,10.288525
77729547019,258,10.288517
35719021421,250,10.288510
11126719271,238,10.288504
64000737809,256,10.288496
94417219027,260,10.288477
43387631629,252,10.288469
77740719289,258,10.288458
77750328581,258,10.288407
35731107617,250,10.288367
19942705553,244,10.288357
43404984653,252,10.288301
94462460509,260,10.288282
24228832009,246,10.288234
35743695047,250,10.288218
24231176429,246,10.288193
9167532163,236,10.288185
77802105389,258,10.288134
24236362289,246,10.288100
7549554811,234,10.288087
11137572041,238,10.288071
77814637181,258,10.288068
13527614047,240,10.288066
94519149253,260,10.288038
16433860141,242,10.287974
35784507431,250,10.287735
77886810509,258,10.287687
24260478023,246,10.287672
77900221661,258,10.287617
24264311693,246,10.287604
29472391327,248,10.287588
52810122511,254,10.287579
43481260721,252,10.287563
94632828721,260,10.287549
43483207829,252,10.287545
77917803167,258,10.287524
9182646283,236,10.287446
77934806321,258,10.287435
35814503099,250,10.287380
43506665731,252,10.287318
7562491483,234,10.287313
11157175637,238,10.287289
77965303601,258,10.287274
52851677371,254,10.287251
24284716763,246,10.287243
64206957233,256,10.287166
94729112011,260,10.287135
64215374777,256,10.287111
4222407751,228,10.287105
29506874101,248,10.287089
78026417927,258,10.286953
78042211957,258,10.286870
43554750373,252,10.286855
52903398187,254,10.286843
43557623303,252,10.286827
4224995179,228,10.286820
24308603987,246,10.286819
24315794003,246,10.286693
43572211273,252,10.286686
52925649157,254,10.286669
16484157271,242,10.286637
78107403917,258,10.286528
78111182137,258,10.286508
16489355521,242,10.286500
24326743457,246,10.286499
1942675589,220,10.286463
94891781689,260,10.286436
94893248251,260,10.286430
78141668347,258,10.286347
13582503931,240,10.286281
4230123347,228,10.286257
20041067561,244,10.286222
20042553191,244,10.286191
94959849841,260,10.286144
64371224993,256,10.286110
43635227171,252,10.286079
78192851339,258,10.286079
53002106107,254,10.286067
78197962307,258,10.286052
35931095687,250,10.286005
94993576897,260,10.286000
78219673747,258,10.285938
43657679201,252,10.285863
43659234139,252,10.285849
24366473653,246,10.285797
7588174067,234,10.285779
78250569647,258,10.285776
53048189653,254,10.285705
43683851971,252,10.285612
64449184733,256,10.285609
13604412287,240,10.285570
95102559913,260,10.285534
24382898173,246,10.285507
43703235923,252,10.285425
7594395167,234,10.285409
95144380999,260,10.285355
2365247993,222,10.285326
64494994493,256,10.285316
43715888659,252,10.285304
95161632409,260,10.285281
78359001317,258,10.285209
7597763461,234,10.285208
20089670717,244,10.285172
4240201247,228,10.285153
43731637441,252,10.285152
78372248371,258,10.285139
894994909,212,10.285107
24408910567,246,10.285048
95219735071,260,10.285032
64546418513,256,10.284986
20098520291,244,10.284982
16551029623,242,10.284868
43764455489,252,10.284838
13627425451,240,10.284825
13628195351,240,10.284801
16554118051,242,10.284786
24425735219,246,10.284753
43777529561,252,10.284713
78456100537,258,10.284700
78477393479,258,10.284590
95332243309,260,10.284553
95333303881,260,10.284548
36055589639,250,10.284541
53205840091,254,10.284470
36068074709,250,10.284395
78518078021,258,10.284377
24447953329,246,10.284362
95384853661,260,10.284328
95388452491,260,10.284312
95404912483,260,10.284243
36082590659,250,10.284225
24460850717,246,10.284135
2371181173,222,10.284132
43841399023,252,10.284101
24463377959,246,10.284090
43842793529,252,10.284087
24465868117,246,10.284047
20144744093,244,10.283986
64706176247,256,10.283965
53273135737,254,10.283943
3500080289,226,10.283922
43864839553,252,10.283876
95510899399,260,10.283791
78630907247,258,10.283789
95514442399,260,10.283775
78644221847,258,10.283719
95528547007,260,10.283715
24486731597,246,10.283680
95546399203,260,10.283640
36137937599,250,10.283576
95562054391,260,10.283573
53322046957,254,10.283561
13668732431,240,10.283491
739241309,210,10.283463
13669753663,240,10.283459
95592916981,260,10.283442
95598296869,260,10.283419
64798097183,256,10.283379
64801022177,256,10.283360
43919674021,252,10.283352
78719359861,258,10.283328
64810942139,256,10.283297
4258638509,228,10.283140
78757604971,258,10.283129
43944189439,252,10.283118
13680330817,240,10.283118
739759039,210,10.283112
36178457489,250,10.283102
64843003427,256,10.283092
53386308211,254,10.283059
95685306979,260,10.283049
43952460493,252,10.283039
95687768431,260,10.283038
29789003851,248,10.283030
95695581643,260,10.283005
53400046033,254,10.282952
53403142567,254,10.282928
95721025993,260,10.282897
64886469383,256,10.282816
78820600211,258,10.282801
64891325627,256,10.282784
95751170773,260,10.282769
78826648877,258,10.282769
95775500533,260,10.282665
78862501379,258,10.282583
95795869399,260,10.282579
899580499,212,10.282557
78868363829,258,10.282553
44005789271,252,10.282530
11278336451,238,10.282488
95826887323,260,10.282447
7645674643,234,10.282367
44024737501,252,10.282350
24563653333,246,10.282332
78914097139,258,10.282315
44036963351,252,10.282233
78947705561,258,10.282141
53509489123,254,10.282100
78959167411,258,10.282081
44063882383,252,10.281977
78983814691,258,10.281953
44067119893,252,10.281946
79001316139,258,10.281862
53570472091,254,10.281626
96039023737,260,10.281549
24609177623,246,10.281536
65088621137,256,10.281531
79069566227,258,10.281508
79070703527,258,10.281503
53586430603,254,10.281502
4273779827,228,10.281494
79079544727,258,10.281457
79089527381,258,10.281405
96078406681,260,10.281382
96095831893,260,10.281308
79109522941,258,10.281301
53612543167,254,10.281300
4275811601,228,10.281274
20271237941,244,10.281274
96112543207,260,10.281237
36340681997,250,10.281210
29919629959,248,10.281165
9312868363,236,10.281136
79141997201,258,10.281134
7666638247,234,10.281130
24637422833,246,10.281043
96159242533,260,10.281039
79163495441,258,10.281022
44164763173,252,10.281017
16697887831,242,10.281008
96171667171,260,10.280987
79171887449,258,10.280979
79174563007,258,10.280965
24648443257,246,10.280851
24651518273,246,10.280798
65211173873,256,10.280754
65211753647,256,10.280750
611918327,208,10.280688
36386915993,250,10.280673
96246394627,260,10.280671
24661017379,246,10.280632
44212011839,252,10.280569
44214042913,252,10.280550
79258438697,258,10.280531
96299645041,260,10.280446
79292036357,258,10.280357
44235565091,252,10.280346
53738267773,254,10.280325
36420461387,250,10.280283
5205370927,230,10.280269
79314952657,258,10.280239
65294414069,256,10.280228
96354324841,260,10.280215
96358210939,260,10.280199
96363553459,260,10.280177
44255770961,252,10.280154
20324448803,244,10.280138
20324857781,244,10.280129
96384262669,260,10.280089
44265109979,252,10.280066
79350973237,258,10.280053
44277248339,252,10.279950
53789039407,254,10.279932
65342057147,256,10.279926
53794434847,254,10.279890
36456004301,250,10.279871
65356755329,256,10.279834
96456330973,260,10.279785
36463745231,250,10.279781
96463985707,260,10.279754
30021919597,248,10.279710
20349967787,244,10.279594
79467749579,258,10.279450
96557776633,260,10.279359
44342764919,252,10.279330
13800783433,240,10.279257
44353008481,252,10.279234
16771485109,242,10.279087
65475339959,256,10.279085
36527788301,250,10.279039
79548185147,258,10.279037
96641388427,260,10.279007
44379028523,252,10.278988
6341548013,232,10.278955
44384627641,252,10.278934
44389557403,252,10.278889
16780326853,242,10.278857
79583090329,258,10.278857
79588012849,258,10.278831
96683869957,260,10.278828
44396694571,252,10.278821
5222182249,230,10.278787
53949705577,254,10.278691
44411579489,252,10.278680
79626308819,258,10.278634
191186447,196,10.278592
79644000347,258,10.278543
65575460933,256,10.278455
30111637981,248,10.278439
44437831741,252,10.278433
79667673857,258,10.278421
96781192657,260,10.278419
24789245017,246,10.278404
79680777487,258,10.278355
96797578777,260,10.278351
79682159989,258,10.278347
79691753989,258,10.278298
65601110387,256,10.278294
65616281303,256,10.278198
13834045657,240,10.278197
30129212587,248,10.278191
65622224867,256,10.278161
79720321531,258,10.278152
7717691461,234,10.278132
54039077251,254,10.278003
6354978503,232,10.277991
6355008161,232,10.277989
6355682813,232,10.277941
44492917499,252,10.277913
96906170707,260,10.277895
54060999403,254,10.277834
36637182317,250,10.277776
6358442159,232,10.277743
7725487937,234,10.277677
96962172607,260,10.277660
13850965801,240,10.277659
13851860021,240,10.277631
65707245203,256,10.277626
11403041747,238,10.277605
44527535641,252,10.277587
7728041351,234,10.277528
7728179071,234,10.277520
13857572039,240,10.277450
44543969039,252,10.277432
79867775681,258,10.277394
1104335093,214,10.277340
36678150659,250,10.277304
79887132217,258,10.277295
16841711851,242,10.277264
97058616841,260,10.277256
97063657297,260,10.277235
79899866377,258,10.277230
79903109179,258,10.277214
97079154493,260,10.277170
24862401209,246,10.277139
44575446841,252,10.277137
44575752191,252,10.277134
44578527121,252,10.277107
16848481561,242,10.277088
97110397771,260,10.277040
79937424379,258,10.277038
16850718583,242,10.277030
44588854151,252,10.277010
79945272551,258,10.276998
36709563641,250,10.276941
79957095601,258,10.276937
54177871633,254,10.276936
97143279949,260,10.276902
54188716921,254,10.276853
65833358243,256,10.276835
79978981261,258,10.276825
20481943241,244,10.276795
44612023189,252,10.276793
54196475107,254,10.276793
65841661733,256,10.276783
79988905169,258,10.276774
1982324741,220,10.276755
20488030637,244,10.276667
65870255579,256,10.276604
97225246369,260,10.276560
97228365649,260,10.276546
97241478709,260,10.276492
9410002867,236,10.276490
44644638253,252,10.276486
24901005919,246,10.276473
13888835483,240,10.276458
16873345639,242,10.276444
13889637121,240,10.276432
54245756683,254,10.276415
97264163527,260,10.276397
54248125837,254,10.276397
36760057223,250,10.276361
54256528423,254,10.276333
80081707709,258,10.276299
80090450591,258,10.276255
30273521947,248,10.276155
80112673931,258,10.276141
97328426869,260,10.276129
97329280249,260,10.276125
80122162801,258,10.276093
36790935029,250,10.276007
24930518779,246,10.275965
24932094029,246,10.275937
80157431551,258,10.275913
97390174891,260,10.275871
80172423119,258,10.275836
13911166471,240,10.275751
66015400163,256,10.275696
36821972813,250,10.275650
418739071,204,10.275650
97450079407,260,10.275621
44737644031,252,10.275615
24952266737,246,10.275590
54355820551,254,10.275573
54362120203,254,10.275524
24956399459,246,10.275519
97486077103,260,10.275472
751085563,210,10.275466
44753924681,252,10.275462
97495614841,260,10.275432
97511715439,260,10.275365
44764866569,252,10.275359
24967664717,246,10.275326
5261749609,230,10.275321
44771490889,252,10.275297
36853331813,250,10.275290
44779058809,252,10.275227
30340025659,248,10.275221
66094102157,256,10.275205
44782337359,252,10.275196
44786408701,252,10.275158
97567983547,260,10.275130
54422872507,254,10.275060
97592069521,260,10.275030
54429761461,254,10.275007
54434032057,254,10.274975
66131441837,256,10.274972
80350423547,258,10.274929
54441490681,254,10.274918
97630218733,260,10.274872
80375827039,258,10.274799
97649686987,260,10.274791
80381119067,258,10.274773
44833298183,252,10.274719
36904527797,250,10.274705
30377240191,248,10.274699
16942078411,242,10.274671
80427088639,258,10.274538
16948467409,242,10.274507
13952487343,240,10.274446
97734042871,260,10.274440
30396917797,248,10.274424
44867422199,252,10.274401
30399836227,248,10.274383
80469242039,258,10.274324
97765129963,260,10.274311
25028052367,246,10.274289
6407998769,232,10.274209
20605267691,244,10.274198
80496308351,258,10.274186
7787185363,234,10.274088
13965142897,240,10.274047
80531503109,258,10.274008
80535487337,258,10.273988
16970599183,242,10.273937
11498613029,238,10.273902
25050709093,246,10.273901
80555405519,258,10.273887
80557508209,258,10.273875
97873173457,260,10.273862
25054839707,246,10.273829
44929729939,252,10.273820
25055728627,246,10.273814
80571562871,258,10.273805
2423337893,222,10.273777
30451085611,248,10.273665
16981939759,242,10.273645
16983326611,242,10.273610
44953587311,252,10.273597
97940824207,260,10.273582
25070270377,246,10.273565
80625456991,258,10.273531
97958517571,260,10.273508
80630339429,258,10.273506
37011627431,250,10.273481
30465965707,248,10.273458
66376787459,256,10.273445
80643610967,258,10.273438
25079576923,246,10.273406
37025015723,250,10.273328
80676725999,258,10.273271
13991104559,240,10.273231
66413518439,256,10.273217
80688645577,258,10.273211
66435021893,256,10.273084
80720162087,258,10.273050
80724518851,258,10.273028
9484025767,236,10.272985
45024815093,252,10.272934
37059849521,250,10.272931
14000791241,240,10.272926
54706076053,254,10.272903
98109543853,260,10.272883
98110185721,260,10.272881
80782574959,258,10.272735
45047128229,252,10.272727
66495272069,256,10.272710
25120436837,246,10.272708
20677840283,244,10.272677
25123495477,246,10.272655
80802280721,258,10.272635
80802489029,258,10.272634
98171232073,260,10.272628
45063244273,252,10.272576
37091288987,250,10.272573
98194319827,260,10.272532
98199768313,260,10.272511
80846927879,258,10.272408
17030647273,242,10.272397
37106882201,250,10.272396
66547302593,256,10.272388
37108410683,250,10.272379
54777332767,254,10.272363
98240403049,260,10.272342
45090484969,252,10.272324
37114285391,250,10.272311
98258739703,260,10.272266
80885273747,258,10.272215
37132946273,250,10.272099
45117295219,252,10.272075
7822047407,234,10.272073
54818693263,254,10.272049
98317490287,260,10.272024
98319981937,260,10.272014
80927945561,258,10.271999
98330643079,260,10.271970
54832458997,254,10.271944
5300809273,230,10.271927
45134317199,252,10.271917
14033337469,240,10.271905
98348650201,260,10.271895
80949844169,258,10.271889
45138867031,252,10.271874
30579791449,248,10.271871
25170655967,246,10.271852
80957542739,258,10.271850
80960380357,258,10.271835
30586640977,248,10.271776
80975640041,258,10.271758
98386529041,260,10.271739
80996548459,258,10.271652
54871453243,254,10.271649
81010729669,258,10.271581
45172414373,252,10.271564
4366544701,228,10.271548
45174726503,252,10.271543
17066914213,242,10.271469
66701448689,256,10.271434
30611611699,248,10.271429
81042255247,258,10.271421
30614006911,248,10.271396
98473361641,260,10.271381
98474018509,260,10.271379
37196578343,250,10.271377
30616103047,248,10.271366
45196787509,252,10.271338
66724779287,256,10.271290
20745179471,244,10.271271
81084115219,258,10.271211
81092862439,258,10.271167
98528642341,260,10.271153
20752523837,244,10.271118
81107745727,258,10.271091
66759788369,256,10.271073
25221163313,246,10.270991
66781790753,256,10.270938
98581966261,260,10.270934
14064791879,240,10.270921
81150685607,258,10.270875
45255494629,252,10.270795
45257393443,252,10.270777
14069660161,240,10.270769
54993642967,254,10.270725
55003538341,254,10.270651
98656154533,260,10.270629
30669808831,248,10.270620
98660064319,260,10.270613
81205700551,258,10.270597
55013783107,254,10.270574
37268631557,250,10.270560
25247141509,246,10.270550
81222796769,258,10.270512
25250507797,246,10.270493
98690474851,260,10.270488
11587906727,238,10.270473
98723866807,260,10.270350
45303998983,252,10.270346
98728651843,260,10.270330
25261047853,246,10.270314
55049761201,254,10.270302
81274340261,258,10.270252
4379173457,228,10.270212
45320180551,252,10.270197
98765654509,260,10.270179
66909082577,256,10.270153
81299709187,258,10.270124
14090579159,240,10.270116
81302191511,258,10.270112
37308477191,250,10.270109
81320912069,258,10.270019
25278699619,246,10.270015
81335019211,258,10.269947
2968567561,224,10.269885
45358268353,252,10.269845
17131443283,242,10.269824
81370171027,258,10.269771
98867037253,260,10.269762
98879991109,260,10.269710
14103876497,240,10.269701
45373843733,252,10.269701
98886978829,260,10.269680
81395152897,258,10.269646
14105992123,240,10.269635
81402679261,258,10.269608
30743146789,248,10.269605
81422586389,258,10.269507
98933147893,260,10.269491
98935357219,260,10.269482
45402647153,252,10.269436
45406003943,252,10.269404
25315717727,246,10.269387
67037455607,256,10.269363
81454027687,258,10.269350
37376177549,250,10.269344
25319691053,246,10.269320
30767616331,248,10.269266
98990555743,260,10.269256
99001670983,260,10.269210
17156454463,242,10.269189
7872711397,234,10.269162
81494064017,258,10.269149
81494481661,258,10.269147
25332251039,246,10.269107
67084040627,256,10.269077
81521788399,258,10.269010
20855264483,244,10.268983
37409117789,250,10.268973
55230341227,254,10.268942
45461091959,252,10.268897
45464699773,252,10.268864
99102310117,260,10.268798
81571384981,258,10.268762
81572319607,258,10.268757
81578979791,258,10.268723
99126861697,260,10.268698
81584353231,258,10.268696
45485782073,252,10.268670
81590715881,258,10.268664
45486826501,252,10.268661
81603556147,258,10.268600
925153153,212,10.268597
37442700539,250,10.268595
25362872309,246,10.268589
99157055203,260,10.268574
7883036383,234,10.268572
81613265977,258,10.268552
55291939057,254,10.268479
4395729361,228,10.268467
81630427607,258,10.268465
81640848847,258,10.268414
25373782037,246,10.268405
81644044021,258,10.268397
14147361583,240,10.268349
45524700139,252,10.268312
55317115423,254,10.268291
99227059357,260,10.268288
9585157009,236,10.268244
45532669571,252,10.268239
2017929491,220,10.268216
30847054957,248,10.268170
99255899131,260,10.268170
55336292563,254,10.268147
14154583999,240,10.268125
25390560659,246,10.268122
81700831469,258,10.268113
99275074159,260,10.268092
55348850761,254,10.268052
81716915309,258,10.268033
236908159,198,10.268015
45559416673,252,10.267993
81763373737,258,10.267800
14166993077,240,10.267739
81776858881,258,10.267733
81781627789,258,10.267709
99377148517,260,10.267675
45598189453,252,10.267637
25420716449,246,10.267613
99394486357,260,10.267605
30889499857,248,10.267586
45604600633,252,10.267579
67334332319,256,10.267543
99442866163,260,10.267407
4405848439,228,10.267404
99447139927,260,10.267389
25434824627,246,10.267375
45640111459,252,10.267253
37567598729,250,10.267190
99496269967,260,10.267189
67395652607,256,10.267168
55471534501,254,10.267133
81897910069,258,10.267129
99513405421,260,10.267119
55474209103,254,10.267113
81907238821,258,10.267082
30929851819,248,10.267031
67427795927,256,10.266973
45671323979,252,10.266967
81937991117,258,10.266929
81940622299,258,10.266915
6511661573,232,10.266913
67439451887,256,10.266901
67441813697,256,10.266887
67441707209,256,10.266887
45683294473,252,10.266857
99587562583,260,10.266817
81967809809,258,10.266780
55524239191,254,10.266739
99612237139,260,10.266717
25474346449,246,10.266710
81984137429,258,10.266699
55539660763,254,10.266623
82008527707,258,10.266577
14205007393,240,10.266562
25484509507,246,10.266540
45720465191,252,10.266518
99694382629,260,10.266383
4415611591,228,10.266380
82057301791,258,10.266335
20984503361,244,10.266315
17272920019,242,10.266241
37652812289,250,10.266235
55603116187,254,10.266150
11702255909,238,10.266122
82100444267,258,10.266120
37668140171,250,10.266064
55616592433,254,10.266049
99787812871,260,10.266004
55626805291,254,10.265973
55628397427,254,10.265962
67603061219,256,10.265903
45788631883,252,10.265894
82147327099,258,10.265886
14228197939,240,10.265846
45797848519,252,10.265810
25532161903,246,10.265738
82181059291,258,10.265718
99865405699,260,10.265688
2028681659,220,10.265670
45820025651,252,10.265608
99885115591,260,10.265608
55677018127,254,10.265599
37709741633,250,10.265598
45824613539,252,10.265566
31043351659,248,10.265474
99921058213,260,10.265462
82243267867,258,10.265409
82243639789,258,10.265408
99951493633,260,10.265339
99953164477,260,10.265332
82259175727,258,10.265330
37734794183,250,10.265318
99963394369,260,10.265290
99965236669,260,10.265284
11725876937,238,10.265229
67717474973,256,10.265207
37744712909,250,10.265207
17315262781,242,10.265175
55739390887,254,10.265134
45877087163,252,10.265087
17319592093,242,10.265066
17323199521,242,10.264976
25582470079,246,10.264895
82356706457,258,10.264847
45905901331,252,10.264825
11737605701,238,10.264787
45910339063,252,10.264784
82371993601,258,10.264771
6545735663,232,10.264543
37806218759,250,10.264521
37811191487,250,10.264465
45945720649,252,10.264462
67840489439,256,10.264461
31118457661,248,10.264447
21075861881,244,10.264438
82440005107,258,10.264434
25614099083,246,10.264366
67861197797,256,10.264335
67872279623,256,10.264267
45967583159,252,10.264263
67874216213,256,10.264256
45968983453,252,10.264251
45969609383,252,10.264245
82494766691,258,10.264163
82499655319,258,10.264138
37842769061,250,10.264113
11756881001,238,10.264060
82526487149,258,10.264006
25636562089,246,10.263991
9676983109,236,10.263987
82531559519,258,10.263981
55896800611,254,10.263965
9679746133,236,10.263859
82570472317,258,10.263788
21109784237,244,10.263743
7968053347,234,10.263741
55927236301,254,10.263739
82590555947,258,10.263689
82604174011,258,10.263621
55949906401,254,10.263571
46044254119,252,10.263566
4442653759,228,10.263558
31186626517,248,10.263517
25666096109,246,10.263498
82632671789,258,10.263480
55972768297,254,10.263401
46075346839,252,10.263285
56019295471,254,10.263057
25694420317,246,10.263025
68082138209,256,10.262997
56034920323,254,10.262941
82742343197,258,10.262939
46114437263,252,10.262930
25702092553,246,10.262897
68099287847,256,10.262894
14324653157,240,10.262880
46127639881,252,10.262810
25710425743,246,10.262759
3014504707,224,10.262659
82865957417,258,10.262330
31274543887,248,10.262322
46181825329,252,10.262320
31277235571,248,10.262285
56124316741,254,10.262280
46186342901,252,10.262279
21182298041,244,10.262263
82884882181,258,10.262237
68211906143,256,10.262214
17433980251,242,10.262200
46195120819,252,10.262199
68218627553,256,10.262173
68220195347,256,10.262163
38023655333,250,10.262105
7997283043,234,10.262093
25750541989,246,10.262092
38025446993,250,10.262085
31299642487,248,10.261982
82939901279,258,10.261966
68253121427,256,10.261965
9721834123,236,10.261923
38042554223,250,10.261895
56179902661,254,10.261869
38045140379,250,10.261867
82963412879,258,10.261850
21203890901,244,10.261824
56189355577,254,10.261800
5419393711,230,10.261787
38053552991,250,10.261774
82979507971,258,10.261771
82982483509,258,10.261756
38058508307,250,10.261719
83004004849,258,10.261650
38066012321,250,10.261636
83013993889,258,10.261601
14367220381,240,10.261579
46263791219,252,10.261579
11823955709,238,10.261543
83041857677,258,10.261464
21222296897,244,10.261449
38085176711,250,10.261424
46283991463,252,10.261396
21227099507,244,10.261352
83090254811,258,10.261227
25806679763,246,10.261159
68389357637,256,10.261145
56278409347,254,10.261144
83115902341,258,10.261101
2048195987,220,10.261086
21240876221,244,10.261071
25813404257,246,10.261048
83126447771,258,10.261048
38122740317,250,10.261008
14387178317,240,10.260969
46340306279,252,10.260888
25827164177,246,10.260819
83183802209,258,10.260767
25831579603,246,10.260747
46360800319,252,10.260703
68466751487,256,10.260680
46366639313,252,10.260651
83211444209,258,10.260632
68486647637,256,10.260560
11850425291,238,10.260553
25843677817,246,10.260546
68489742287,256,10.260542
46380828401,252,10.260523
11851351121,238,10.260519
83244506651,258,10.260469
46391771813,252,10.260425
83266988947,258,10.260360
31422071701,248,10.260324
46408988029,252,10.260269
56401698751,254,10.260237
21285378731,244,10.260168
56413159801,254,10.260152
83309847937,258,10.260149
1143657737,214,10.260099
46433623073,252,10.260048
3683924669,226,10.260021
83342733007,258,10.259989
83342820167,258,10.259988
9764193463,236,10.259983
31449844651,248,10.259949
68589665363,256,10.259942
6612493619,232,10.259936
83360066639,258,10.259904
17526718369,242,10.259892
38224707299,250,10.259884
14423547739,240,10.259862
83386963391,258,10.259772
46466575139,252,10.259751
83392286377,258,10.259746
83392502447,258,10.259745
14428453861,240,10.259712
56474499397,254,10.259702
5444289523,230,10.259689
83408442577,258,10.259666
11875490477,238,10.259619
46481892551,252,10.259614
83422743071,258,10.259597
83425551241,258,10.259583
83438106197,258,10.259521
25906752869,246,10.259503
56506767157,254,10.259465
83455329829,258,10.259438
83457895277,258,10.259425
56517246007,254,10.259388
11883801707,238,10.259310
83485569989,258,10.259290
68703645443,256,10.259259
56537171443,254,10.259242
46524419419,252,10.259232
56539688467,254,10.259224
240885341,198,10.259157
38294469803,250,10.259116
46546589233,252,10.259032
46566010531,252,10.258859
68770973867,256,10.258857
46568058073,252,10.258840
83585550871,258,10.258801
25950286379,246,10.258784
83595312329,258,10.258754
38327633213,250,10.258752
68793973319,256,10.258719
56618813353,254,10.258644
38342606177,250,10.258587
38347754579,250,10.258531
83649732499,258,10.258489
31561361059,248,10.258447
38355764717,250,10.258443
17588465173,242,10.258363
11909512247,238,10.258354
46628520061,252,10.258298
17594108071,242,10.258224
83704480591,258,10.258222
14478751123,240,10.258186
25987260407,246,10.258176
83724525617,258,10.258124
56694602941,254,10.258090
83736496421,258,10.258065
83743867541,258,10.258030
46662854123,252,10.257991
83753558621,258,10.257982
83756829731,258,10.257967
31597693447,248,10.257958
46667283043,252,10.257951
9811627723,236,10.257822
31621270939,248,10.257642
56762260777,254,10.257596
17620685221,242,10.257567
68989892327,256,10.257550
11933538689,238,10.257463
46725317239,252,10.257432
14506821311,240,10.257338
46743986609,252,10.257265
2509284143,222,10.257234
46749300319,252,10.257218
69052299683,256,10.257178
69056708843,256,10.257153
1699378651,218,10.257120
83937490207,258,10.257088
69070201367,256,10.257072
46767458009,252,10.257056
3707847653,226,10.257008
56852405257,254,10.256939
83969025989,258,10.256935
83970646867,258,10.256927
83972258107,258,10.256919
26066495737,246,10.256873
8091206267,234,10.256840
83996366977,258,10.256802
46797809483,252,10.256785
9835992307,236,10.256716
38513766647,250,10.256713
46807322981,252,10.256701
38517667271,250,10.256670
56896564327,254,10.256617
26083736647,246,10.256591
84043046369,258,10.256576
84061340317,258,10.256487
84066160259,258,10.256463
26091895679,246,10.256457
84072073271,258,10.256434
84078597667,258,10.256403
84080875481,258,10.256392
56929843603,254,10.256374
14540196947,240,10.256330
84093803489,258,10.256330
4513383001,228,10.256266
84109687147,258,10.256252
38558626973,250,10.256223
26107661009,246,10.256199
14544770771,240,10.256192
69222996107,256,10.256165
6667713329,232,10.256165
56964385003,254,10.256124
84137138809,258,10.256119
69236958779,256,10.256082
84189483919,258,10.255866
31756365241,248,10.255834
8109854443,234,10.255805
14559437203,240,10.255751
84228011611,258,10.255679
38608488101,250,10.255679
38609544557,250,10.255668
46929230713,252,10.255614
69336177473,256,10.255493
69338875349,256,10.255477
84276105401,258,10.255446
57058504567,254,10.255440
84277625401,258,10.255439
57064510357,254,10.255397
46953893159,252,10.255395
46956237539,252,10.255374
46961988103,252,10.255323
46964935289,252,10.255297
9867364777,236,10.255297
84320237741,258,10.255233
17715958573,242,10.255223
84326085671,258,10.255205
11994790631,238,10.255200
38655035759,250,10.255172
31806348649,248,10.255167
38659499231,250,10.255123
38663217863,250,10.255083
38666794697,250,10.255044
11999044247,238,10.255043
84376889669,258,10.254959
84389199247,258,10.254900
17730164821,242,10.254874
69442920149,256,10.254861
1707460387,218,10.254831
47018299249,252,10.254823
69464387117,256,10.254734
84426767591,258,10.254719
84429692251,258,10.254704
47038407523,252,10.254644
84447258997,258,10.254620
84453488659,258,10.254589
69507334277,256,10.254480
84477019771,258,10.254476
84477435851,258,10.254474
47060122861,252,10.254452
26214644437,246,10.254451
47062327661,252,10.254433
84486697297,258,10.254429
38724777269,250,10.254414
84493753919,258,10.254395
17751578683,242,10.254350
84506803399,258,10.254333
26223270497,246,10.254310
84515035739,258,10.254292
47078183629,252,10.254292
84515368669,258,10.254291
783467761,210,10.254287
84516660427,258,10.254285
69541057979,256,10.254281
84522766739,258,10.254255
26229393719,246,10.254210
47090386219,252,10.254184
26232130889,246,10.254166
84547338457,258,10.254137
9893442037,236,10.254121
14614313671,240,10.254102
12025948769,238,10.254054
84582705541,258,10.253966
84583691741,258,10.253962
84589653037,258,10.253933
69602547419,256,10.253918
84593330867,258,10.253915
38771568023,250,10.253906
38775212447,250,10.253866
9899603293,236,10.253843
84610474931,258,10.253833
84619703087,258,10.253788
38787367007,250,10.253735
84636722591,258,10.253706
38794413431,250,10.253658
47151119581,252,10.253646
26265552589,246,10.253621
47154723139,252,10.253614
57314326903,254,10.253588
84665239361,258,10.253569
84673733981,258,10.253528
57324682897,254,10.253513
8151647411,234,10.253495
84682052171,258,10.253488
57329241427,254,10.253480
47173870613,252,10.253445
69687505733,256,10.253417
69687859019,256,10.253415
26278410709,246,10.253412
57349954381,254,10.253331
47187984083,252,10.253320
26285699249,246,10.253293
57360274003,254,10.253256
8157141451,234,10.253193
38839244513,250,10.253173
26294177123,246,10.253156
69737090993,256,10.253125
47210892571,252,10.253118
84765938027,258,10.253084
84767578801,258,10.253077
6714069101,232,10.253024
17806310083,242,10.253013
31968544369,248,10.253011
47223509441,252,10.253006
31973292601,248,10.252948
12057211037,238,10.252907
69776725283,256,10.252892
69785833259,256,10.252838
69799399547,256,10.252758
84839224139,258,10.252732
38881000841,250,10.252721
84852895079,258,10.252666
69817115717,256,10.252654
47276268301,252,10.252541
84881936351,258,10.252527
14668068227,240,10.252494
4551151307,228,10.252422
84905439869,258,10.252415
14671319713,240,10.252397
26342226539,246,10.252376
84922104781,258,10.252335
69888988487,256,10.252232
38930159393,250,10.252190
47322743113,252,10.252131
84977597737,258,10.252069
57525363397,254,10.252067
85001194931,258,10.251955
47342861299,252,10.251953
38953376351,250,10.251939
85010139581,258,10.251912
38965767521,250,10.251805
12087929699,238,10.251783
47367037643,252,10.251740
32065796221,248,10.251723
8184392357,234,10.251695
85055484439,258,10.251695
26386914823,246,10.251652
32074555039,248,10.251607
5541795781,230,10.251572
85087334257,258,10.251543
26393789533,246,10.251540
70014214649,256,10.251496
70018891469,256,10.251469
14703176963,240,10.251447
85110119579,258,10.251433
85113935617,258,10.251415
26403152773,246,10.251389
47414594533,252,10.251322
85138461251,258,10.251298
21728722577,244,10.251282
57645619063,254,10.251203
47433107983,252,10.251159
47435803621,252,10.251135
3089469127,224,10.251122
85192896989,258,10.251038
85208806757,258,10.250961
85228194977,258,10.250869
39054197381,250,10.250853
85234927549,258,10.250836
85239283201,258,10.250816
85241314727,258,10.250806
1416585853,216,10.250805
85262932927,258,10.250703
70151162033,256,10.250694
70154325509,256,10.250676
39071271191,250,10.250669
85274005259,258,10.250650
70170786107,256,10.250580
32164295461,248,10.250423
4571024827,228,10.250415
85346733179,258,10.250303
32176325431,248,10.250265
47536566403,252,10.250251
47538995519,252,10.250229
32179879597,248,10.250218
70244766593,256,10.250147
32186289151,248,10.250134
85394788379,258,10.250073
32191399027,248,10.250067
8214353593,234,10.250053
85399711829,258,10.250051
39131535983,250,10.250021
85417119707,258,10.249968
4575605459,228,10.249953
39137877167,250,10.249952
14753795453,240,10.249942
85425929837,258,10.249926
85427090621,258,10.249920
47578425733,252,10.249884
57833161777,254,10.249859
85445462519,258,10.249832
47587618919,252,10.249803
47595489961,252,10.249734
21808668551,244,10.249701
47600207279,252,10.249693
14764630541,240,10.249620
47609316169,252,10.249613
14766791437,240,10.249557
47617060591,252,10.249545
39181207061,250,10.249488
32236588627,248,10.249473
85526859569,258,10.249444
57894954823,254,10.249417
47633682583,252,10.249399
57914413147,254,10.249279
57918964141,254,10.249246
85574513111,258,10.249218
47673862661,252,10.249048
39223112561,250,10.249039
26549015377,246,10.249036
39226205771,250,10.249005
70448761109,256,10.248957
85640205949,258,10.248905
85653997697,258,10.248839
21853679291,244,10.248813
47707559219,252,10.248754
70485441419,256,10.248743
85681931771,258,10.248707
85691582891,258,10.248661
26573984803,246,10.248634
58008129703,254,10.248610
47726251073,252,10.248590
32305406041,248,10.248569
26579117417,246,10.248551
39275101301,250,10.248482
47740540403,252,10.248466
26584487467,246,10.248466
85742306861,258,10.248420
58038471397,254,10.248394
6783574019,232,10.248360
21876856373,244,10.248357
70561086587,256,10.248303
58051632043,254,10.248300
58052149543,254,10.248296
85775649067,258,10.248261
85776552157,258,10.248258
793028837,210,10.248217
32334357001,248,10.248190
47776235809,252,10.248154
47776565849,252,10.248151
58072886317,254,10.248149
39310318889,250,10.248105
47786770853,252,10.248062
70605753389,256,10.248044
6789443273,232,10.247968
58121206861,254,10.247805
70648311329,256,10.247796
70648978787,256,10.247792
39339658499,250,10.247792
47820385451,252,10.247769
39344156099,250,10.247744
442016483,204,10.247725
85894802899,258,10.247697
2560478521,222,10.247670
39351206633,250,10.247669
70675667687,256,10.247638
70676448977,256,10.247633
85929982339,258,10.247530
47854863409,252,10.247469
14837872843,240,10.247456
47856700579,252,10.247453
85956470797,258,10.247405
58187749561,254,10.247332
8264661131,234,10.247313
70731794099,256,10.247312
39387448901,250,10.247282
166726561,194,10.247273
85985867299,258,10.247266
14844391883,240,10.247263
85992821209,258,10.247232
85995531667,258,10.247220
70752958163,256,10.247190
86003899237,258,10.247180
86004887959,258,10.247175
32412085441,248,10.247173
10049304829,236,10.247161
86033783897,258,10.247039
86037664541,258,10.247021
58233513817,254,10.247006
26679419807,246,10.246943
47915408263,252,10.246942
86060437741,258,10.246913
86061251447,258,10.246909
26685185369,246,10.246852
86085342247,258,10.246795
26689003109,246,10.246791
70827312737,256,10.246758
47938379399,252,10.246742
1736596831,218,10.246675
86116056841,258,10.246650
39449475281,250,10.246621
26701232123,246,10.246595
58300665541,254,10.246531
47963669041,252,10.246523
70869990017,256,10.246511
47966981801,252,10.246493
70879965647,256,10.246454
39465697463,250,10.246449
26711725037,246,10.246428
70895907809,256,10.246362
4611523457,228,10.246351
70899166109,256,10.246343
86202600389,258,10.246241
39485636051,250,10.246237
86205867661,258,10.246225
48005550431,252,10.246159
26730685589,246,10.246124
12244240991,238,10.246113
14883566857,240,10.246110
8287421977,234,10.246078
86243152207,258,10.246050
86244046277,258,10.246045
21994685423,244,10.246045
48022748771,252,10.246010
70976386433,256,10.245896
22004090021,244,10.245861
4616673001,228,10.245837
14892972319,240,10.245833
58403232067,254,10.245804
8294310481,234,10.245707
71015610683,256,10.245669
58423367551,254,10.245661
71019179477,256,10.245649
86353389469,258,10.245530
39554065301,250,10.245509
48081392341,252,10.245502
48081581959,252,10.245500
18120578803,242,10.245419
86383232981,258,10.245389
86389095301,258,10.245361
4621781911,228,10.245328
26784182729,246,10.245272
3128402587,224,10.245251
71094958367,256,10.245212
58490880313,254,10.245184
86432769547,258,10.245156
26793577403,246,10.245122
26794639939,246,10.245105
12272993297,238,10.245078
48132270013,252,10.245061
48132980113,252,10.245054
86455096901,258,10.245050
2575314331,222,10.244938
39619293773,250,10.244818
22060207223,244,10.244765
58551476821,254,10.244756
2576364121,222,10.244745
39631312517,250,10.244690
14932066789,240,10.244687
6839594243,232,10.244637
22068549407,244,10.244603
48190534583,252,10.244556
86576940661,258,10.244478
48200434949,252,10.244472
86580078187,258,10.244463
48201669091,252,10.244461
32620590619,248,10.244458
26837108153,246,10.244429
365990111,202,10.244387
14942559461,240,10.244380
86599809269,258,10.244370
86604655861,258,10.244348
86620558027,258,10.244273
86626368259,258,10.244246
71263489673,256,10.244241
86628647527,258,10.244235
86631401539,258,10.244223
86635831129,258,10.244202
48232701331,252,10.244193
14949025549,240,10.244191
86647944007,258,10.244144
86652666731,258,10.244123
71295099143,256,10.244060
86666864441,258,10.244056
86675631359,258,10.244015
26866934467,246,10.243956
48263613841,252,10.243926
39703805231,250,10.243923
48271964669,252,10.243854
58687499947,254,10.243797
22114086611,244,10.243716
8331593453,234,10.243694
32681831821,248,10.243665
48298253933,252,10.243628
86769210427,258,10.243576
26892395059,246,10.243551
39740232923,250,10.243538
86783676631,258,10.243508
32694133471,248,10.243505
48315824429,252,10.243476
86811983567,258,10.243375
48331520101,252,10.243340
12322777979,238,10.243293
86834668961,258,10.243269
48349501073,252,10.243186
86864106737,258,10.243131
86872825931,258,10.243091
86885945281,258,10.243029
86888950541,258,10.243015
22150211423,244,10.243014
58802313067,254,10.242990
10144355869,236,10.242974
86906871581,258,10.242931
39797966123,250,10.242929
86908817717,258,10.242922
48383974871,252,10.242888
86922482921,258,10.242858
18228833929,242,10.242835
39807196589,250,10.242831
446292467,204,10.242771
48405254101,252,10.242705
71536653329,256,10.242673
48412825429,252,10.242640
8351585353,234,10.242620
86975582327,258,10.242610
71551401239,256,10.242589
12343393571,238,10.242557
86989438009,258,10.242545
86995140431,258,10.242518
39838843097,250,10.242498
15007613017,240,10.242480
15011781061,240,10.242359
71597073803,256,10.242327
48451992443,252,10.242304
39857532599,250,10.242301
2589965473,222,10.242257
26975031653,246,10.242243
39870389729,250,10.242166
26982155287,246,10.242130
26984677919,246,10.242090
58931729041,254,10.242082
87090572689,258,10.242072
10165031473,236,10.242069
71652079973,256,10.242012
58943406397,254,10.242000
71655615233,256,10.241992
87115253677,258,10.241957
58961554777,254,10.241873
48502469263,252,10.241871
32823188551,248,10.241839
87143165561,258,10.241827
48513243083,252,10.241778
18273516343,242,10.241775
87157850041,258,10.241758
58977866671,254,10.241758
27007583683,246,10.241728
48520708793,252,10.241714
22217783201,244,10.241705
87171773371,258,10.241693
87176070979,258,10.241673
39919091417,250,10.241653
39919112621,250,10.241653
87185581261,258,10.241629
71723918303,256,10.241602
87193149031,258,10.241593
48543125483,252,10.241522
87223430599,258,10.241452
48552466129,252,10.241442
87250158269,258,10.241328
8375867303,234,10.241319
87260176337,258,10.241282
18294639613,242,10.241274
12379816139,238,10.241258
48574153609,252,10.241256
59051799871,254,10.241241
71790052223,256,10.241224
48579959111,252,10.241206
22244043053,244,10.241197
15054622853,240,10.241114
27048631769,246,10.241081
59078929627,254,10.241052
48598118999,252,10.241051
39978530297,250,10.241030
2596745873,222,10.241021
87327596501,258,10.240968
71835617003,256,10.240964
87331792007,258,10.240948
15061596091,240,10.240911
59102919697,254,10.240884
32898298339,248,10.240872
39993848591,250,10.240869
87349986599,258,10.240863
59112433477,254,10.240818
5673923011,230,10.240816
48627459163,252,10.240799
71874044447,256,10.240746
59131222681,254,10.240686
8387968157,234,10.240671
59136871951,254,10.240647
8388774071,234,10.240628
59146237333,254,10.240582
71903743823,256,10.240576
87418246451,258,10.240545
59153974591,254,10.240527
59160600307,254,10.240481
22281469031,244,10.240475
71921917553,256,10.240473
59169490057,254,10.240419
40038788057,250,10.240397
48679359433,252,10.240355
87464789359,258,10.240330
87484148671,258,10.240239
1190890907,214,10.240231
87493274779,258,10.240197
18342272371,242,10.240147
8398672591,234,10.240100
27111744557,246,10.240088
27112411603,246,10.240077
87529945121,258,10.240026
27117114019,246,10.240003
72011337179,256,10.239964
87550619879,258,10.239931
48738707713,252,10.239848
18355151071,242,10.239842
40094618687,250,10.239813
12422401841,238,10.239744
48757336141,252,10.239690
87603510047,258,10.239685
72060930083,256,10.239681
87621458761,258,10.239602
59290008793,254,10.239579
87626640251,258,10.239578
72079653719,256,10.239575
40117853933,250,10.239571
87632007821,258,10.239553
48775094353,252,10.239538
15109438739,240,10.239526
48787686421,252,10.239430
87660587099,258,10.239421
40136522561,250,10.239375
15114656231,240,10.239375
59326441333,254,10.239326
27160504157,246,10.239322
87688643969,258,10.239290
27170006957,246,10.239172
87715197209,258,10.239167
59351467333,254,10.239152
87724714969,258,10.239123
87729000647,258,10.239103
18387216433,242,10.239086
48828469961,252,10.239083
87737667181,258,10.239063
40166828921,250,10.239058
87743602339,258,10.239036
40176530291,250,10.238957
15133430297,240,10.238832
4687643017,228,10.238818
48861945079,252,10.238798
48862207829,252,10.238795
15136741549,240,10.238737
87826695937,258,10.238651
48879238613,252,10.238650
48881492423,252,10.238631
87835196809,258,10.238612
59430567991,254,10.238602
72255626213,256,10.238577
59437952383,254,10.238550
87851341601,258,10.238538
87853977661,258,10.238525
48900477961,252,10.238470
48917287751,252,10.238327
87909435857,258,10.238269
22396793693,244,10.238256
33107684191,248,10.238190
27234631849,246,10.238160
22403120717,244,10.238134
40256311973,250,10.238126
12468892391,238,10.238099
8436584773,234,10.238082
33117583897,248,10.238064
27249165089,246,10.237932
87986145371,258,10.237914
59541963937,254,10.237829
15168951449,240,10.237809
72391640609,256,10.237806
33139000327,248,10.237790
22423468967,244,10.237744
27264897349,246,10.237687
48993217093,252,10.237681
40299295019,250,10.237678
48997328959,252,10.237647
59568304513,254,10.237647
48997342249,252,10.237647
12483002387,238,10.237601
88054339721,258,10.237599
27271557407,246,10.237582
59584729651,254,10.237533
40313689487,250,10.237528
88081876601,258,10.237473
40321916111,250,10.237443
40321981907,250,10.237442
49023721181,252,10.237423
49024016443,252,10.237420
88093770859,258,10.237418
59601477577,254,10.237417
2616697183,222,10.237407
88102408601,258,10.237378
88113227627,258,10.237328
10274349049,236,10.237316
15188197769,240,10.237255
59629793563,254,10.237221
8453316913,234,10.237195
27296764549,246,10.237189
59634553327,254,10.237188
15193467301,240,10.237103
88174317971,258,10.237046
72535786157,256,10.236992
49077656489,252,10.236965
88196784937,258,10.236943
15199543873,240,10.236929
88211699227,258,10.236875
12503768477,238,10.236869
27320556869,246,10.236818
72570354713,256,10.236797
88235694487,258,10.236764
59702757547,254,10.236716
59707317127,254,10.236685
8463311617,234,10.236666
88264229327,258,10.236632
72601309037,256,10.236623
49119820231,252,10.236609
40403540057,250,10.236595
8465037697,234,10.236574
59727874363,254,10.236543
49129939499,252,10.236523
72622053359,256,10.236506
72632283323,256,10.236448
27348105427,246,10.236388
27351288449,246,10.236339
88332886847,258,10.236317
88348865117,258,10.236243
72674740913,256,10.236209
33264479257,248,10.236194
88362774067,258,10.236179
15226044761,240,10.236168
27362666329,246,10.236162
88369903277,258,10.236147
49175151461,252,10.236140
88378487531,258,10.236107
49180871339,252,10.236092
49181753293,252,10.236085
27375629497,246,10.235960
40465148951,250,10.235956
8476859381,234,10.235950
27376957969,246,10.235939
88427308111,258,10.235883
72733602209,256,10.235877
88429229621,258,10.235874
88432335149,258,10.235860
72739466879,256,10.235845
88436162327,258,10.235842
72746621837,256,10.235804
72767053859,256,10.235689
49230027673,252,10.235677
88472319077,258,10.235676
8483135863,234,10.235618
49240161539,252,10.235591
59866434913,254,10.235587
88493800511,258,10.235578
27400695787,246,10.235570
8484120847,234,10.235566
88498228631,258,10.235558
49245124913,252,10.235549
59875856137,254,10.235522
59880210823,254,10.235492
88515347797,258,10.235478
72805191149,256,10.235475
49255705519,252,10.235460
49261587433,252,10.235410
88535124577,258,10.235388
27413219129,246,10.235375
10320683977,236,10.235319
33335148907,248,10.235297
40534159031,250,10.235242
40534303541,250,10.235241
72848792777,256,10.235229
88572999631,258,10.235214
49292535223,252,10.235149
72867350219,256,10.235126
18556511221,242,10.235117
88613109197,258,10.235030
27436606277,246,10.235013
88627852457,258,10.234963
4727441767,228,10.234932
15270119201,240,10.234906
15275987963,240,10.234739
88681098397,258,10.234719
40590457841,250,10.234661
49353424781,252,10.234636
72960458933,256,10.234603
88712413871,258,10.234576
1464837943,216,10.234536
22591999007,244,10.234529
8505221201,234,10.234454
40612861607,250,10.234429
5754244513,230,10.234411
49382464129,252,10.234391
40622732243,250,10.234327
22603390841,244,10.234313
88776209141,258,10.234284
8508494707,234,10.234282
15292465537,240,10.234268
815850727,210,10.234047
60093807877,254,10.234024
49431716569,252,10.233977
60101833681,254,10.233969
60104230273,254,10.233953
49435054573,252,10.233949
49437224131,252,10.233931
33447632131,248,10.233874
73092940313,256,10.233861
88878729607,258,10.233815
49460503811,252,10.233735
40682802887,250,10.233708
88909650937,258,10.233674
22638131273,244,10.233654
18623065393,242,10.233568
3900309143,226,10.233504
27534003319,246,10.233503
49490903381,252,10.233479
88957005719,258,10.233459
88957041619,258,10.233458
49498464989,252,10.233417
33484807861,248,10.233405
40713317849,250,10.233395
40719879797,250,10.233327
10367170459,236,10.233324
15333534077,240,10.233098
49537253761,252,10.233090
89060304049,258,10.232987
89071602001,258,10.232936
49556972383,252,10.232925
73265636177,256,10.232895
89087536507,258,10.232863
1469976923,216,10.232839
4749081067,228,10.232834
40768131119,250,10.232831
27579751747,246,10.232797
8537099507,234,10.232780
40774010399,250,10.232771
49580091073,252,10.232732
60292054213,254,10.232666
27589668773,246,10.232644
49592303021,252,10.232629
49593957461,252,10.232615
49596015541,252,10.232598
89152370821,258,10.232568
73324686329,256,10.232566
49603043713,252,10.232539
49609462439,252,10.232486
60325086277,254,10.232440
89184062431,258,10.232424
33565087627,248,10.232394
73357539389,256,10.232383
89209022261,258,10.232310
60350062921,254,10.232269
33578798311,248,10.232222
2175927317,220,10.232215
89231737747,258,10.232206
60360637951,254,10.232197
89236406719,258,10.232185
12639222689,238,10.232127
27624760399,246,10.232103
89261168981,258,10.232073
27627069517,246,10.232067
49660093381,252,10.232061
7033029869,232,10.232037
89275033879,258,10.232010
40849730387,250,10.231994
89282940161,258,10.231974
49679527531,252,10.231899
49690195039,252,10.231810
89320964869,258,10.231801
89321707151,258,10.231797
89322302611,258,10.231795
27645107993,246,10.231790
40873890737,250,10.231746
40874218013,250,10.231743
27653011949,246,10.231668
73499502179,256,10.231592
89372881789,258,10.231565
27661087477,246,10.231544
15389676097,240,10.231503
208744973,196,10.231448
1792505887,218,10.231437
89405743177,258,10.231416
89413317899,258,10.231381
49744596533,252,10.231356
73544373113,256,10.231342
22762895471,244,10.231296
89434949557,258,10.231283
73556538359,256,10.231275
33658650307,248,10.231219
49763867633,252,10.231194
60517572763,254,10.231127
22772208047,244,10.231120
40939163387,250,10.231078
89480922667,258,10.231075
60527855743,254,10.231057
73603454849,256,10.231014
33677851531,248,10.230978
27698202457,246,10.230973
89515126187,258,10.230920
89516464381,258,10.230914
89524741349,258,10.230876
89525751961,258,10.230872
89534844017,258,10.230830
33692630731,248,10.230793
27710394847,246,10.230786
73647480917,256,10.230769
49824503051,252,10.230689
33702371539,248,10.230671
49829681501,252,10.230645
27720714587,246,10.230628
15421030721,240,10.230616
49836004403,252,10.230593
22800754853,244,10.230582
89590262737,258,10.230579
89590892921,258,10.230577
7056118463,232,10.230557
15425047441,240,10.230502
73698886073,256,10.230484
49849360919,252,10.230481
49850081341,252,10.230475
27732000187,246,10.230454
49854312493,252,10.230440
89632791581,258,10.230387
4774666231,228,10.230368
60650298733,254,10.230225
89669120917,258,10.230223
33738287731,248,10.230222
8586290677,234,10.230209
41027203109,250,10.230179
15436740497,240,10.230172
49887680261,252,10.230163
15437567687,240,10.230148
73762427903,256,10.230132
89692671317,258,10.230116
15439229257,240,10.230102
27755884477,246,10.230088
15441219967,240,10.230045
49905525221,252,10.230014
1478741827,216,10.229958
33761297929,248,10.229934
41052786701,250,10.229918
49924419491,252,10.229856
41061989039,250,10.229824
27773294293,246,10.229821
60710476933,254,10.229815
49937654539,252,10.229747
89793891457,258,10.229659
49959461129,252,10.229566
12713126861,238,10.229563
89835359357,258,10.229471
89877064201,258,10.229283
27808810697,246,10.229278
27809831597,246,10.229262
89895535181,258,10.229199
50007488683,252,10.229166
50007691081,252,10.229165
18814784299,242,10.229137
12728488001,238,10.229033
60831126637,254,10.228997
33836711341,248,10.228992
89942749177,258,10.228987
4789096951,228,10.228982
73978791959,256,10.228934
15481241689,240,10.228917
60866432917,254,10.228759
60876583513,254,10.228690
60879142603,254,10.228673
33862403587,248,10.228672
50068835491,252,10.228658
60885367801,254,10.228631
74037147623,256,10.228612
90027512699,258,10.228605
27855099409,246,10.228570
50090429813,252,10.228478
90061424819,258,10.228452
15498560549,240,10.228430
90068366159,258,10.228421
27866506093,246,10.228396
74079102887,256,10.228381
90078392407,258,10.228375
41205802367,250,10.228360
74083013489,256,10.228359
4795658941,228,10.228354
50108161423,252,10.228332
90090427501,258,10.228322
15507823603,240,10.228168
60954004693,254,10.228167
74121081299,256,10.228149
27882974759,246,10.228145
90157824907,258,10.228019
90162954389,258,10.227995
27893595797,246,10.227983
33920431591,248,10.227950
15516531593,240,10.227924
74162014187,256,10.227923
50157889889,252,10.227920
50165171423,252,10.227859
27902349613,246,10.227850
12764643407,238,10.227785
15521804063,240,10.227777
50178980911,252,10.227745
50185625383,252,10.227690
50186866783,252,10.227680
61026501583,254,10.227677
61031818747,254,10.227641
50194126789,252,10.227620
90250707439,258,10.227601
33950549137,248,10.227575
74236061063,256,10.227516
50210934451,252,10.227481
90285953861,258,10.227443
50218624571,252,10.227417
15534830917,240,10.227410
90296394361,258,10.227396
90310282039,258,10.227333
90317007589,258,10.227304
50236123919,252,10.227273
18897510451,242,10.227241
90331934807,258,10.227236
90341954347,258,10.227191
27946394599,246,10.227179
50250499289,252,10.227154
15546139157,240,10.227094
74313788429,256,10.227088
61116524977,254,10.227070
74317661447,256,10.227067
90377195477,258,10.227033
90380638531,258,10.227017
90382263247,258,10.227011
50271328171,252,10.226982
18909326551,242,10.226971
2675785183,222,10.226876
41353697351,250,10.226861
74355286589,256,10.226860
74359568477,256,10.226837
90426883187,258,10.226810
50295485153,252,10.226783
90434855591,258,10.226774
90441058859,258,10.226747
90443154377,258,10.226737
18920164363,242,10.226723
74385626957,256,10.226693
74387168729,256,10.226686
90456168661,258,10.226679
15561539117,240,10.226662
34025501941,248,10.226645
50317757471,252,10.226599
3959429333,226,10.226538
27990633907,246,10.226506
15567271189,240,10.226501
50337362189,252,10.226437
50339795543,252,10.226417
74437299749,256,10.226410
74439497849,256,10.226398
12806536397,238,10.226345
41406448913,250,10.226328
90535440131,258,10.226324
90545718737,258,10.226278
61236290197,254,10.226264
23033216477,244,10.226233
15576835513,240,10.226233
90557450629,258,10.226226
12810007031,238,10.226226
15578200991,240,10.226195
15578436283,240,10.226189
61253456491,254,10.226149
15580677241,240,10.226127
50381568109,252,10.226073
50388072929,252,10.226019
90603993079,258,10.226017
12816360209,238,10.226008
10540616407,236,10.225967
74524824107,256,10.225930
90628173919,258,10.225909
90628131961,258,10.225909
50402496811,252,10.225901
50407226323,252,10.225862
28036406227,246,10.225812
74547696653,256,10.225804
7131776153,232,10.225748
50437969331,252,10.225609
15599931233,240,10.225588
50442700393,252,10.225570
10550226649,236,10.225563
90709448051,258,10.225546
41491882139,250,10.225466
61359912937,254,10.225433
41496422039,250,10.225420
10555088893,236,10.225359
74639282789,256,10.225303
50480216351,252,10.225261
74650981259,256,10.225239
90844375109,258,10.224943
90847259029,258,10.224931
74718792527,256,10.224868
19002840541,242,10.224839
74728682027,256,10.224814
90881908031,258,10.224776
61459460317,254,10.224767
90893503859,258,10.224724
1229242463,214,10.224722
90897536839,258,10.224707
61469140561,254,10.224702
50548859923,252,10.224697
4834121137,228,10.224689
90908776639,258,10.224656
19011432001,242,10.224644
50563331501,252,10.224579
41583270221,250,10.224545
61493099443,254,10.224541
90937254041,258,10.224529
28121161247,246,10.224529
90939888631,258,10.224518
50571182413,252,10.224514
74795459639,256,10.224449
8698015177,234,10.224430
1495884569,216,10.224376
90979742857,258,10.224340
90982628909,258,10.224327
41606305379,250,10.224315
90988764071,258,10.224299
41612572151,250,10.224252
91006424651,258,10.224221
41619988691,250,10.224176
41626504349,250,10.224112
74859670007,256,10.224099
61564975723,254,10.224060
91050020261,258,10.224027
74878424633,256,10.223997
34241198857,248,10.223981
50640142219,252,10.223948
61582491361,254,10.223943
50642040101,252,10.223933
61588505371,254,10.223903
15663202021,240,10.223825
91105429619,258,10.223781
91106195951,258,10.223777
28175398597,246,10.223710
8712956251,234,10.223663
61629257791,254,10.223631
91140465049,258,10.223625
91149173777,258,10.223586
91157508619,258,10.223549
50692034111,252,10.223524
4846809551,228,10.223488
12890539931,238,10.223474
91188344867,258,10.223413
2695547963,222,10.223411
91194450469,258,10.223385
61673621017,254,10.223334
91206525541,258,10.223331
75001825397,256,10.223325
15681803479,240,10.223309
10604589313,236,10.223287
91227655027,258,10.223237
34302549349,248,10.223227
3987987557,226,10.223213
34304457931,248,10.223204
75026751977,256,10.223188
75031248659,256,10.223165
50741931809,252,10.223116
28215902479,246,10.223100
23203436783,244,10.223079
23205333887,244,10.223043
28221166447,246,10.223021
91287334261,258,10.222973
50759772281,252,10.222970
34325645071,248,10.222943
91294640231,258,10.222940
75072709337,256,10.222939
91295151889,258,10.222938
23212953443,244,10.222902
91331068111,258,10.222778
41759804129,250,10.222775
91339169527,258,10.222743
91339975247,258,10.222739
91347106027,258,10.222708
5904838627,230,10.222659
91374182189,258,10.222588
50812465573,252,10.222540
23232661343,244,10.222539
91390268681,258,10.222516
91391019641,258,10.222513
91395512471,258,10.222493
61800454171,254,10.222489
91396213967,258,10.222489
75175947569,256,10.222378
91431881081,258,10.222332
75188858177,256,10.222308
28273762159,246,10.222230
28274531317,246,10.222218
91460262799,258,10.222206
50853791399,252,10.222203
91463658547,258,10.222191
91465064129,258,10.222185
50862839221,252,10.222129
75222409907,256,10.222126
61858236493,254,10.222105
61858787917,254,10.222101
75227353757,256,10.222098
61859267023,254,10.222098
2703264713,222,10.222065
28288572737,246,10.222007
75266180279,256,10.221889
75267380687,256,10.221882
8748601321,234,10.221840
75275339123,256,10.221839
91545894029,258,10.221827
28301638579,246,10.221811
75283699583,256,10.221793
23273731841,244,10.221783
91566378221,258,10.221736
91566454829,258,10.221736
8750715553,234,10.221732
91595202821,258,10.221609
50927181839,252,10.221605
34436309179,248,10.221587
41889922829,250,10.221475
34447320247,248,10.221453
28329966653,246,10.221386
75365869559,256,10.221348
10652845009,236,10.221276
50969468401,252,10.221261
50969971133,252,10.221257
61988636923,254,10.221239
50977712033,252,10.221194
75396110057,256,10.221184
8761596257,234,10.221178
50981049979,252,10.221167
7205489801,232,10.221116
75414937253,256,10.221083
28365875947,246,10.220848
91771516411,258,10.220830
75462752567,256,10.220823
34501293829,248,10.220793
91789613081,258,10.220751
91792382377,258,10.220738
19184719699,242,10.220725
51037280729,252,10.220710
91807135571,258,10.220674
91809791299,258,10.220661
41976988049,250,10.220607
28382145769,246,10.220605
91827719051,258,10.220582
91827907937,258,10.220581
91828617857,258,10.220578
75511557977,256,10.220560
41981969801,250,10.220557
75519856193,256,10.220515
51061345583,252,10.220514
75522325787,256,10.220502
5933003431,230,10.220498
91855911857,258,10.220458
34530332449,248,10.220438
12979989977,238,10.220437
838567627,210,10.220367
62124062893,254,10.220342
91883664787,258,10.220336
62125458673,254,10.220332
91885989779,258,10.220325
28402524989,246,10.220300
91894198961,258,10.220289
91901475401,258,10.220257
8781887701,234,10.220145
15797882699,240,10.220098
34558341511,248,10.220097
34565210881,248,10.220014
34568596537,248,10.219972
42041681963,250,10.219963
91970584049,258,10.219953
91980465677,258,10.219910
10686810103,236,10.219868
15808510691,240,10.219805
15809511611,240,10.219777
92018097277,258,10.219744
92020889069,258,10.219731
51162028303,252,10.219698
92043732617,258,10.219631
28448157197,246,10.219618
92062881167,258,10.219547
51187257449,252,10.219494
51196887733,252,10.219416
15822936037,240,10.219408
51199787021,252,10.219392
75728962559,256,10.219387
92103356249,258,10.219369
75744786209,256,10.219301
23414019833,244,10.219210
92140252507,258,10.219207
75772998527,256,10.219150
92155709489,258,10.219139
19255726513,242,10.219131
51234494713,252,10.219111
8802392801,234,10.219104
19257904693,242,10.219082
92169751361,258,10.219077
51239132983,252,10.219073
34645703761,248,10.219033
7239585461,232,10.218990
92207194069,258,10.218913
92208306871,258,10.218908
51260027633,252,10.218904
15841973417,240,10.218884
75826546907,256,10.218862
51266634863,252,10.218851
62351791927,254,10.218837
51271639043,252,10.218811
51272056691,252,10.218807
62363187487,254,10.218761
92242538389,258,10.218758
23439530027,244,10.218744
62369552533,254,10.218719
75866481833,256,10.218647
34681364479,248,10.218600
92279350039,258,10.218596
75888534977,256,10.218528
62402553781,254,10.218502
75900667079,256,10.218463
51316057453,252,10.218452
75903331367,256,10.218449
51318230261,252,10.218434
51321843613,252,10.218406
92327624401,258,10.218385
92331849061,258,10.218366
51327991229,252,10.218356
92342433811,258,10.218320
19292237131,242,10.218313
92346487901,258,10.218302
42213850979,250,10.218256
92374728289,258,10.218178
13047131579,238,10.218173
51353746463,252,10.218148
92388841331,258,10.218117
28549871993,246,10.218103
28552842709,246,10.218059
15872509537,240,10.218047
92411661151,258,10.218017
28558372477,246,10.217977
23482547951,244,10.217959
23483948591,244,10.217934
28562096513,246,10.217921
42248382431,250,10.217915
62492353621,254,10.217911
51383952449,252,10.217904
92438419739,258,10.217899
42254175539,250,10.217857
92459054651,258,10.217809
13058016221,238,10.217808
92466555479,258,10.217776
42270875573,250,10.217692
92491362281,258,10.217668
8831939521,234,10.217608
28584224087,246,10.217593
42282057731,250,10.217582
4909992589,228,10.217554
92521877011,258,10.217534
76080107003,256,10.217500
42293753069,250,10.217466
8835004487,234,10.217454
843501293,210,10.217451
1845632821,218,10.217431
34778194147,248,10.217426
92548177171,258,10.217419
92554394557,258,10.217392
51453171379,252,10.217346
92575936631,258,10.217298
8838172361,234,10.217294
51460679161,252,10.217286
92593140091,258,10.217222
42319495619,250,10.217213
28610546957,246,10.217202
51473812669,252,10.217180
92604388291,258,10.217174
51479176459,252,10.217137
28615844317,246,10.217124
1248577391,214,10.217104
13080842009,238,10.217042
62625803467,254,10.217034
92645446951,258,10.216994
92646384989,258,10.216990
76185316997,256,10.216936
42353317037,250,10.216879
42353752421,250,10.216874
62650967287,254,10.216869
7273930229,232,10.216861
92677827769,258,10.216852
3324471607,224,10.216845
92685413647,258,10.216820
23545536767,244,10.216813
51519569993,252,10.216812
62664623503,254,10.216780
92696932891,258,10.216769
15922131629,240,10.216689
92717254829,258,10.216681
23553112907,244,10.216676
62682473053,254,10.216662
92729139791,258,10.216629
34847414071,248,10.216590
28654684229,246,10.216548
5985686533,230,10.216484
8855297651,234,10.216431
92783715239,258,10.216391
51579803213,252,10.216329
51583535573,252,10.216298
76305450527,256,10.216294
92806036597,258,10.216293
34871991151,248,10.216293
261217741,198,10.216263
28675448833,246,10.216241
7284713309,232,10.216194
15943038467,240,10.216119
92865536089,258,10.216034
28690124899,246,10.216023
92869573519,258,10.216017
51619968161,252,10.216006
92874120461,258,10.215997
51626300701,252,10.215955
8866386811,234,10.215872
19403537581,242,10.215832
92916807751,258,10.215811
92924646931,258,10.215776
51653193901,252,10.215739
51653543839,252,10.215736
76413429539,256,10.215717
15958884647,240,10.215687
51668775209,252,10.215614
15962729599,240,10.215582
5997729271,230,10.215572
42487846463,250,10.215555
23615571281,244,10.215543
19417878901,242,10.215513
92988772117,258,10.215498
42496823519,250,10.215466
93006528767,258,10.215421
34946245171,248,10.215398
51699149653,252,10.215371
76496473817,256,10.215275
4935273071,228,10.215203
8879867977,234,10.215195
62907712753,254,10.215189
76512987503,256,10.215187
93061317407,258,10.215182
76515206753,256,10.215175
4935832471,228,10.215151
28750624297,246,10.215130
51729870713,252,10.215125
42532719077,250,10.215115
93078122009,258,10.215109
76538070797,256,10.215054
62934751597,254,10.215013
93101946697,258,10.215006
93103015727,258,10.215001
23645997161,244,10.214993
51748268899,252,10.214978
42547355663,250,10.214971
51751228673,252,10.214954
42549768059,250,10.214947
51757576523,252,10.214904
13146116147,238,10.214859
76576863653,256,10.214847
76583313197,256,10.214812
51773760739,252,10.214774
42577092791,250,10.214679
4941114349,228,10.214662
76612071383,256,10.214660
51788339891,252,10.214658
93185692771,258,10.214643
35011430557,248,10.214614
4941739111,228,10.214603
76630075097,256,10.214563
35017101307,248,10.214545
848502409,210,10.214513
63011603647,254,10.214511
1255296701,214,10.214486
19465152121,242,10.214465
93229744819,258,10.214451
93236016101,258,10.214424
76660825859,256,10.214400
28800744997,246,10.214392
93248409907,258,10.214370
51825182053,252,10.214363
51829287043,252,10.214331
8898507413,234,10.214260
16012096367,240,10.214239
51851400143,252,10.214153
28817850379,246,10.214140
93303245767,258,10.214132
93319412287,258,10.214062
42641480993,250,10.214048
28828852939,246,10.213978
76741039097,256,10.213974
63107525263,254,10.213886
63109751977,254,10.213872
42660971237,250,10.213858
63113832337,254,10.213845
4950729491,228,10.213772
42671480141,250,10.213755
6022387387,230,10.213711
28848700523,246,10.213686
16033766921,240,10.213652
42683676239,250,10.213635
93430885609,258,10.213579
42692829797,250,10.213546
51928668133,252,10.213537
63166528291,254,10.213502
4954038637,228,10.213467
2263551281,220,10.213461
93467529037,258,10.213421
35112447757,248,10.213402
8916524233,234,10.213358
42713018363,250,10.213348
23739725753,244,10.213301
51963421733,252,10.213261
93506458207,258,10.213253
63205667923,254,10.213248
28882888079,246,10.213183
2755000751,222,10.213150
93536278109,258,10.213123
63231467317,254,10.213080
23753995877,244,10.213044
93561241441,258,10.213016
93564028009,258,10.213004
93574270547,258,10.212959
93576680179,258,10.212949
93583967881,258,10.212917
52010690723,252,10.212884
63266309053,254,10.212854
93610570631,258,10.212803
6035567353,230,10.212720
28915890247,246,10.212699
93635375167,258,10.212695
52039892393,252,10.212651
3354686233,224,10.212630
93654142121,258,10.212615
19548964363,242,10.212613
52051423979,252,10.212560
77015844743,256,10.212518
23784463673,244,10.212496
28930944733,246,10.212479
52065283469,252,10.212450
93704110001,258,10.212399
52074551783,252,10.212376
93721773311,258,10.212323
8938008461,234,10.212285
93738331411,258,10.212252
42827784023,250,10.212230
23799361043,244,10.212228
52100328821,252,10.212172
93760860727,258,10.212154
42835708169,250,10.212152
35217132619,248,10.212150
13227994517,238,10.212137
52106018123,252,10.212126
77113394093,256,10.212002
7353850289,232,10.211946
52129912451,252,10.211936
93818905727,258,10.211904
93834655111,258,10.211836
7356115913,232,10.211808
28978622683,246,10.211781
42877612691,250,10.211744
52156268729,252,10.211727
1535630087,216,10.211700
35255181061,248,10.211696
93868699381,258,10.211690
35256618451,248,10.211679
42888537719,250,10.211638
77184392633,256,10.211627
35261472847,248,10.211620
93890726851,258,10.211595
93911582899,258,10.211505
52184730209,252,10.211501
35271482959,248,10.211501
52186991291,252,10.211483
35276200237,248,10.211445
77219769149,256,10.211440
63495278983,254,10.211370
52203541651,252,10.211352
77238020399,256,10.211344
23850653633,244,10.211308
8957896481,234,10.211295
93973253911,258,10.211240
2766367169,222,10.211215
23856005933,244,10.211212
35310459361,248,10.211037
29029673719,246,10.211035
42953724893,250,10.211004
52252557421,252,10.210964
94043801359,258,10.210937
94043994041,258,10.210936
63562724047,254,10.210935
94047253889,258,10.210921
2768148139,222,10.210913
42964966001,250,10.210896
16136238887,240,10.210883
94091215639,258,10.210732
52288330603,252,10.210681
94123484737,258,10.210594
94123676741,258,10.210593
63616627117,254,10.210588
35348896927,248,10.210580
52306205773,252,10.210540
94147469777,258,10.210491
16151701679,240,10.210467
77409428147,256,10.210441
52320862939,252,10.210423
94169632231,258,10.210396
94176184351,258,10.210368
23904114671,244,10.210352
63654411031,254,10.210343
43022250347,250,10.210340
52333390061,252,10.210324
16157466473,240,10.210312
19654653229,242,10.210290
77438576249,256,10.210288
94196315981,258,10.210281
52340975321,252,10.210264
29083716209,246,10.210246
94207529257,258,10.210234
29086054157,246,10.210212
94213781681,258,10.210207
52349116129,252,10.210200
52351522801,252,10.210181
3372455641,224,10.210172
29089052963,246,10.210169
77468933807,256,10.210128
43045915697,250,10.210111
52361102153,252,10.210105
94242195479,258,10.210085
16167594139,240,10.210040
94268954291,258,10.209970
63717137047,254,10.209939
16173810533,240,10.209873
94291721009,258,10.209872
23933383997,244,10.209828
35416855819,248,10.209772
29116804603,246,10.209764
52406024579,252,10.209751
94322424197,258,10.209741
43085662271,250,10.209725
77558489783,256,10.209658
94344745717,258,10.209645
94353830359,258,10.209606
43098953921,250,10.209597
16186217011,240,10.209539
94371068977,258,10.209533
29140832983,246,10.209414
63800310313,254,10.209404
2283027413,220,10.209400
7396237643,232,10.209364
94420616701,258,10.209321
29152241717,246,10.209249
63839304883,254,10.209153
9001100291,234,10.209151
52483093199,252,10.209143
63842963707,254,10.209129
77665909637,256,10.209094
94485942491,258,10.209042
77677089803,256,10.209036
52498298869,252,10.209023
77689419923,256,10.208971
63871222447,254,10.208948
77706680693,256,10.208880
94526509999,258,10.208868
94527121517,258,10.208865
94537513121,258,10.208820
23990457401,244,10.208811
23991303563,244,10.208797
52530844841,252,10.208767
19724540923,242,10.208761
94553241899,258,10.208754
16216422821,240,10.208730
94562443589,258,10.208714
476957137,204,10.208710
10961240443,236,10.208658
94587317189,258,10.208608
35515224757,248,10.208607
52554276361,252,10.208582
94600637317,258,10.208551
35523396487,248,10.208509
24007793393,244,10.208503
63945579583,254,10.208470
13341862397,238,10.208383
77802924179,256,10.208377
52582293359,252,10.208362
7414011953,232,10.208285
94664678791,258,10.208278
94665517601,258,10.208274
94671560077,258,10.208248
77828398793,256,10.208243
94675504669,258,10.208232
43244429399,250,10.208192
52604219009,252,10.208189
94688252909,258,10.208178
63996268771,254,10.208145
24031555073,244,10.208080
52629832561,252,10.207988
64028410333,254,10.207939
94753837291,258,10.207897
94769583121,258,10.207830
6101527483,230,10.207793
64054826377,254,10.207770
265490441,198,10.207718
43303266569,250,10.207625
10987078759,236,10.207619
13365340739,238,10.207613
29265279353,246,10.207609
64082602813,254,10.207592
10988041693,236,10.207580
43310805617,250,10.207553
94842197959,258,10.207521
29272302707,246,10.207508
94850603009,258,10.207485
24072782717,244,10.207348
3393285661,224,10.207307
29286468389,246,10.207303
29291092277,246,10.207236
52731923471,252,10.207187
64150037053,254,10.207161
16275385073,240,10.207154
52737573929,252,10.207143
52740210371,252,10.207122
52744766341,252,10.207087
94948311041,258,10.207069
16279052989,240,10.207056
11001107527,236,10.207055
64168198207,254,10.207045
29305529963,246,10.207027
94963899097,258,10.207004
94973375947,258,10.206963
78084744299,256,10.206905
43379008007,250,10.206898
16286192717,240,10.206866
78093846239,256,10.206858
95005602067,258,10.206826
95007622511,258,10.206818
78102203147,256,10.206814
78105008957,256,10.206800
52784097649,252,10.206779
95028748777,258,10.206728
29326791419,246,10.206720
43401775301,250,10.206678
95043766679,258,10.206664
78133494689,256,10.206651
95053351249,258,10.206623
16295638783,240,10.206614
52805208503,252,10.206613
16297030019,240,10.206577
11014625059,236,10.206513
479014447,204,10.206511
29342066323,246,10.206500
78163407029,256,10.206495
95086130827,258,10.206484
2794571719,222,10.206453
35699427931,248,10.206433
95107608691,258,10.206392
95108741137,258,10.206388
95115318197,258,10.206360
52839959273,252,10.206341
43442463371,250,10.206288
95136210181,258,10.206271
95136641987,258,10.206269
78206964743,256,10.206268
95142669641,258,10.206244
95144275951,258,10.206237
78217389617,256,10.206214
95151343201,258,10.206207
95153855807,258,10.206197
95162557159,258,10.206160
43456010513,250,10.206159
43459722893,250,10.206122
95175464437,258,10.206105
95179836727,258,10.206086
52874932289,252,10.206067
52874974589,252,10.206067
24146185997,244,10.206048
78258188609,256,10.206002
52886892911,252,10.205974
9065860787,234,10.205959
64351961677,254,10.205872
5037074377,228,10.205867
64355956351,254,10.205847
43488815861,250,10.205844
35752792927,248,10.205806
43493229317,250,10.205802
52909061921,252,10.205801
52911431779,252,10.205782
29393673427,246,10.205756
64372088227,254,10.205744
29396631179,246,10.205713
64392425011,254,10.205614
95291780189,258,10.205611
29404444633,246,10.205601
95299804969,258,10.205578
64399144573,254,10.205571
52939464931,252,10.205564
11038386277,236,10.205563
64400857237,254,10.205561
95308939387,258,10.205539
6132042187,230,10.205533
35777186491,248,10.205520
29411394539,246,10.205501
3406720027,224,10.205469
19876741249,242,10.205452
95342961047,258,10.205395
95346995069,258,10.205378
95347201219,258,10.205377
95354441437,258,10.205346
29422502489,246,10.205340
29423163247,246,10.205331
95368259947,258,10.205288
52974950411,252,10.205286
95377074251,258,10.205251
19886194351,242,10.205247
95379019559,258,10.205242
95393376157,258,10.205181
78418827563,256,10.205168
95398204961,258,10.205161
95412995269,258,10.205098
95415552151,258,10.205088
64478889037,254,10.205064
64484722537,254,10.205027
3410297431,224,10.204981
35823679921,248,10.204974
95442864571,258,10.204972
95457693577,258,10.204909
78469037519,256,10.204907
95463195671,258,10.204886
13449263627,238,10.204873
78486601223,256,10.204816
95483836411,258,10.204799
95486352631,258,10.204788
95490562169,258,10.204770
24219229277,244,10.204759
29464637089,246,10.204735
53051729501,252,10.204688
29471841149,246,10.204632
95525148071,258,10.204624
13457168861,238,10.204617
64550716051,254,10.204608
24228433157,244,10.204597
43619453081,250,10.204595
64559934487,254,10.204549
95548643557,258,10.204525
4153255259,226,10.204470
95562181849,258,10.204468
53089035319,252,10.204397
53091826679,252,10.204375
16380137863,240,10.204370
78580369757,256,10.204330
6149889439,230,10.204218
95629386371,258,10.204185
4155907403,226,10.204175
95633877589,258,10.204165
95635916671,258,10.204157
64627571557,254,10.204120
53128658113,252,10.204089
95652911371,258,10.204085
64636741987,254,10.204062
95664976807,258,10.204034
43683278201,250,10.203985
24266411747,244,10.203928
43691771231,250,10.203904
29522730359,246,10.203901
95697615899,258,10.203897
53157980761,252,10.203861
13481353577,238,10.203831
53165071591,252,10.203806
95742480697,258,10.203707
78704492249,256,10.203689
64700022913,254,10.203661
95760760219,258,10.203630
95760673661,258,10.203630
95761005107,258,10.203629
35943705361,248,10.203569
95781421727,258,10.203543
95786122969,258,10.203524
35950809409,248,10.203486
53214260083,252,10.203424
53215043171,252,10.203418
43743572501,250,10.203411
24299202497,244,10.203352
24302863163,244,10.203288
16421865769,240,10.203266
35977530091,248,10.203175
95870567797,258,10.203168
53253292709,252,10.203121
95889216041,258,10.203089
95896183387,258,10.203060
78831556277,256,10.203032
64818213001,254,10.202912
64819101703,254,10.202907
95942262799,258,10.202866
53287726769,252,10.202854
95963431859,258,10.202777
95967259291,258,10.202761
16441086581,240,10.202759
53300329039,252,10.202756
53308683151,252,10.202691
95984026937,258,10.202690
24338582783,244,10.202662
29611444573,246,10.202631
11111981203,236,10.202630
53322543943,252,10.202584
96016163777,258,10.202556
53327491453,252,10.202546
96023394157,258,10.202525
96032936371,258,10.202485
9137514383,234,10.202456
78945423539,256,10.202446
53341725841,252,10.202435
96044621839,258,10.202435
96047629577,258,10.202423
24354600071,244,10.202381
78970434077,256,10.202317
96073876511,258,10.202312
53358878303,252,10.202303
13530895907,238,10.202227
29640039659,246,10.202223
29641108529,246,10.202208
64933839871,254,10.202182
43875845891,250,10.202154
79002753077,256,10.202150
79014703967,256,10.202089
29651533979,246,10.202059
96138326569,258,10.202043
64958163943,254,10.202028
29655366583,246,10.202004
43893426221,250,10.201987
79054091579,256,10.201886
16475884913,240,10.201842
96186210047,258,10.201841
96187464959,258,10.201837
96187965427,258,10.201834
79065428339,256,10.201828
53422545851,252,10.201810
53425598651,252,10.201787
16478002117,240,10.201786
53429146619,252,10.201759
79079100179,256,10.201758
13547299709,238,10.201696
43924386251,250,10.201694
11136607789,236,10.201654
43932886367,250,10.201612
20057555311,242,10.201556
96256789639,258,10.201546
96259939177,258,10.201532
96264021739,258,10.201515
96268934777,258,10.201495
65042870257,254,10.201494
53471223329,252,10.201434
96283733927,258,10.201433
36129787807,248,10.201403
29697778529,246,10.201400
65060065657,254,10.201386
65068957357,254,10.201330
53485069831,252,10.201327
16496605291,240,10.201297
53495420729,252,10.201247
53497770923,252,10.201229
65094977527,254,10.201166
96352563049,258,10.201144
36153874681,248,10.201122
29719253093,246,10.201094
13567083149,238,10.201058
96387647567,258,10.200997
36164823127,248,10.200995
44001492419,250,10.200963
79234382723,256,10.200960
96398787671,258,10.200951
96403141327,258,10.200933
2827676149,222,10.200931
44008909457,250,10.200893
79260748103,256,10.200826
96431067457,258,10.200816
53560680731,252,10.200744
44033525309,250,10.200661
29752184879,246,10.200625
36199603801,248,10.200592
96494143897,258,10.200552
9177792707,234,10.200500
29761211003,246,10.200497
24462561623,244,10.200494
6202484227,230,10.200364
29772612277,246,10.200336
16536253411,240,10.200256
29780008079,246,10.200230
44079670301,250,10.200225
53631218429,252,10.200200
53635233583,252,10.200170
2832444821,222,10.200141
96599230639,258,10.200113
44102106119,250,10.200013
4193682359,226,10.200008
36251698429,248,10.199989
96632207159,258,10.199976
16547755897,240,10.199955
44111223089,250,10.199926
96644417437,258,10.199924
79439134109,256,10.199911
65301203173,254,10.199871
24501014633,244,10.199824
53681811739,252,10.199811
44123559803,250,10.199810
44123821463,250,10.199808
5104628129,228,10.199784
65321468887,254,10.199743
44130695717,250,10.199743
53691482399,252,10.199737
96690336991,258,10.199733
96705195931,258,10.199671
65337549337,254,10.199643
2835470051,222,10.199640
96718977419,258,10.199614
29823713743,246,10.199610
16562278331,240,10.199574
44150451797,250,10.199556
3450344101,224,10.199556
53723247703,252,10.199492
53725414289,252,10.199476
44160152261,250,10.199466
79527672617,256,10.199459
96758118791,258,10.199450
96760159967,258,10.199442
53731501913,252,10.199430
65393150437,254,10.199294
44183930993,250,10.199242
96821590757,258,10.199186
53771095589,252,10.199125
65424497113,254,10.199099
53777021651,252,10.199080
29861823779,246,10.199070
96858839347,258,10.199031
79614800327,256,10.199014
96877103459,258,10.198956
65448438403,254,10.198948
53796934123,252,10.198927
53814204491,252,10.198794
29883893023,246,10.198757
96928652747,258,10.198741
44238740657,250,10.198726
79681561499,256,10.198673
96945169609,258,10.198672
53839476529,252,10.198601
65518154833,254,10.198512
876342427,210,10.198498
20204425201,242,10.198420
13649542241,238,10.198410
36393489607,248,10.198352
53875979191,252,10.198320
97030623331,258,10.198317
16610612897,240,10.198312
79756052969,256,10.198294
16612592987,240,10.198259
97051321771,258,10.198231
44293487261,250,10.198211
53892396163,252,10.198195
97061992759,258,10.198187
36409864129,248,10.198163
97071677099,258,10.198146
29927261999,246,10.198144
97074727121,258,10.198133
1298247803,214,10.198110
53904099521,252,10.198105
3461172853,224,10.198101
16621260563,240,10.198033
97099605277,258,10.198030
97104895991,258,10.198009
65613366517,254,10.197918
97126778327,258,10.197918
13666356089,238,10.197872
65620804297,254,10.197871
97138875181,258,10.197867
11233363213,236,10.197841
97146704747,258,10.197835
29949482873,246,10.197830
79850603453,256,10.197812
29951257607,246,10.197805
97168571957,258,10.197744
97170247387,258,10.197737
16635979931,240,10.197650
97193355067,258,10.197641
97197982691,258,10.197622
97198458869,258,10.197620
97217581519,258,10.197541
79904086547,256,10.197540
79904528549,256,10.197538
97219736941,258,10.197532
97219973351,258,10.197531
79906773953,256,10.197527
97235474491,258,10.197467
24636920351,244,10.197467
65695386331,254,10.197407
44379911747,250,10.197400
9242113403,234,10.197395
2849121361,222,10.197390
29990267369,246,10.197255
24650452817,244,10.197232
54020509919,252,10.197215
36495183727,248,10.197182
44403960437,250,10.197175
97307182667,258,10.197169
65736118027,254,10.197152
24659433767,244,10.197077
54038895289,252,10.197075
30004996123,246,10.197047
2010881,148,10.197044
97337883497,258,10.197042
11254310449,236,10.197020
5135959957,228,10.196993
30009387223,246,10.196986
80020750907,256,10.196948
97361071789,258,10.196946
4221684743,226,10.196945
65775879541,254,10.196905
9252594257,234,10.196892
65784146821,254,10.196854
24674726597,244,10.196813
65794814947,254,10.196787
97409673217,258,10.196745
54088068389,252,10.196699
65824129453,254,10.196605
54100654051,252,10.196604
13706169647,238,10.196601
80089654133,256,10.196598
44469183167,250,10.196565
97454753419,258,10.196559
54106852673,252,10.196556
97458564317,258,10.196543
65835184477,254,10.196536
54111688859,252,10.196519
30044352769,246,10.196494
24698310473,244,10.196406
97492787981,258,10.196402
44491294259,250,10.196358
65865595867,254,10.196347
97508304461,258,10.196338
80142940349,256,10.196328
65873292637,254,10.196300
65877589861,254,10.196273
16689442127,240,10.196260
9265853287,234,10.196256
13718286557,238,10.196215
80167793999,256,10.196202
13718847071,238,10.196197
20310154021,242,10.196177
65895563941,254,10.196161
97560263111,258,10.196123
65902434457,254,10.196118
24715681337,244,10.196106
11277947113,236,10.196095
30072987767,246,10.196091
30074392949,246,10.196072
30075800089,246,10.196052
44524398587,250,10.196049
13724791499,238,10.196008
65938014787,254,10.195897
80230259819,256,10.195886
30087933217,246,10.195881
44544035567,250,10.195865
44544772271,250,10.195858
16705188301,240,10.195851
16705235671,240,10.195850
30092035217,246,10.195824
97633269731,258,10.195822
54204423991,252,10.195813
65957451613,254,10.195777
30098140697,246,10.195738
65970409651,254,10.195696
97676932217,258,10.195642
54230009563,252,10.195619
54248181601,252,10.195480
402301391,202,10.195475
7630568039,232,10.195370
54268467343,252,10.195326
30128468113,246,10.195312
54272338433,252,10.195296
54275848511,252,10.195270
20354177863,242,10.195247
30133290743,246,10.195245
80358991247,256,10.195235
44611959311,250,10.195231
30134663843,246,10.195226
97780004737,258,10.195216
54284516203,252,10.195204
30150214859,246,10.195007
54311630939,252,10.194998
66083170963,254,10.194998
54317734609,252,10.194951
97847356027,258,10.194939
30157550737,246,10.194904
97858424689,258,10.194893
97871392739,258,10.194839
24789663083,244,10.194833
97877385427,258,10.194816
5160944351,228,10.194780
54341160179,252,10.194774
5161043429,228,10.194772
44661434801,250,10.194771
16747219327,240,10.194763
24794472971,244,10.194751
97896229567,258,10.194737
97914864139,258,10.194661
36720571507,248,10.194600
13769697287,238,10.194581
44681948081,250,10.194580
80495641049,256,10.194545
16756720147,240,10.194518
30190916219,246,10.194437
9303856421,234,10.194437
44698214879,250,10.194428
54387189403,252,10.194425
44698572851,250,10.194425
54389299339,252,10.194408
44700909431,250,10.194404
44701309871,250,10.194400
66183810361,254,10.194375
36740791999,248,10.194370
16762551853,240,10.194367
66188171851,254,10.194347
44709204863,250,10.194326
97997572417,258,10.194321
20399889091,242,10.194283
20402342641,242,10.194231
80562117527,256,10.194210
54420921463,252,10.194169
54421626991,252,10.194163
16770953863,240,10.194150
66231490321,254,10.194080
36768271531,248,10.194057
98065053041,258,10.194044
54438639373,252,10.194035
54441975443,252,10.194009
80606999147,256,10.193984
5169987751,228,10.193982
54446406809,252,10.193975
9313570667,234,10.193974
13789403429,238,10.193956
30227316877,246,10.193929
66256270057,254,10.193927
98109485107,258,10.193861
98114596847,258,10.193840
24848232377,244,10.193828
30238445267,246,10.193773
98131826879,258,10.193769
36795175057,248,10.193750
7658298413,232,10.193745
44772710747,250,10.193736
66292822093,254,10.193702
44781344513,250,10.193656
98160896279,258,10.193650
44789912897,250,10.193577
54500352149,252,10.193567
54500711093,252,10.193564
30257603179,246,10.193505
16797416509,240,10.193467
98212170731,258,10.193439
16799331851,240,10.193418
66341534797,254,10.193401
98226827659,258,10.193379
44816042093,250,10.193335
5178042329,228,10.193273
80750894993,256,10.193260
30277589207,246,10.193227
98268781511,258,10.193208
728217041,208,10.193026
54573182683,252,10.193017
80801693087,256,10.193005
98320121891,258,10.192998
36861672871,248,10.192993
44858107967,250,10.192945
98335487617,258,10.192935
44861492399,250,10.192913
54592361771,252,10.192872
44868291059,250,10.192850
44868545339,250,10.192847
24908053613,244,10.192804
98370403267,258,10.192792
54607045123,252,10.192761
98385034039,258,10.192732
98385486559,258,10.192730
54614227813,252,10.192707
98392289857,258,10.192702
16828827599,240,10.192658
20477884813,242,10.192645
9341557297,234,10.192641
80877491693,256,10.192624
98412248321,258,10.192620
44893076867,250,10.192620
24921171593,244,10.192580
98423993071,258,10.192573
54638487791,252,10.192524
4262533409,226,10.192517
66487260043,254,10.192503
98443439449,258,10.192492
98448274009,258,10.192473
80908255217,256,10.192470
54645828521,252,10.192469
44911683497,250,10.192449
24928961201,244,10.192447
36911816089,248,10.192424
54652638713,252,10.192417
16840238927,240,10.192366
98480331419,258,10.192342
80940346007,256,10.192308
7683162161,232,10.192293
98492876359,258,10.192290
24938957327,244,10.192276
36925464547,248,10.192269
54674024599,252,10.192256
54678341059,252,10.192224
98509738297,258,10.192222
66533797537,254,10.192217
44937480641,250,10.192209
80962032929,256,10.192200
30352781483,246,10.192179
80973250403,256,10.192144
13847744741,238,10.192114
16851389813,240,10.192079
98550466997,258,10.192055
54702731711,252,10.192039
98556704809,258,10.192030
9354794237,234,10.192013
13851421889,238,10.191998
98570337419,258,10.191974
98573751581,258,10.191960
81011709563,256,10.191951
98576686177,258,10.191948
405130013,202,10.191871
54729018151,252,10.191841
98603929217,258,10.191837
66596899891,254,10.191830
98618144837,258,10.191779
44984776517,250,10.191772
30385894507,246,10.191718
66616360957,254,10.191710
13861211831,238,10.191689
36978586741,248,10.191668
54753254429,252,10.191659
151932103,192,10.191654
98656563749,258,10.191622
66630911467,254,10.191621
98657736311,258,10.191617
36984503719,248,10.191600
16870734689,240,10.191582
5197308889,228,10.191581
98667498667,258,10.191577
98671621171,258,10.191561
54775102219,252,10.191494
30402084787,246,10.191494
1601410087,216,10.191491
54776261039,252,10.191485
98690882687,258,10.191482
98696512589,258,10.191459
81110327117,256,10.191458
66661517047,254,10.191433
54784437041,252,10.191424
54787562969,252,10.191401
66666903481,254,10.191400
16879162471,240,10.191366
98728280039,258,10.191329
81136446953,256,10.191327
66688050577,254,10.191270
98748349421,258,10.191248
98782817899,258,10.191107
13882114151,238,10.191031
5203682381,228,10.191023
98808406819,258,10.191003
98812327709,258,10.190987
4276981733,226,10.190962
13884340289,238,10.190962
25017136523,244,10.190944
37045155079,248,10.190914
4277500247,226,10.190907
81221175857,256,10.190904
30446420993,246,10.190878
45083080697,250,10.190866
98847231487,258,10.190845
30449649379,246,10.190834
2889335243,222,10.190829
54869377033,252,10.190785
66768205297,254,10.190779
66768578983,254,10.190777
98863892417,258,10.190777
45095965883,250,10.190747
66782775307,254,10.190690
66785157841,254,10.190676
98904348811,258,10.190612
98912877667,258,10.190578
30469579003,246,10.190557
54899934941,252,10.190557
30469851089,246,10.190554
16911308761,240,10.190542
98925692927,258,10.190525
30472076039,246,10.190523
45120451193,250,10.190521
45124680449,250,10.190482
81306249509,256,10.190479
98940504227,258,10.190465
98947060937,258,10.190438
54916902701,252,10.190429
81318289589,256,10.190419
66834241237,254,10.190375
45136462331,250,10.190374
13904030849,238,10.190343
37097066977,248,10.190328
81341168159,256,10.190305
54934379329,252,10.190298
45146001209,250,10.190287
81345546803,256,10.190283
45148021109,250,10.190268
6342614611,230,10.190267
98997464281,258,10.190233
5213164571,228,10.190193
30496163953,246,10.190189
2377767671,220,10.190173
4284903209,226,10.190111
9395003767,234,10.190109
99037867679,258,10.190069
37122460489,248,10.190041
99048624841,258,10.190025
9396926867,234,10.190019
54973920581,252,10.190001
99056905691,258,10.189992
66899178637,254,10.189978
54979383653,252,10.189960
66908141161,254,10.189923
99078764879,258,10.189903
66913869301,254,10.189888
99083908939,258,10.189882
81452881109,256,10.189748
45205298771,250,10.189741
66942977473,254,10.189711
66947057677,254,10.189686
30535398703,246,10.189647
55022993099,252,10.189633
55023664621,252,10.189629
55026938909,252,10.189604
99164069239,258,10.189557
55035255481,252,10.189542
66971508547,254,10.189536
25100901887,244,10.189521
66976458337,254,10.189506
66978772603,254,10.189492
16953115369,240,10.189474
55045186013,252,10.189467
16954428713,240,10.189441
20633037349,242,10.189405
99203509961,258,10.189397
25109796797,244,10.189370
55058956223,252,10.189364
7733968379,232,10.189342
55064903339,252,10.189320
99237688469,258,10.189258
13938790667,238,10.189254
55075321519,252,10.189242
67028529751,254,10.189188
55085919649,252,10.189162
67036802641,254,10.189137
55093150421,252,10.189109
7738086149,232,10.189104
99277026727,258,10.189098
2900249543,222,10.189066
99288067181,258,10.189054
99292268149,258,10.189036
99303128009,258,10.188993
99307315207,258,10.188976
11462384887,236,10.188954
16974018487,240,10.188941
99318540947,258,10.188931
16974809879,240,10.188921
99323838611,258,10.188909
99338575499,258,10.188849
81633609983,256,10.188849
45309138491,250,10.188788
16980076471,240,10.188787
81660587357,256,10.188715
55147977329,252,10.188699
25149714257,244,10.188694
16984112963,240,10.188684
99399616397,258,10.188602
81685862519,256,10.188590
81688416713,256,10.188577
81690800687,256,10.188565
45338733617,250,10.188518
45340269761,250,10.188503
55177704139,252,10.188477
37266398269,248,10.188421
30624725567,246,10.188414
81725481923,256,10.188393
16997140247,240,10.188353
99471419027,258,10.188312
55200117881,252,10.188310
81742454279,256,10.188309
25173246143,244,10.188296
99475446989,258,10.188295
99493903297,258,10.188221
99494433697,258,10.188218
99497901851,258,10.188205
99523919219,258,10.188099
55229745689,252,10.188088
67209666487,254,10.188086
99528259981,258,10.188082
25186741961,244,10.188068
99550614781,258,10.187991
30656590597,246,10.187975
99564406391,258,10.187936
67236974083,254,10.187920
55254545179,252,10.187903
99576233501,258,10.187888
99600646577,258,10.187789
55275564059,252,10.187747
30673503907,246,10.187742
55276240861,252,10.187742
99620196209,258,10.187710
67271600971,254,10.187709
99622783669,258,10.187699
99634573669,258,10.187653
55291497571,252,10.187628
99646646431,258,10.187603
9448288541,234,10.187600
37340981767,248,10.187584
67292747161,254,10.187580
67297822051,254,10.187550
67309153573,254,10.187481
81915071807,256,10.187453
99685528367,258,10.187447
14000694347,238,10.187322
30704737417,246,10.187313
67344286951,254,10.187267
81960240689,256,10.187230
45481564043,250,10.187211
17042445061,240,10.187201
99760826639,258,10.187142
81981691373,256,10.187124
99766756847,258,10.187119
25243764527,244,10.187107
55362620581,252,10.187099
45494862209,250,10.187090
55364459239,252,10.187085
99777010301,258,10.187078
9459454181,234,10.187077
4313749397,226,10.187030
37396519921,248,10.186962
45512749613,250,10.186927
99820492669,258,10.186902
5251326589,228,10.186872
82034891693,256,10.186861
30738706147,246,10.186847
276254929,198,10.186844
37412137261,248,10.186788
82055595653,256,10.186759
55409771671,252,10.186749
30748444183,246,10.186713
55414811999,252,10.186710
55423711579,252,10.186645
55425931289,252,10.186628
17065542677,240,10.186616
55431438911,252,10.186587
99927432259,258,10.186472
67481472181,254,10.186437
55453121621,252,10.186426
25286277983,244,10.186391
82140360773,256,10.186340
82153396739,256,10.186275
82154743673,256,10.186270
20787502639,242,10.186207
37469662129,248,10.186145
20791897663,242,10.186116
82193956979,256,10.186076
82218046877,256,10.185957
67569530851,254,10.185904
30810122867,246,10.185867
14048360561,238,10.185840
17097663547,240,10.185802
30815785523,246,10.185790
37507959001,248,10.185718
55550682683,252,10.185702
25328730173,244,10.185678
17103035479,240,10.185667
20816169799,242,10.185616
2922063533,222,10.185563
45669196619,250,10.185502
37527679471,248,10.185497
55579758089,252,10.185487
37529357221,248,10.185478
67654938277,254,10.185388
67664765137,254,10.185328
55602639263,252,10.185318
55602900343,252,10.185316
20831236021,242,10.185306
499406437,204,10.185266
17119814137,240,10.185243
45698627687,250,10.185235
82368441347,256,10.185217
9499346023,234,10.185210
6414179329,230,10.185204
55619195519,252,10.185195
82375798199,256,10.185181
20837628919,242,10.185174
67691867797,254,10.185164
55625523563,252,10.185148
30864078779,246,10.185130
30868466729,246,10.185070
55636475441,252,10.185067
55638345239,252,10.185053
55641827041,252,10.185027
9505088993,234,10.184942
5274023837,228,10.184910
11569202317,236,10.184876
55665886883,252,10.184850
45744946067,250,10.184814
67750953703,254,10.184809
14082923669,238,10.184769
45756689057,250,10.184709
6421289389,230,10.184704
5277097817,228,10.184645
82490523029,256,10.184616
82493744789,256,10.184601
37609974277,248,10.184581
30907561247,246,10.184536
37618898407,248,10.184482
25400425571,244,10.184476
37621069711,248,10.184458
30917095457,246,10.184406
82540819157,256,10.184369
55731413789,252,10.184365
14096441699,238,10.184350
67836899887,254,10.184291
55751048359,252,10.184220
3566531623,224,10.184197
3566546197,224,10.184196
82581880613,256,10.184168
37648416649,248,10.184154
55761908039,252,10.184140
45819517151,250,10.184139
500642917,204,10.184010
55780861723,252,10.184000
55786443743,252,10.183959
17172411563,240,10.183917
30957548639,246,10.183855
37675767781,248,10.183850
17176422509,240,10.183816
82662103847,256,10.183775
82671633119,256,10.183728
37688710819,248,10.183706
55825673633,252,10.183670
17183049547,240,10.183650
67948162573,254,10.183621
37698867397,248,10.183594
11603338573,236,10.183581
67963068727,254,10.183532
67963893841,254,10.183527
67979495491,254,10.183434
5291292191,228,10.183423
25463749853,244,10.183417
55863314699,252,10.183393
11608723699,236,10.183377
9539637421,234,10.183334
45916512443,250,10.183262
17199586009,240,10.183234
55895502011,252,10.183155
55896959533,252,10.183145
45930753761,250,10.183133
55899808793,252,10.183124
82798588577,256,10.183106
5295079117,228,10.183098
45943742879,250,10.183016
68055745993,254,10.182976
17210344649,240,10.182964
45950006909,250,10.182960
82836400523,256,10.182921
4352915129,226,10.182881
45968633159,250,10.182792
55945244323,252,10.182790
68096619391,254,10.182731
5299667927,228,10.182704
55958105711,252,10.182694
25507213931,244,10.182693
1631167399,216,10.182646
17224283341,240,10.182614
2940605881,222,10.182608
82901092289,256,10.182605
68121894541,254,10.182579
55979590283,252,10.182537
82918934687,256,10.182518
55997018509,252,10.182409
5303245949,228,10.182397
46012917611,250,10.182392
46017100979,250,10.182354
17236819661,240,10.182300
20980959271,242,10.182237
68182261633,254,10.182218
37827945679,248,10.182165
14167710617,238,10.182153
37829442991,248,10.182148
82999635113,256,10.182124
56040778921,252,10.182088
46046867309,250,10.182086
56046976751,252,10.182042
56047177391,252,10.182040
83018717987,256,10.182031
14171856029,238,10.182026
20992132279,242,10.182008
68228799103,254,10.181939
68235350707,254,10.181900
6462146377,230,10.181845
37858040137,248,10.181832
68250672277,254,10.181808
25560648341,244,10.181804
83066732603,256,10.181797
56080570261,252,10.181795
56086639573,252,10.181751
46087641713,250,10.181719
413220083,202,10.181713
37868895667,248,10.181712
17260999109,240,10.181694
56097451021,252,10.181672
37872752629,248,10.181670
68278433023,254,10.181643
17264183437,240,10.181615
83109219419,256,10.181590
46105048397,250,10.181562
31127120527,246,10.181552
17268232967,240,10.181513
56136196183,252,10.181388
56137120729,252,10.181381
21023017021,242,10.181378
2948676151,222,10.181328
83165760023,256,10.181314
68339592931,254,10.181276
56152644799,252,10.181267
83177616293,256,10.181256
5316798349,228,10.181236
37916659159,248,10.181186
56175820691,252,10.181097
46159239653,250,10.181075
17292245051,240,10.180913
31182390167,246,10.180805
83272284077,256,10.180796
83273220707,256,10.180792
9595572587,234,10.180744
56244133733,252,10.180597
21061519393,242,10.180594
83319025373,256,10.180569
68470681171,254,10.180494
31208106283,246,10.180457
56274960139,252,10.180372
2427783161,220,10.180357
46243023371,250,10.180324
83374007657,256,10.180302
31222339549,246,10.180265
83387031419,256,10.180239
7894149191,232,10.180177
31233839227,246,10.180110
11695939639,236,10.180089
68541468811,254,10.180073
83426095847,256,10.180049
68549863177,254,10.180023
21090875959,242,10.179998
68557293991,254,10.179979
68558712787,254,10.179971
56333304941,252,10.179946
25679196497,244,10.179838
46300388291,250,10.179810
46300349831,250,10.179810
38042360449,248,10.179802
46314417983,250,10.179684
83506420133,256,10.179659
9620288383,234,10.179605
31284746083,246,10.179424
25705669643,244,10.179400
83561765363,256,10.179391
83561737349,256,10.179391
17355427729,240,10.179338
11716559989,236,10.179316
68669275723,254,10.179313
17358057133,240,10.179273
56426363233,252,10.179267
56426394491,252,10.179267
83594383727,256,10.179234
56431534823,252,10.179230
14263662851,238,10.179214
56443432361,252,10.179143
68699769157,254,10.179132
1643264143,216,10.179100
56451260071,252,10.179086
83633250353,256,10.179045
83641162643,256,10.179007
31318743529,246,10.178967
56468271071,252,10.178962
56479192481,252,10.178883
68744707897,254,10.178865
31326431407,246,10.178864
83671903559,256,10.178858
17374885811,240,10.178855
17375241857,240,10.178845
46415270597,250,10.178782
68758836901,254,10.178782
68761594537,254,10.178765
31341918383,246,10.178655
1644826499,216,10.178644
31343460227,246,10.178635
46437394469,250,10.178585
56526429361,252,10.178538
21164973859,242,10.178496
68810710333,254,10.178473
68820538273,254,10.178415
56554761673,252,10.178332
25771720787,244,10.178310
11746209757,236,10.178206
5352443879,228,10.178199
31377130067,246,10.178183
83819523467,256,10.178144
56589755011,252,10.178079
83835859799,256,10.178066
25786615781,244,10.178065
31386223003,246,10.178061
56603628491,252,10.177978
31395051293,246,10.177942
46510549739,250,10.177933
31395896159,246,10.177931
1111987873,212,10.177915
9658018781,234,10.177872
39390167,178,10.177814
56626900739,252,10.177809
56628063059,252,10.177800
56631518729,252,10.177775
9660151351,234,10.177773
38228513959,248,10.177763
17419433441,240,10.177750
46534485941,250,10.177719
56644002461,252,10.177685
38239370269,248,10.177645
83931699113,256,10.177604
25816555571,244,10.177573
68966906077,254,10.177549
21212443093,242,10.177538
38249784607,248,10.177530
31426485899,246,10.177521
31430820973,246,10.177463
56675039149,252,10.177460
56675777101,252,10.177454
17432079923,240,10.177436
38261568427,248,10.177402
56683187123,252,10.177401
21219298603,242,10.177400
31436038069,246,10.177392
56684498999,252,10.177391
9669353951,234,10.177352
31441214087,246,10.177323
1649419003,216,10.177307
56703532129,252,10.177253
9671832673,234,10.177239
46594272833,250,10.177188
84028253849,256,10.177138
21235676863,242,10.177069
84053689817,256,10.177016
5366395417,228,10.177016
56740715849,252,10.176984
31467174119,246,10.176975
4409525993,226,10.176956
84068119403,256,10.176947
17452706681,240,10.176926
17454134699,240,10.176890
56756342129,252,10.176870
56759681779,252,10.176847
69088445233,254,10.176831
21249170623,242,10.176797
25864930037,244,10.176778
46640503487,250,10.176777
25868019581,244,10.176727
69112284181,254,10.176690
46652681939,250,10.176668
56787803411,252,10.176642
56799434401,252,10.176558
56803470109,252,10.176529
56803839481,252,10.176526
2979172643,222,10.176525
31508693213,246,10.176420
84183262073,256,10.176393
84188802743,256,10.176366
69167619013,254,10.176364
17476802449,240,10.176331
9692867963,234,10.176277
56841497423,252,10.176254
17483932597,240,10.176154
38388060817,248,10.176023
38388829981,248,10.176015
9698994281,234,10.175998
69235571011,254,10.175963
38394650011,248,10.175952
21292873729,242,10.175918
9701086361,234,10.175902
46742417597,250,10.175873
56900823223,252,10.175825
84305878487,256,10.175804
69263209303,254,10.175801
31558588319,246,10.175755
9704426741,234,10.175750
69276460417,254,10.175723
31564781119,246,10.175672
11814387727,236,10.175667
3633109537,224,10.175641
6552879943,230,10.175564
1360039997,214,10.175562
46782053033,250,10.175522
56944029479,252,10.175513
9709916201,234,10.175500
56947537841,252,10.175488
46790019041,250,10.175451
69323686381,254,10.175446
56957741999,252,10.175415
46794490871,250,10.175411
69330771241,254,10.175404
46807080851,250,10.175300
31594156969,246,10.175281
46810377323,250,10.175271
56982969181,252,10.175233
84435193019,256,10.175184
918732047,210,10.175156
31603811143,246,10.175152
11828453149,236,10.175144
56996840561,252,10.175133
57003589381,252,10.175084
14399917067,238,10.175076
84465330143,256,10.175039
57018407021,252,10.174977
31620077459,246,10.174935
57025712371,252,10.174925
84491607923,256,10.174914
17535644017,240,10.174880
38494727329,248,10.174866
17536270093,240,10.174865
84518212967,256,10.174787
69436986253,254,10.174780
4432548719,226,10.174570
69473500477,254,10.174565
57083949359,252,10.174505
57084946631,252,10.174499
9733368727,234,10.174433
920123023,210,10.174410
11848900513,236,10.174387
69512862427,254,10.174335
17564701873,240,10.174166
57137472823,252,10.174120
57143008883,252,10.174081
31691053657,246,10.173992
31691936429,246,10.173980
46958896211,250,10.173959
38584320331,248,10.173895
46972394291,250,10.173840
17578536013,240,10.173826
14441803169,238,10.173813
84724553093,256,10.173800
21402921139,242,10.173713
84772739453,256,10.173571
57214104599,252,10.173570
11871102319,236,10.173566
69647176873,254,10.173548
57217849783,252,10.173543
57218657773,252,10.173537
47009301887,250,10.173515
11872969153,236,10.173497
84815838647,256,10.173366
1663053719,216,10.173361
17603975999,240,10.173203
69709572133,254,10.173183
3652512547,224,10.173180
84857273993,256,10.173168
57272724953,252,10.173149
47053380467,250,10.173127
9764001277,234,10.173042
5413794359,228,10.173023
47066692913,250,10.173010
26099079053,244,10.172955
31770367333,246,10.172940
84913050659,256,10.172902
26102916227,244,10.172893
57309260531,252,10.172888
69767838727,254,10.172843
47086509749,250,10.172835
9768594917,234,10.172834
9769189943,234,10.172808
84933749909,256,10.172804
17620461743,240,10.172799
57324980759,252,10.172774
69790612357,254,10.172709
47104312709,250,10.172679
31792791467,246,10.172644
5418505007,228,10.172628
47110174253,250,10.172627
47111430983,250,10.172617
47113756421,250,10.172596
57356087231,252,10.172552
84987145007,256,10.172549
69844216777,254,10.172397
6599238727,230,10.172391
57378782693,252,10.172390
85040649137,256,10.172296
85044397649,256,10.172277
21475043983,242,10.172274
85048349093,256,10.172258
31823629133,246,10.172235
17645116109,240,10.172196
1667245729,216,10.172155
26149831751,244,10.172131
38753093941,248,10.172073
9786639881,234,10.172018
57441370153,252,10.171942
26161740491,244,10.171938
5427055349,228,10.171913
9790025321,234,10.171865
85131449537,256,10.171864
85143516173,256,10.171806
57463018633,252,10.171787
57470602633,252,10.171733
57474230321,252,10.171707
69963600211,254,10.171701
26176912781,244,10.171692
85179771983,256,10.171635
8046798143,232,10.171629
191935963,194,10.171622
47227288727,250,10.171600
57495189863,252,10.171557
17673109591,240,10.171513
26188356083,244,10.171506
47247538979,250,10.171423
70013426167,254,10.171412
57521263901,252,10.171371
70024598311,254,10.171346
47258387243,250,10.171328
1372029623,214,10.171317
38823785587,248,10.171313
70042922953,254,10.171240
21528985801,242,10.171202
57546715019,252,10.171189
70052914201,254,10.171182
38843459671,248,10.171102
85328284079,256,10.170931
6620956981,230,10.170913
31926237527,246,10.170881
47310454769,250,10.170872
233988047,196,10.170839
70112447611,254,10.170835
5440681429,228,10.170775
4470082553,226,10.170710
47329469903,250,10.170706
47334286157,250,10.170664
17708609383,240,10.170648
14548089239,238,10.170625
38888876101,248,10.170614
26243764853,244,10.170610
57630663659,252,10.170591
57632061559,252,10.170581
57650750753,252,10.170448
85437161867,256,10.170415
57658165793,252,10.170396
85449402713,256,10.170358
31966488223,246,10.170352
57665310463,252,10.170344
57677272693,252,10.170259
57679180243,252,10.170246
57679155943,252,10.170246
57689901733,252,10.170170
31983183703,246,10.170133
47397667283,250,10.170110
70246633273,254,10.170057
17734045207,240,10.170030
21593026699,242,10.169932
17738163997,240,10.169930
26286249917,244,10.169925
70269553063,254,10.169924
57728145443,252,10.169897
26288620331,244,10.169887
47429617229,250,10.169831
85571252549,256,10.169782
47435306279,250,10.169782
26300650331,244,10.169692
14579844941,238,10.169677
57778412969,252,10.169540
17756164037,240,10.169492
57786453001,252,10.169483
17756592551,240,10.169481
57800702639,252,10.169382
8087998133,232,10.169352
57805779191,252,10.169346
2041558861,218,10.169343
26322884873,244,10.169334
57813269009,252,10.169292
85692447497,256,10.169209
47505504269,250,10.169169
47506890917,250,10.169158
4485412109,226,10.169143
9853271017,234,10.169019
47530230047,250,10.168955
57868944589,252,10.168898
57870824381,252,10.168884
17782320541,240,10.168858
70454808757,254,10.168852
26353392563,244,10.168843
57881074501,252,10.168812
57885334799,252,10.168781
3029292821,222,10.168749
85794971699,256,10.168727
85802518727,256,10.168692
57898146599,252,10.168691
32095956679,246,10.168653
39078653149,248,10.168585
17794146521,240,10.168571
39080684857,248,10.168563
47575213577,250,10.168563
12007676347,236,10.168551
14617790309,238,10.168548
57921379129,252,10.168527
5467749877,228,10.168524
70522198603,254,10.168463
85856750387,256,10.168436
57935214653,252,10.168428
47599380599,250,10.168353
70542540253,254,10.168345
57962220509,252,10.168237
32130019627,246,10.168206
85927599269,256,10.168103
39125036941,248,10.168090
57984172783,252,10.168081
39129871531,248,10.168038
70595941771,254,10.168037
57997905131,252,10.167985
32148224327,246,10.167969
32152952177,246,10.167907
26412191963,244,10.167899
47658441959,250,10.167840
765989249,208,10.167829
8115703439,232,10.167828
26417519633,244,10.167813
32163656857,246,10.167767
32164669487,246,10.167753
14645133779,238,10.167736
14646446081,238,10.167697
58039068533,252,10.167693
70656744421,254,10.167687
58052106083,252,10.167602
39171048079,248,10.167600
58056253799,252,10.167572
32179310809,246,10.167562
70689560323,254,10.167498
26438802113,244,10.167472
70698941977,254,10.167444
39192388621,248,10.167373
17845399543,240,10.167333
58091994911,252,10.167319
70724067823,254,10.167299
58094934701,252,10.167298
47723275679,250,10.167278
26451915353,244,10.167262
17848578199,240,10.167255
47730845963,250,10.167212
26455109783,244,10.167211
70741653877,254,10.167198
58112205461,252,10.167177
58113019361,252,10.167171
47745069287,250,10.167089
58128712601,252,10.167060
58129112879,252,10.167057
39224105341,248,10.167036
70769968387,254,10.167035
47757257783,250,10.166984
58157318929,252,10.166859
32233686239,246,10.166853
47778258623,250,10.166802
21753875419,242,10.166761
26483544677,244,10.166756
58173393623,252,10.166745
86243716649,256,10.166620
32251776239,246,10.166617
1686661043,216,10.166612
9908877287,234,10.166533
6688279747,230,10.166365
58237698713,252,10.166292
70904793511,254,10.166261
5495276491,228,10.166247
47852427839,250,10.166161
39308059327,248,10.166144
47856466001,250,10.166126
86351813729,256,10.166115
86357443427,256,10.166088
17897269601,240,10.166082
86359536689,256,10.166079
58269301841,252,10.166070
631487107,206,10.166018
86376966563,256,10.165997
32299870909,246,10.165991
86381849993,256,10.165974
70956894817,254,10.165962
39326385331,248,10.165951
70959308617,254,10.165948
86390726687,256,10.165933
26538319763,244,10.165881
39336250477,248,10.165846
39336704257,248,10.165841
86411001143,256,10.165838
936381833,210,10.165783
58311129329,252,10.165775
86424957557,256,10.165772
936415637,210,10.165765
9926939441,234,10.165729
32322497029,246,10.165697
86450029793,256,10.165655
39355083109,248,10.165647
86451877277,256,10.165647
86473971029,256,10.165544
2058063331,218,10.165525
71035989667,254,10.165508
26562511523,244,10.165495
71039227621,254,10.165490
26564346131,244,10.165465
47946717017,250,10.165347
6704152291,230,10.165299
86533473077,256,10.165266
86533803827,256,10.165264
86535925937,256,10.165255
86539152827,256,10.165239
47960631347,250,10.165227
17933634941,240,10.165209
58399922923,252,10.165152
58403489303,252,10.165126
26586078593,244,10.165119
86583965483,256,10.165030
17944255001,240,10.164953
86601392753,256,10.164949
58430129101,252,10.164939
9947251477,234,10.164825
71164672633,254,10.164772
58454126699,252,10.164771
86653776953,256,10.164705
86656186913,256,10.164694
39446387647,248,10.164680
58472727421,252,10.164640
58473597893,252,10.164635
48031978271,250,10.164613
58479684673,252,10.164592
12117607783,236,10.164560
58486492711,252,10.164544
71214173257,254,10.164490
86705728787,256,10.164463
17968124023,240,10.164381
26641647173,244,10.164235
58534616071,252,10.164207
21886384693,242,10.164167
48085293959,250,10.164154
32443035529,246,10.164134
26649611663,244,10.164108
39504436519,248,10.164068
58557802921,252,10.164044
86800169213,256,10.164024
71298036577,254,10.164011
9966016631,234,10.163994
58567547839,252,10.163976
6724131097,230,10.163963
58570573849,252,10.163955
71315210917,254,10.163913
58577774161,252,10.163904
1393412621,214,10.163846
58587358163,252,10.163837
4537846559,226,10.163827
17992037279,240,10.163809
58593639569,252,10.163794
58604991761,252,10.163714
71350902001,254,10.163710
21911026339,242,10.163688
9973438543,234,10.163665
58614378101,252,10.163649
58615457281,252,10.163641
39545089357,248,10.163640
39547113097,248,10.163618
48149631113,250,10.163602
26686132817,244,10.163528
18003835519,240,10.163527
18004025849,240,10.163522
32491418077,246,10.163507
48164414777,250,10.163475
5529647677,228,10.163422
32501605189,246,10.163376
71409552763,254,10.163375
8198130923,232,10.163326
71433938461,254,10.163237
58684066171,252,10.163161
39591511759,248,10.163151
48212835527,250,10.163060
32527353883,246,10.163044
14804651189,238,10.163033
9989023981,234,10.162975
71484979717,254,10.162946
5535749621,228,10.162922
39617141611,248,10.162882
18031244167,240,10.162872
32542506163,246,10.162848
32544776437,246,10.162819
18034811869,240,10.162786
18037157317,240,10.162731
18037872361,240,10.162714
12174642967,236,10.162505
48279565637,250,10.162488
39655034869,248,10.162483
71572383517,254,10.162449
48298616699,250,10.162325
48299930927,250,10.162314
32587178927,246,10.162272
6749592991,230,10.162266
71606954047,254,10.162252
87193228613,256,10.162201
21990137881,242,10.162149
8219867219,232,10.162148
48323147489,250,10.162116
58837142669,252,10.162094
87228269669,256,10.162039
87229959587,256,10.162031
21996859879,242,10.162019
58848171233,252,10.162017
21999751129,242,10.161963
26789585903,244,10.161891
32621849917,246,10.161826
71690316631,254,10.161779
48364070687,250,10.161766
26802151517,244,10.161693
58897279873,252,10.161675
87310438727,256,10.161659
71722668637,254,10.161596
32640117127,246,10.161591
48387025877,250,10.161570
10021625041,234,10.161537
58920290179,252,10.161515
39747950311,248,10.161509
58923148951,252,10.161495
14858917001,238,10.161445
58936177819,252,10.161405
58942753679,252,10.161359
39762375721,248,10.161358
58948802509,252,10.161317
87387219449,256,10.161304
18098478149,240,10.161270
32668058723,246,10.161232
18104231323,240,10.161134
39784624489,248,10.161125
14873561909,238,10.161017
58994439563,252,10.161000
32687927827,246,10.160976
32688421819,246,10.160970
14876455199,238,10.160933
71844425113,254,10.160907
48476244449,250,10.160810
48477356027,250,10.160800
6771748783,230,10.160794
8246536433,232,10.160706
32709117097,246,10.160705
59039753711,252,10.160686
71884157377,254,10.160682
32714975243,246,10.160629
2532127043,220,10.160571
59057764219,252,10.160561
22072960051,242,10.160545
87559640087,256,10.160510
48516709181,250,10.160464
48522966299,250,10.160411
10047935881,234,10.160380
87589833647,256,10.160371
32735467007,246,10.160367
59097761981,252,10.160283
59098654441,252,10.160276
48543050459,250,10.160240
12237834853,236,10.160240
59105405189,252,10.160230
26898126377,244,10.160180
71986338967,254,10.160105
59129538641,252,10.160063
8259089303,232,10.160029
87666264533,256,10.160019
26909794907,244,10.159997
39896476297,248,10.159956
59147643353,252,10.159937
59153854051,252,10.159894
59157488501,252,10.159869
87699982427,256,10.159864
32775308183,246,10.159856
10060177847,234,10.159843
59162794133,252,10.159832
87708561509,256,10.159824
48596042687,250,10.159790
59171999741,252,10.159769
59174783581,252,10.159749
59175281171,252,10.159746
10062859603,234,10.159726
72057078073,254,10.159705
10063927213,234,10.159679
39923647597,248,10.159673
59190495431,252,10.159640
48616132679,250,10.159619
10065489667,234,10.159611
32794558327,246,10.159610
72077992543,254,10.159588
32801974279,246,10.159514
48630481271,250,10.159497
72094566067,254,10.159494
32807248403,246,10.159448
39946397731,248,10.159436
59232041789,252,10.159353
14931464957,238,10.159332
87824770589,256,10.159290
6794751247,230,10.159272
10073233763,234,10.159271
32821195427,246,10.159269
1155397519,212,10.159236
12268150813,236,10.159158
32831998307,246,10.159131
72165420253,254,10.159095
39984132169,248,10.159043
18197244047,240,10.158930
48699255977,250,10.158914
59299126993,252,10.158890
6800590843,230,10.158887
39999749761,248,10.158880
87920375423,256,10.158853
87925189739,256,10.158830
48709462547,250,10.158828
87945437369,256,10.158737
87947408267,256,10.158729
87967009349,256,10.158638
22172268673,242,10.158630
8286953111,232,10.158531
40034444239,248,10.158520
32884192427,246,10.158464
59360984633,252,10.158463
72286518721,254,10.158414
48762229487,250,10.158381
14965318241,238,10.158350
88033982723,256,10.158332
72302689981,254,10.158323
88037023289,256,10.158318
72310810927,254,10.158278
59388322313,252,10.158275
18225098587,240,10.158272
40059911119,248,10.158255
59394805369,252,10.158230
32903633699,246,10.158216
59400443491,252,10.158191
48796398737,250,10.158092
48800261273,250,10.158059
8296746779,232,10.158006
32921331473,246,10.157991
18237949309,240,10.157969
59444614121,252,10.157887
22211050489,242,10.157886
2091893341,218,10.157803
59465942233,252,10.157740
48841405091,250,10.157711
88178408807,256,10.157671
72419303347,254,10.157668
32954431229,246,10.157570
18256798369,240,10.157525
72447554821,254,10.157510
27068897243,244,10.157503
88215052703,256,10.157503
27070382201,244,10.157480
59507808421,252,10.157452
72462433651,254,10.157427
12317455933,236,10.157404
88240840967,256,10.157386
88245941447,256,10.157362
18265595773,240,10.157318
1720003807,216,10.157253
32979370519,246,10.157252
15003320597,238,10.157250
59539002493,252,10.157237
59539311173,252,10.157234
59539587949,252,10.157232
40162501441,248,10.157191
88302552287,256,10.157104
40172227297,248,10.157090
32992562633,246,10.157084
59563281641,252,10.157070
48921996509,250,10.157030
33001923457,246,10.156965
59578835231,252,10.156962
953423069,210,10.156915
10127368957,234,10.156908
88347033629,256,10.156901
59592081071,252,10.156872
48953457797,250,10.156765
48954215897,250,10.156759
33019411543,246,10.156744
15023050871,238,10.156681
72605727157,254,10.156624
40219858207,248,10.156597
88426396913,256,10.156539
72654373993,254,10.156352
59670923951,252,10.156331
12347913727,236,10.156324
18308961919,240,10.156299
27149278133,244,10.156250
59683256791,252,10.156246
8330295509,232,10.156211
59689164313,252,10.156205
59691839161,252,10.156187
18314837449,240,10.156160
88522665923,256,10.156100
59705868689,252,10.156091
33074409869,246,10.156046
40273719007,248,10.156040
40278569581,248,10.155991
59728504691,252,10.155936
18324714689,240,10.155929
3114334231,222,10.155869
59744489059,252,10.155827
59747404049,252,10.155807
88587227759,256,10.155807
15053387651,238,10.155807
33098626837,246,10.155739
8340570023,232,10.155663
59768533519,252,10.155662
3794179957,224,10.155628
72789568351,254,10.155597
18340179211,240,10.155566
72802244323,254,10.155526
88661822429,256,10.155468
162498071,192,10.155412
5629069231,228,10.155354
72842926633,254,10.155299
49129221551,250,10.155287
49129546211,250,10.155284
22348047091,242,10.155265
27216276743,244,10.155208
10166785007,234,10.155196
3118939861,222,10.155183
59840448929,252,10.155169
40360781239,248,10.155143
33146329927,246,10.155135
59852023783,252,10.155090
59854647683,252,10.155072
72883957327,254,10.155071
40369945921,248,10.155048
59858504543,252,10.155046
27227737343,244,10.155030
22360411771,242,10.155028
59861916343,252,10.155023
40376459821,248,10.154981
59879686049,252,10.154902
59881464151,252,10.154889
33174247487,246,10.154782
49194016889,250,10.154743
49194575189,250,10.154738
59904914023,252,10.154729
72948154627,254,10.154714
27250420811,244,10.154678
33184128739,246,10.154657
18381409141,240,10.154601
49210994009,250,10.154600
88854414917,256,10.154593
88854930503,256,10.154592
10180842421,234,10.154587
18386227859,240,10.154489
49231941389,250,10.154425
59949929519,252,10.154422
88894636553,256,10.154411
10185000817,234,10.154407
22395335761,242,10.154364
49242008693,250,10.154341
59963289431,252,10.154330
33216170257,246,10.154253
88929796283,256,10.154252
27278361713,244,10.154244
88945567793,256,10.154181
22406886529,242,10.154144
40461693469,248,10.154104
59997272443,252,10.154099
2108345959,218,10.154096
88964477447,256,10.154095
40464658621,248,10.154074
18404328517,240,10.154066
294152857,198,10.154050
3808064941,224,10.153947
73089931657,254,10.153925
60024254189,252,10.153914
22419262711,242,10.153909
60030468083,252,10.153872
89024584997,256,10.153823
89029046279,256,10.153803
33255396457,246,10.153758
60047613389,252,10.153755
22428749779,242,10.153728
89050653749,256,10.153706
18420001709,240,10.153701
49322485523,250,10.153667
73137687433,254,10.153660
959816279,210,10.153633
73148876107,254,10.153598
60070925323,252,10.153597
89077266323,256,10.153584
60073213723,252,10.153581
22440205651,242,10.153511
89093552777,256,10.153511
22442833981,242,10.153461
89108613947,256,10.153443
2111533519,218,10.153381
89132000123,256,10.153337
40538414011,248,10.153316
60114174761,252,10.153302
49368498161,250,10.153283
73220274151,254,10.153202
49387486829,250,10.153124
60150955783,252,10.153052
73247745577,254,10.153049
49396386059,250,10.153049
49404530963,250,10.152982
60165179231,252,10.152955
15154843439,238,10.152897
49415233757,250,10.152892
40581324601,248,10.152877
27367457363,244,10.152867
60182273303,252,10.152839
89256619667,256,10.152775
73301559577,254,10.152752
33335661257,246,10.152748
8395676273,232,10.152737
49433901479,250,10.152737
60209071313,252,10.152657
60210800659,252,10.152645
10225899727,234,10.152641
60213196423,252,10.152629
33346328539,246,10.152614
73326862867,254,10.152612
18467406773,240,10.152596
33354639419,246,10.152510
73346822581,254,10.152501
33356891563,246,10.152481
18472936019,240,10.152468
60239859209,252,10.152448
89332128203,256,10.152434
6901217893,230,10.152301
40641600739,248,10.152260
33380764199,246,10.152182
22512085009,242,10.152149
18487603489,240,10.152127
49508309561,250,10.152117
60294887011,252,10.152075
60295538323,252,10.152070
40662058417,248,10.152051
73436503951,254,10.152005
49527223703,250,10.151959
40672326619,248,10.151946
27428121551,244,10.151932
10242494963,234,10.151927
73452375781,254,10.151917
49534090421,250,10.151902
12474276007,236,10.151876
49542604379,250,10.151832
27434780003,244,10.151829
10245622081,234,10.151793
15193985699,238,10.151779
27438509291,244,10.151772
49549838537,250,10.151772
15195927821,238,10.151724
73490466967,254,10.151708
18505653121,240,10.151708
49563271949,250,10.151659
89508077567,256,10.151642
73507416337,254,10.151614
60374034151,252,10.151538
49579512263,250,10.151525
73529392471,254,10.151493
60386248309,252,10.151455
18518898427,240,10.151401
89571811493,256,10.151356
89592744677,256,10.151261
89597333297,256,10.151241
89610207893,256,10.151183
89610644213,256,10.151181
15216917351,238,10.151127
73604527483,254,10.151078
15220583249,238,10.151022
89659199783,256,10.150963
89661114947,256,10.150954
10265171053,234,10.150953
89663134787,256,10.150946
10266115241,234,10.150912
22578212593,242,10.150900
2584998569,220,10.150884
18542229859,240,10.150860
5685322127,228,10.150859
89687309027,256,10.150837
18544885987,240,10.150799
3834217813,224,10.150798
22584712303,242,10.150777
89703876923,256,10.150763
60491202203,252,10.150745
60499778029,252,10.150687
89729465849,256,10.150648
60511755431,252,10.150606
15236504891,238,10.150570
89760320189,256,10.150510
22600440763,242,10.150481
27522954341,244,10.150474
3837169381,224,10.150444
60540241763,252,10.150414
73734501781,254,10.150363
33528097529,246,10.150336
89807947367,256,10.150296
89811189389,256,10.150282
33533277719,246,10.150271
18567794171,240,10.150269
49736950463,250,10.150218
22614840439,242,10.150209
60573011789,252,10.150192
18571660337,240,10.150179
33542245813,246,10.150160
60578056793,252,10.150159
60578428553,252,10.150156
89846301683,256,10.150125
60588285533,252,10.150089
49758202589,250,10.150042
18579004429,240,10.150009
49762705691,250,10.150004
40867156801,248,10.149961
27559389293,244,10.149916
60616787701,252,10.149898
6938698069,230,10.149874
89911238063,256,10.149834
89912309957,256,10.149829
18588635917,240,10.149787
40887779419,248,10.149751
27570194543,244,10.149750
89937482837,256,10.149716
73857860977,254,10.149685
89948215397,256,10.149668
73862531383,254,10.149659
18594551753,240,10.149651
89959384019,256,10.149618
33586192219,246,10.149611
89962702457,256,10.149603
27580908743,244,10.149586
49814656481,250,10.149574
60668582353,252,10.149548
60669749299,252,10.149540
15272909177,238,10.149536
49822514297,250,10.149509
73894361323,254,10.149485
33597767303,246,10.149467
40924016779,248,10.149383
40931226769,248,10.149310
18609289493,240,10.149310
60712598953,252,10.149252
15283248809,238,10.149243
90052093823,256,10.149203
49861912619,250,10.149183
27607428707,244,10.149180
49869400379,250,10.149121
33626348017,246,10.149111
90080529953,256,10.149076
49880275397,250,10.149032
40959127777,248,10.149027
60751975969,252,10.148987
5708945971,228,10.148985
22682551429,242,10.148937
40989236017,248,10.148722
49928167691,250,10.148637
18640438099,240,10.148593
33670851437,246,10.148558
18642191303,240,10.148552
41010072601,248,10.148511
5716046587,228,10.148424
74093695147,254,10.148392
74104086097,254,10.148335
22715685631,242,10.148315
60853239511,252,10.148306
8479989641,232,10.148298
15317250941,238,10.148282
41042959747,248,10.148178
18658727777,240,10.148171
60879318403,252,10.148130
90298690817,256,10.148104
10331956633,234,10.148098
12583986979,236,10.148054
74156890837,254,10.148046
60892000951,252,10.148046
33715577983,246,10.148002
33717074537,246,10.147984
74174638171,254,10.147949
50013252251,250,10.147935
27691349003,244,10.147899
1754138227,216,10.147876
90364673393,256,10.147809
60930431101,252,10.147788
74207706403,254,10.147768
60935328611,252,10.147755
50036866991,250,10.147740
33737244239,246,10.147733
5724839027,228,10.147730
60941760211,252,10.147712
41100769417,248,10.147593
74253245791,254,10.147520
60973326053,252,10.147500
60974219351,252,10.147494
18688438537,240,10.147490
15346985699,238,10.147443
50073971069,250,10.147435
74278599127,254,10.147381
60994331843,252,10.147360
90470941829,256,10.147337
74296710013,254,10.147283
41137497391,248,10.147223
61016972771,252,10.147208
33779927249,246,10.147203
74311956403,254,10.147200
90501847673,256,10.147200
33783086369,246,10.147164
50106984197,250,10.147163
33787480963,246,10.147110
33794798629,246,10.147019
22788397063,242,10.146955
50134905113,250,10.146935
90562737407,256,10.146929
33802262843,246,10.146927
22792333651,242,10.146882
61070029973,252,10.146852
50146710239,250,10.146837
18717157891,240,10.146831
33811136809,246,10.146817
61076514041,252,10.146810
18718871291,240,10.146791
15373048037,238,10.146708
18722580307,240,10.146706
74406219373,254,10.146686
61095235769,252,10.146684
50168226539,250,10.146661
41199850267,248,10.146593
15379258919,238,10.146534
90653078543,256,10.146528
41215290769,248,10.146438
22816464751,242,10.146432
61138468543,252,10.146395
33848410199,246,10.146356
90708906317,256,10.146280
539392307,204,10.146249
33858731969,246,10.146228
74490505333,254,10.146227
61165084789,252,10.146217
61166449873,252,10.146208
15391285079,238,10.146196
41242141471,248,10.146168
50231095961,250,10.146145
5745024361,228,10.146140
18747353699,240,10.146139
50239613813,250,10.146075
6998157343,230,10.146053
33875292959,246,10.146024
50246879411,250,10.146016
61195328731,252,10.146015
74531206807,254,10.146005
90780521057,256,10.145963
50261258153,250,10.145898
61220706059,252,10.145846
50269874573,250,10.145827
33891502193,246,10.145823
27831079937,244,10.145775
18764138587,240,10.145755
7002911437,230,10.145749
90843753797,256,10.145683
41290719721,248,10.145679
33903445039,246,10.145676
61247493199,252,10.145667
90854554757,256,10.145636
18770044003,240,10.145620
27845552291,244,10.145555
61270290661,252,10.145515
61273647683,252,10.145493
74625491377,254,10.145493
61277432101,252,10.145468
74631335761,254,10.145461
74651030611,254,10.145354
50333053151,250,10.145310
8538746681,232,10.145234
50344141061,250,10.145220
27869050631,244,10.145200
18791675977,240,10.145126
18792075557,240,10.145117
22887288763,242,10.145114
50360820911,250,10.145083
22898777431,242,10.144900
61366598071,252,10.144874
91040570189,256,10.144813
50398751027,250,10.144773
41392701001,248,10.144655
10414383767,234,10.144603
22916920069,242,10.144564
33998510969,246,10.144505
61422949579,252,10.144499
3191623361,222,10.144492
50441783489,250,10.144422
41416093891,248,10.144421
91130026877,256,10.144418
34007522603,246,10.144394
61439067301,252,10.144392
91137694523,256,10.144384
50451539429,250,10.144342
10421501591,234,10.144301
74846034961,254,10.144297
61458634109,252,10.144261
41438465221,248,10.144197
61470155771,252,10.144185
8559589343,232,10.144153
74875978141,254,10.144135
12697972387,236,10.144120
61481978461,252,10.144107
61482242071,252,10.144105
41450249437,248,10.144079
50486425013,250,10.144057
34035157183,246,10.144053
61492743853,252,10.144035
18839586209,240,10.144034
41456522977,248,10.144016
91223294549,256,10.144007
74904843697,254,10.143979
61503655951,252,10.143963
61508374429,252,10.143931
10432604813,234,10.143833
61530180529,252,10.143786
5775052757,228,10.143786
41480857651,248,10.143772
61548271013,252,10.143666
91302939773,256,10.143656
74967542941,254,10.143640
34069168649,246,10.143636
61557057599,252,10.143608
61560017413,252,10.143589
61569302779,252,10.143527
91337298083,256,10.143505
50556886811,250,10.143483
5779612609,228,10.143431
75006718783,254,10.143428
980021113,210,10.143416
41519287627,248,10.143389
61591072783,252,10.143383
61591233503,252,10.143382
75024842071,254,10.143331
34094967667,246,10.143319
75039734857,254,10.143250
8577504239,232,10.143226
91421001569,256,10.143137
75062233783,254,10.143128
75070452313,254,10.143085
91438585673,256,10.143060
75079335223,254,10.143036
61650838273,252,10.142987
2628980009,220,10.142987
34128010027,246,10.142915
34128479647,246,10.142909
34129287553,246,10.142899
50629335551,250,10.142895
91481872109,256,10.142869
91484886083,256,10.142856
91490960459,256,10.142829
50644969061,250,10.142767
91505373077,256,10.142766
61685219789,252,10.142759
50647774643,250,10.142744
28033440551,244,10.142719
91516408937,256,10.142717
2159773459,218,10.142711
4753265063,226,10.142672
28038876911,244,10.142638
61705969393,252,10.142622
75161731651,254,10.142592
61712440091,252,10.142579
91558822427,256,10.142531
41605727377,248,10.142526
5791622929,228,10.142494
34162293329,246,10.142494
61738160083,252,10.142409
91587300839,256,10.142406
91588195379,256,10.142403
34172878463,246,10.142365
18913537033,240,10.142355
18915135599,240,10.142319
91617995663,256,10.142272
8596090571,232,10.142265
28063811561,244,10.142263
91622336969,256,10.142253
61763768743,252,10.142240
91625739119,256,10.142238
41638645957,248,10.142198
12754597249,236,10.142180
61776819799,252,10.142154
34201194997,246,10.142018
34201600243,246,10.142014
75272236261,254,10.141997
61808514553,252,10.141944
23060065993,242,10.141916
50754184937,250,10.141881
91714175327,256,10.141850
2635410203,220,10.141846
15547469129,238,10.141830
7064942041,230,10.141804
34221387773,246,10.141772
34221526093,246,10.141770
5801354939,228,10.141736
75323189791,254,10.141723
18942127091,240,10.141707
23073118333,242,10.141676
18943689859,240,10.141672
8608895819,232,10.141605
7068168307,230,10.141600
91775890439,256,10.141580
5803588849,228,10.141562
50793897629,250,10.141559
34242120889,246,10.141519
75362741893,254,10.141510
91812217793,256,10.141420
61887877333,252,10.141420
75380958307,254,10.141413
61902850319,252,10.141322
91849812689,256,10.141256
50836026167,250,10.141218
23105154973,242,10.141087
41751555211,248,10.141074
10498720241,234,10.141056
61943270503,252,10.141055
12789430873,236,10.140992
91913248997,256,10.140979
91913528843,256,10.140978
15578513519,238,10.140968
3215992739,222,10.140967
34290462559,246,10.140929
41767629721,248,10.140915
61964842151,252,10.140913
15580562399,238,10.140912
50877105401,250,10.140885
91935498299,256,10.140882
15581817197,238,10.140877
75487249807,254,10.140842
10505141263,234,10.140788
2641682621,220,10.140734
34307683679,246,10.140718
7082376493,230,10.140702
3919490413,224,10.140690
18989800373,240,10.140631
91993498253,256,10.140629
91993919747,256,10.140627
92004887393,256,10.140578
15592915211,238,10.140570
41804828227,248,10.140546
7085441653,230,10.140509
50924599571,250,10.140502
28181410547,244,10.140501
19003352149,240,10.140325
62056969129,252,10.140307
62059681963,252,10.140289
92075330507,256,10.140271
62072063783,252,10.140207
92096165867,256,10.140181
19010657179,240,10.140160
50976561401,250,10.140082
41852553517,248,10.140073
75631247773,254,10.140071
34365246347,246,10.140018
62102153731,252,10.140010
34366659367,246,10.140001
62104857961,252,10.139992
92149143857,256,10.139950
34374503027,246,10.139906
92164040537,256,10.139885
62128475113,252,10.139837
62135593309,252,10.139791
2647080101,220,10.139780
62141496961,252,10.139751
51022185077,250,10.139714
62153966663,252,10.139669
75707967367,254,10.139660
34397045993,246,10.139631
51039634367,250,10.139574
62170236673,252,10.139563
28251557351,244,10.139453
92276593037,256,10.139395
92286693977,256,10.139350
92290732187,256,10.139333
15637916717,238,10.139324
51071604887,250,10.139317
15638912171,238,10.139297
51075548597,250,10.139285
34426989749,246,10.139268
62220519343,252,10.139234
19052793631,240,10.139212
12844009357,236,10.139136
51094098017,250,10.139135
62247831913,252,10.139054
62253863213,252,10.139014
51110026571,250,10.139008
28282887827,244,10.138986
62259562649,252,10.138977
23222653291,242,10.138931
12854947093,236,10.138766
34468418359,246,10.138765
23234265469,242,10.138719
62308622141,252,10.138656
19078100473,240,10.138643
34478644793,246,10.138641
28307269901,244,10.138623
75902648953,254,10.138620
34481554817,246,10.138606
62317813321,252,10.138596
75908733601,254,10.138588
12860429677,236,10.138580
42008693971,248,10.138529
19084076353,240,10.138509
62331465509,252,10.138506
92485609019,256,10.138486
62339672861,252,10.138453
10561830463,234,10.138423
19088732681,240,10.138405
62355463559,252,10.138350
28326888797,244,10.138331
34509339763,246,10.138269
34512956389,246,10.138226
34513995479,246,10.138213
5847038927,228,10.138199
42042845941,248,10.138192
34515898177,246,10.138190
92553762113,256,10.138190
62385636451,252,10.138152
34521034477,246,10.138128
76000674637,254,10.138099
62394923819,252,10.138091
62402593919,252,10.138041
62404514849,252,10.138029
51234589841,250,10.138006
548369807,204,10.137925
34540240573,246,10.137896
51249690221,250,10.137885
42076149799,248,10.137864
23282837551,242,10.137832
8685099959,232,10.137700
51277068179,250,10.137666
42096517951,248,10.137664
51281245313,250,10.137632
92682461609,256,10.137632
62468005879,252,10.137614
92690567507,256,10.137597
51287431901,250,10.137583
19125439519,240,10.137582
92701959377,256,10.137547
10582967641,234,10.137545
2659793051,220,10.137542
34571077253,246,10.137523
51295329773,250,10.137519
62483770309,252,10.137511
42112541101,248,10.137506
51311083091,250,10.137393
19135636381,240,10.137354
51318715169,250,10.137332
12898609117,236,10.137289
62521508363,252,10.137265
51328593227,250,10.137253
76160792011,254,10.137247
34600229263,246,10.137171
92793132659,256,10.137153
62543509123,252,10.137121
62560337293,252,10.137012
76205031433,254,10.137012
62563871119,252,10.136989
51366153821,250,10.136952
62576009569,252,10.136909
23334234811,242,10.136895
28424297441,244,10.136886
12910646269,236,10.136883
19157118691,240,10.136873
62588097133,252,10.136830
23341975411,242,10.136754
62606674903,252,10.136710
62607976381,252,10.136702
12916777537,236,10.136677
42197400937,248,10.136672
92912467499,256,10.136638
51406640057,250,10.136628
92915918093,256,10.136622
92921946683,256,10.136597
993797111,210,10.136581
62628999341,252,10.136564
19171272343,240,10.136557
42218193739,248,10.136468
76313988463,254,10.136434
42223903297,248,10.136412
4819597919,226,10.136367
10611507667,234,10.136362
19182118073,240,10.136314
62670590089,252,10.136293
76340913163,254,10.136292
34678434017,246,10.136228
62683180969,252,10.136211
7154135839,230,10.136197
93021829157,256,10.136165
34684086379,246,10.136160
76367786197,254,10.136148
42251053399,248,10.136146
62697799201,252,10.136117
12933378769,236,10.136117
76376151757,254,10.136105
1798230479,216,10.136054
34698659053,246,10.135984
7157631541,230,10.135979
42272325019,248,10.135937
51493159661,250,10.135937
76424912821,254,10.135846
62740448479,252,10.135839
34712325353,246,10.135819
51510536111,250,10.135798
34717476667,246,10.135757
76448226247,254,10.135723
34720501099,246,10.135721
34730842933,246,10.135597
19214770567,240,10.135587
34733308747,246,10.135568
34734055309,246,10.135558
15775030937,238,10.135555
93166914773,256,10.135540
42327662029,248,10.135395
93205215419,256,10.135375
42330515077,248,10.135366
42333154261,248,10.135341
51568233077,250,10.135339
28529736341,244,10.135326
42338880301,248,10.135285
19228639447,240,10.135278
19228866439,240,10.135273
93231177707,256,10.135263
42345627001,248,10.135219
76548538741,254,10.135193
93255704453,256,10.135158
4832587169,226,10.135143
76558749067,254,10.135139
62848875799,252,10.135136
997052561,210,10.134981
76589595703,254,10.134975
15797300489,238,10.134946
51620578577,250,10.134922
28557653573,244,10.134914
93312602147,256,10.134912
34788099113,246,10.134910
19246422353,240,10.134882
93330205799,256,10.134837
34805941783,246,10.134695
76645275871,254,10.134682
51655270727,250,10.134645
19257150791,240,10.134644
62932549793,252,10.134593
42410168467,248,10.134588
62936051753,252,10.134571
34817012303,246,10.134562
28585078061,244,10.134510
62946264889,252,10.134504
51678271787,250,10.134462
2677844237,220,10.134383
28595876411,244,10.134352
51695947409,250,10.134322
34838700847,246,10.134302
23477246413,242,10.134301
8752633151,232,10.134270
12988606387,236,10.134262
62984414189,252,10.134257
8753851991,232,10.134209
34848223639,246,10.134189
19278714727,240,10.134165
12991960669,236,10.134151
93512004623,256,10.134056
19284392747,240,10.134039
51738919667,250,10.133981
34866645377,246,10.133967
76788960091,254,10.133924
76789993117,254,10.133920
10671023791,234,10.133907
76792781281,254,10.133904
19290624337,240,10.133901
2680611929,220,10.133901
19290902621,240,10.133894
34877867279,246,10.133833
2200945897,218,10.133807
34882282559,246,10.133780
34883744143,246,10.133763
93581012867,256,10.133760
34884992873,246,10.133748
51786226649,250,10.133606
63093343121,252,10.133554
93634525883,256,10.133531
34903339763,246,10.133529
93642141287,256,10.133498
76872878737,254,10.133483
42526458367,248,10.133454
63112351781,252,10.133430
34916122807,246,10.133375
28663636571,244,10.133355
34918004963,246,10.133353
19318318499,240,10.133286
93692621549,256,10.133283
34924035239,246,10.133281
93693755459,256,10.133277
93695328533,256,10.133270
76918383847,254,10.133244
34928426837,246,10.133228
51836331089,250,10.133208
51837785819,250,10.133197
34932223939,246,10.133183
5912718451,228,10.133166
63157507801,252,10.133140
34938551213,246,10.133107
3985087753,224,10.133076
51853848773,250,10.133069
76980556897,254,10.132917
93788577107,256,10.132872
63199717201,252,10.132867
51879549833,250,10.132866
1486070843,214,10.132863
42592264861,248,10.132814
23561390323,242,10.132783
63212975731,252,10.132781
51896257367,250,10.132733
77016746953,254,10.132728
34974856667,246,10.132674
93835877747,256,10.132669
15881040821,238,10.132665
93850398167,256,10.132607
34983979223,246,10.132565
23573675089,242,10.132563
13041231667,236,10.132504
93878823383,256,10.132486
63261250141,252,10.132470
1811911379,216,10.132450
7214643493,230,10.132436
19357325959,240,10.132423
77075062873,254,10.132421
42633459601,248,10.132414
8790445991,232,10.132362
63287426231,252,10.132302
93922964579,256,10.132298
8792000513,232,10.132284
5924421319,228,10.132276
63303696151,252,10.132197
51966365567,250,10.132179
93957317903,256,10.132151
1002901279,210,10.132121
35022567439,246,10.132105
35025604819,246,10.132069
28755011603,244,10.132016
51987926609,250,10.132009
19376415101,240,10.132002
94001556497,256,10.131962
94011333593,256,10.131920
10721266607,234,10.131846
63361600739,252,10.131824
94040369183,256,10.131797
52029183719,250,10.131683
94069684439,256,10.131672
52030584269,250,10.131672
52032879611,250,10.131654
94077857219,256,10.131637
52038145427,250,10.131613
42719173369,248,10.131582
94093775063,256,10.131569
94102296839,256,10.131533
42725540629,248,10.131520
77249144521,254,10.131510
77252027023,254,10.131495
63414097871,252,10.131488
63414333761,252,10.131486
42732997627,248,10.131449
94123808297,256,10.131441
35081324107,246,10.131406
19404530051,240,10.131382
10732643377,234,10.131381
94138929383,256,10.131376
77281226293,254,10.131342
10734142931,234,10.131319
63441320203,252,10.131312
63442054903,252,10.131308
4873664837,226,10.131298
8811805349,232,10.131289
28808408231,244,10.131235
63461704849,252,10.131182
10737613441,234,10.131178
52099398581,250,10.131129
63477705341,252,10.131079
19419664597,240,10.131048
35111941133,246,10.131042
63486395683,252,10.131023
1817371687,216,10.131020
42780568927,248,10.130988
63494953793,252,10.130968
52120275539,250,10.130965
5942129581,228,10.130932
19426423777,240,10.130899
77372137693,254,10.130867
5943078241,228,10.130860
77374430587,254,10.130855
63518438591,252,10.130817
2215057057,218,10.130797
77386322203,254,10.130793
19431748159,240,10.130782
94283306657,256,10.130762
1818381779,216,10.130755
19434045089,240,10.130732
13094877193,236,10.130717
42811028341,248,10.130693
77407677901,254,10.130681
77411961061,254,10.130659
63545913443,252,10.130642
42816421111,248,10.130641
19440673729,240,10.130586
19440965867,240,10.130580
52169630297,250,10.130576
5947174319,228,10.130550
52184600213,250,10.130459
63579368053,252,10.130427
42838687891,248,10.130426
63589012303,252,10.130365
35172531203,246,10.130322
28877076113,244,10.130234
63616221769,252,10.130191
77506028947,254,10.130168
556928341,204,10.130129
94436706209,256,10.130111
15978288917,238,10.130032
63659794169,252,10.129912
19471856771,240,10.129901
19473015181,240,10.129875
94498713479,256,10.129848
77569849057,254,10.129835
52265399699,250,10.129824
63674519231,252,10.129818
63674854483,252,10.129816
10771295537,234,10.129804
77582712793,254,10.129768
5957677127,228,10.129756
77601402031,254,10.129671
52292745707,250,10.129609
94555334579,256,10.129607
28922144507,244,10.129579
94570499393,256,10.129543
63738770549,252,10.129408
8850408353,232,10.129354
94615098167,256,10.129354
63748389113,252,10.129346
23753830273,242,10.129333
63755517149,252,10.129301
52332763151,250,10.129295
77684500813,254,10.129239
4895867453,226,10.129234
19502463523,240,10.129230
23760935161,242,10.129207
42970904671,248,10.129151
63780699293,252,10.129140
63781281821,252,10.129136
77705292811,254,10.129130
94668198137,256,10.129129
19508365381,240,10.129100
13145789329,236,10.129030
2708790599,220,10.129022
35285409149,246,10.128986
28963492577,244,10.128978
63808126559,252,10.128964
63814063241,252,10.128927
35290765667,246,10.128922
77747197711,254,10.128913
63819651443,252,10.128891
63823831469,252,10.128864
77776399291,254,10.128761
52404266597,250,10.128735
94766606093,256,10.128713
35309828089,246,10.128697
19526924407,240,10.128694
52416230723,250,10.128641
63870460099,252,10.128568
52427974187,250,10.128549
63875938891,252,10.128532
77824525771,254,10.128511
63887173919,252,10.128461
63895922921,252,10.128406
52448044637,250,10.128392
35337409993,246,10.128372
23810893669,242,10.128316
94872371303,256,10.128265
52464711839,250,10.128262
16044979061,238,10.128237
77882258347,254,10.128212
77883208633,254,10.128207
13170884407,236,10.128201
94895447333,256,10.128168
63936179231,252,10.128149
77895999751,254,10.128140
35357267053,246,10.128138
52481558573,250,10.128130
63941095081,252,10.128118
3306801539,222,10.128085
77909940727,254,10.128069
35365487527,246,10.128040
63955830109,252,10.128024
1011373921,210,10.128011
63960925459,252,10.127992
94937389109,256,10.127991
52500607109,250,10.127981
63969265231,252,10.127938
43101165937,248,10.127899
63975969601,252,10.127895
63977345023,252,10.127887
19564324601,240,10.127875
7289155843,230,10.127851
77955932911,254,10.127831
95015613437,256,10.127661
19574596051,240,10.127651
1012153691,210,10.127634
19576039477,240,10.127620
95026994663,256,10.127613
29057758397,244,10.127611
95029652219,256,10.127602
95038051937,256,10.127566
5987095189,228,10.127540
64031935403,252,10.127540
95067240383,256,10.127443
95074138277,256,10.127415
43154972149,248,10.127383
23866825891,242,10.127321
19589869499,240,10.127318
78055608847,254,10.127315
52589841119,250,10.127284
64074646421,252,10.127268
35433208439,246,10.127243
19593516727,240,10.127238
35433699737,246,10.127237
95124258959,256,10.127203
78083189551,254,10.127172
35440062733,246,10.127162
10836940897,234,10.127140
23877917509,242,10.127125
19601708419,240,10.127060
43189237747,248,10.127055
78110828893,254,10.127028
13206637987,236,10.127023
459960089,202,10.127014
35453537047,246,10.127004
95173067807,256,10.126998
10843359557,234,10.126881
35465738549,246,10.126861
78145384561,254,10.126850
64147553963,252,10.126805
64148992123,252,10.126796
35471665289,246,10.126791
8902295243,232,10.126770
64157135473,252,10.126744
78166866667,254,10.126740
8903687789,232,10.126701
78178171147,254,10.126680
64182020039,252,10.126587
43241291959,248,10.126556
64200250523,252,10.126472
95310405389,256,10.126420
52706896421,250,10.126372
78243752563,254,10.126342
78246972103,254,10.126326
378044179,200,10.126315
52721982077,250,10.126255
35519422853,246,10.126230
64244823541,252,10.126189
7316479867,230,10.126184
52731878363,250,10.126178
95381125877,256,10.126123
78292742443,254,10.126089
64265745751,252,10.126057
64267385969,252,10.126046
78314830213,254,10.125976
64287557759,252,10.125918
52774573979,250,10.125846
19657608701,240,10.125843
19657702979,240,10.125841
52776416141,250,10.125832
64306254113,252,10.125800
19660495753,240,10.125780
52791826079,250,10.125711
13246903237,236,10.125700
561883723,204,10.125675
78389650693,254,10.125590
29198691407,244,10.125578
95514119807,256,10.125565
78394664731,254,10.125565
10876077133,234,10.125561
7327481113,230,10.125513
64361995723,252,10.125447
78425025451,254,10.125408
78427613491,254,10.125395
64382431801,252,10.125319
52845725213,250,10.125294
78448656343,254,10.125286
35601402637,246,10.125269
64404084223,252,10.125181
78474414241,254,10.125154
23989737271,242,10.125145
35613406489,246,10.125129
8935735793,232,10.125113
78482902237,254,10.125111
19692022393,240,10.125095
43401729967,248,10.125026
95646449477,256,10.125010
78503909347,254,10.125002
64443468673,252,10.124932
64448591461,252,10.124901
35637206489,246,10.124850
7338804973,230,10.124825
95691036533,256,10.124824
95711210813,256,10.124740
29257095611,244,10.124739
29257334123,244,10.124735
95723722607,256,10.124687
78565133617,254,10.124687
78566087983,254,10.124682
64485193099,252,10.124669
35655276379,246,10.124639
6026316529,228,10.124603
78584586907,254,10.124588
64499641033,252,10.124578
16183630049,238,10.124529
19718733371,240,10.124516
95764701443,256,10.124516
95776196927,256,10.124468
10904053151,234,10.124435
19722886429,240,10.124427
95811035039,256,10.124322
6030135197,228,10.124318
7347224659,230,10.124314
19729564363,240,10.124282
35686471603,246,10.124274
43486651111,248,10.124218
78656987083,254,10.124216
78659404717,254,10.124204
95847934547,256,10.124167
19735621231,240,10.124151
64569877331,252,10.124136
64569934529,252,10.124135
19738755833,240,10.124084
35703599119,246,10.124075
43502478577,248,10.124067
78686787661,254,10.124063
16201299029,238,10.124059
95882418959,256,10.124023
78695641231,254,10.124018
19744474793,240,10.123960
64604076989,252,10.123920
24061327783,242,10.123883
19748148281,240,10.123880
64612756609,252,10.123866
95921166329,256,10.123862
95925636869,256,10.123843
95938596203,256,10.123790
78744556057,254,10.123767
95945617883,256,10.123760
78747038983,254,10.123755
53051931131,250,10.123696
53066746841,250,10.123582
29338910387,244,10.123566
53070724769,250,10.123551
95996746649,256,10.123547
64674231793,252,10.123479
64676519231,252,10.123465
7361544193,230,10.123446
64682856361,252,10.123425
35759980517,246,10.123417
35760646723,246,10.123409
96030757469,256,10.123405
4070155483,224,10.123403
19773698491,240,10.123328
64698430891,252,10.123326
96053000933,256,10.123312
29358115103,244,10.123291
96061180949,256,10.123279
64710110503,252,10.123253
96070800923,256,10.123238
4071666037,224,10.123233
35775887083,246,10.123232
78853346113,254,10.123210
78861733003,254,10.123167
6045617471,228,10.123165
64725242161,252,10.123158
96092264309,256,10.123149
53131043909,250,10.123086
35796169349,246,10.122995
64762479049,252,10.122925
64765759153,252,10.122904
96154528199,256,10.122890
64768749139,252,10.122885
96159527507,256,10.122869
96159441437,256,10.122869
24120775663,242,10.122838
96171840197,256,10.122817
96173968733,256,10.122808
24123320401,242,10.122793
53169048437,250,10.122792
64785206593,252,10.122782
96180361727,256,10.122782
1849307353,216,10.122749
78945358351,254,10.122740
53180023319,250,10.122708
64798915133,252,10.122696
53185520741,250,10.122665
96217681577,256,10.122626
96218948663,256,10.122622
96223329539,256,10.122603
64813806121,252,10.122602
64814285911,252,10.122600
96226256117,256,10.122591
78976310137,254,10.122581
78978170251,254,10.122572
53202968801,250,10.122531
35836978669,246,10.122521
64830755609,252,10.122496
78996599203,254,10.122478
19814858461,240,10.122440
64844017109,252,10.122413
53219025581,250,10.122408
29420279051,244,10.122402
35853493079,246,10.122330
24152179333,242,10.122287
10957891201,234,10.122278
16270900661,238,10.122213
79050378961,254,10.122203
96324353309,256,10.122183
79056682351,254,10.122171
2256094039,218,10.122162
43706809621,248,10.122131
79067292973,254,10.122117
79075753321,254,10.122074
64898609101,252,10.122070
96352957433,256,10.122065
19832722069,240,10.122055
35877227003,246,10.122054
2749759517,220,10.122026
16278460091,238,10.122013
19835675147,240,10.121992
35882718503,246,10.121990
96372018923,256,10.121985
64917109303,252,10.121955
96384018209,256,10.121935
79106173837,254,10.121919
64927919383,252,10.121887
64928738759,252,10.121881
35892298087,246,10.121879
19841225629,240,10.121873
464647769,202,10.121868
64939386703,252,10.121815
96413352983,256,10.121814
10969515827,234,10.121814
24179614009,242,10.121806
96418394123,256,10.121793
53299544789,250,10.121788
16288501199,238,10.121748
79141781353,254,10.121737
24184429363,242,10.121722
64956173309,252,10.121710
35908908173,246,10.121686
53323123541,250,10.121607
53330068367,250,10.121553
64982311189,252,10.121547
53331742589,250,10.121540
79189886023,254,10.121492
96491930837,256,10.121488
53343986369,250,10.121447
43779790759,248,10.121442
35930027893,246,10.121441
43782050629,248,10.121421
35933148773,246,10.121405
19863508213,240,10.121393
96522233597,256,10.121362
65019997841,252,10.121311
35941738237,246,10.121305
19871220641,240,10.121227
79263081661,254,10.121119
96580882319,256,10.121119
96586206149,256,10.121097
16313692511,238,10.121082
79279811437,254,10.121035
53409971159,250,10.120940
65079704321,252,10.120937
96625477943,256,10.120934
65080415251,252,10.120934
4092323377,224,10.120918
35978707643,246,10.120877
35979403609,246,10.120870
53420542247,250,10.120859
19891068511,240,10.120802
53434124333,250,10.120754
65112895259,252,10.120730
65119867283,252,10.120687
9025800689,232,10.120684
24244424053,242,10.120673
4094795281,224,10.120643
96706482629,256,10.120599
19901382623,240,10.120581
11002284253,234,10.120508
53471966657,250,10.120464
16339267349,238,10.120409
16339408409,238,10.120405
79410544267,254,10.120370
79412278513,254,10.120361
43898466127,248,10.120323
96776221319,256,10.120310
3363407923,222,10.120249
142414859,190,10.120242
65198114249,252,10.120199
43928095867,248,10.120045
6088160857,228,10.120014
36055168757,246,10.119993
65238584183,252,10.119946
29596295657,244,10.119898
53550092507,250,10.119866
24291771883,242,10.119847
7422185887,230,10.119792
1028557847,210,10.119788
65267309719,252,10.119768
19939803451,240,10.119758
7423688443,230,10.119702
9046658393,232,10.119664
13432472437,236,10.119660
43972137607,248,10.119631
4104064117,224,10.119609
96953955323,256,10.119576
65299297681,252,10.119569
16371931859,238,10.119549
19951456631,240,10.119508
65313327689,252,10.119481
65319514753,252,10.119443
79598585821,254,10.119416
24317305153,242,10.119403
53617140461,250,10.119354
36112058929,246,10.119337
65345251243,252,10.119283
79628686351,254,10.119264
65351573081,252,10.119244
65352839681,252,10.119236
79638849463,254,10.119212
65357271839,252,10.119208
24328488889,242,10.119208
79648039687,254,10.119165
65364626641,252,10.119163
79652936983,254,10.119141
44026313311,248,10.119123
97078093727,256,10.119064
29656071173,244,10.119051
97104443609,256,10.118956
36145316213,246,10.118954
53677637603,250,10.118892
53681242877,250,10.118864
97130450993,256,10.118849
36155702683,246,10.118834
24351583759,242,10.118807
65427989311,252,10.118769
79730751181,254,10.118748
16403395517,238,10.118723
24357151681,242,10.118711
53714166047,250,10.118613
65454103801,252,10.118607
53715219749,250,10.118606
65456346433,252,10.118592
36182493709,246,10.118526
65482886111,252,10.118428
44100518257,248,10.118427
65486475479,252,10.118405
65489971993,252,10.118384
36195680863,246,10.118375
79805092771,254,10.118372
36198512657,246,10.118341
65500037093,252,10.118321
6111220099,228,10.118317
65514871153,252,10.118230
65519203843,252,10.118202
97294962407,256,10.118172
79844816047,254,10.118171
53775874907,250,10.118143
29720712641,244,10.118137
65529948401,252,10.118136
24390431011,242,10.118133
97305052253,256,10.118131
97315125239,256,10.118089
65546108479,252,10.118036
24396360343,242,10.118030
65549158063,252,10.118017
79879831147,254,10.117994
79882002301,254,10.117984
65556803471,252,10.117970
53799719627,250,10.117962
53807042999,250,10.117906
695453893,206,10.117841
65578251503,252,10.117837
20030308553,240,10.117826
11070203141,234,10.117815
79917961807,254,10.117802
65586168379,252,10.117787
53825109407,250,10.117768
65596957031,252,10.117721
79940970931,254,10.117686
36257106233,246,10.117669
79944618277,254,10.117668
16446169589,238,10.117603
79975699003,254,10.117511
6122700299,228,10.117474
65645139709,252,10.117422
7462468003,230,10.117383
65658410651,252,10.117340
97508740853,256,10.117294
5027311169,226,10.117221
24447191761,242,10.117149
65691559873,252,10.117135
6127329547,228,10.117135
36308939587,246,10.117074
79167917,184,10.117072
24453476521,242,10.117041
20067603877,240,10.117032
13514391493,236,10.117023
53929973063,250,10.116972
1034662669,210,10.116902
65732033953,252,10.116885
44269996867,248,10.116844
44274582217,248,10.116801
11096433121,234,10.116780
29818609397,244,10.116758
36338206699,246,10.116739
36342648193,246,10.116689
97660305437,256,10.116673
65766697739,252,10.116672
36344727043,246,10.116665
65778047801,252,10.116601
80157883417,254,10.116594
36351089989,246,10.116591
24479747239,242,10.116587
7476701857,230,10.116535
44312041057,248,10.116452
54001143863,250,10.116431
11105444953,234,10.116425
65813293619,252,10.116384
80202008311,254,10.116372
65816419681,252,10.116364
29848766771,244,10.116334
97755571409,256,10.116283
65834877253,252,10.116250
36383291909,246,10.116223
36383849959,246,10.116217
65842035169,252,10.116206
13540036297,236,10.116200
24503464693,242,10.116177
54036110993,250,10.116167
24505089769,242,10.116149
65852222773,252,10.116143
29862416447,244,10.116142
11112917671,234,10.116131
97799620649,256,10.116103
65876091161,252,10.115996
13546576339,236,10.115992
316546627,198,10.115986
9124113983,232,10.115903
97855065617,256,10.115877
44374890601,248,10.115868
20123295557,240,10.115850
36416540723,246,10.115844
16514025371,238,10.115832
36421382297,246,10.115788
65918826301,252,10.115733
6146759009,228,10.115714
54098648207,250,10.115693
11125063571,234,10.115653
65933013103,252,10.115645
65933713399,252,10.115642
7493471893,230,10.115538
65952382889,252,10.115526
65952962213,252,10.115522
97949693549,256,10.115491
29909156441,244,10.115486
65960093779,252,10.115479
65964453539,252,10.115452
36455105693,246,10.115403
97972015157,256,10.115399
80397218401,254,10.115393
80400944401,254,10.115375
13565882857,236,10.115374
11132303671,234,10.115369
29919167147,244,10.115346
16532826941,238,10.115343
20153565391,240,10.115210
80436258241,254,10.115197
54169974701,250,10.115154
66017116013,252,10.115128
36480456413,246,10.115114
98062736873,256,10.115029
66035408983,252,10.115015
20164255933,240,10.114984
80479241851,254,10.114983
54193015967,250,10.114980
20167912967,240,10.114906
4147070467,224,10.114845
36504636023,246,10.114839
66064330403,252,10.114838
80511084421,254,10.114823
80513250901,254,10.114812
66077722961,252,10.114756
36513129259,246,10.114741
66081225461,252,10.114734
54229046507,250,10.114708
80540145661,254,10.114677
66097458083,252,10.114635
54239280629,250,10.114631
44508578629,248,10.114627
66099012493,252,10.114625
98165815067,256,10.114610
80553924127,254,10.114609
98166224099,256,10.114608
9151219349,232,10.114594
98170528823,256,10.114591
7510388371,230,10.114534
66117449443,252,10.114511
98193066329,256,10.114499
54272700071,250,10.114379
1882661147,216,10.114276
1040285689,210,10.114262
3407369029,222,10.114261
54290100071,250,10.114247
54294866363,250,10.114211
66170045519,252,10.114188
30002522447,244,10.114180
36566764603,246,10.114131
66180477481,252,10.114124
80662784227,254,10.114064
98303864597,256,10.114048
66196453423,252,10.114026
44575132111,248,10.114010
36584336473,246,10.113932
66212789189,252,10.113926
80690912251,254,10.113924
66221121151,252,10.113875
20219435083,240,10.113818
36598823827,246,10.113767
98386445243,256,10.113712
66250344991,252,10.113696
54367542587,250,10.113665
11176312481,234,10.113644
80751517447,254,10.113622
20229517673,240,10.113605
11177550311,234,10.113595
54378097253,250,10.113585
20232273793,240,10.113548
66275114251,252,10.113544
13623601963,236,10.113533
66279539761,252,10.113518
30049951793,244,10.113517
98435270723,256,10.113514
13624580467,236,10.113503
13624631569,236,10.113501
54391448807,250,10.113484
54394838159,250,10.113459
80786648143,254,10.113447
36629898797,246,10.113414
80809665913,254,10.113332
98480980907,256,10.113329
54420043121,250,10.113269
54425477723,250,10.113229
44669255419,248,10.113140
66349385819,252,10.113090
80858514103,254,10.113089
66350532013,252,10.113083
54445716317,250,10.113076
98543309699,256,10.113076
66351755651,252,10.113075
36660089227,246,10.113071
66352778071,252,10.113070
11191165847,234,10.113063
44683055689,248,10.113013
20258373217,240,10.112998
54458506763,250,10.112980
80881322047,254,10.112975
66375199843,252,10.112932
80903591731,254,10.112864
54478286279,250,10.112832
98604552503,256,10.112828
98612979107,256,10.112794
66401049193,252,10.112774
36688378127,246,10.112751
80942201161,254,10.112672
66420221761,252,10.112657
80947619983,254,10.112645
80953523137,254,10.112616
98659603937,256,10.112605
80958375343,254,10.112592
36702791999,246,10.112587
66442628953,252,10.112520
36710571683,246,10.112499
66446192269,252,10.112498
9194880161,232,10.112496
54524177663,250,10.112487
24723444769,242,10.112399
36719499779,246,10.112398
98711914097,256,10.112393
54547309697,250,10.112313
66477482161,252,10.112308
98738290307,256,10.112287
98740450643,256,10.112278
2304184147,218,10.112259
30143490431,244,10.112215
20296188811,240,10.112204
44773807747,248,10.112176
20298055499,240,10.112164
318903331,198,10.112154
66503192801,252,10.112150
36743725987,246,10.112124
98779488359,256,10.112120
1551992063,214,10.112082
66516017749,252,10.112072
20302875871,240,10.112063
81067736917,254,10.112048
44788473181,248,10.112041
98811895703,256,10.111989
3424586111,222,10.111939
98825583587,256,10.111934
66545249741,252,10.111894
81101005123,254,10.111883
98851254479,256,10.111830
81115361311,254,10.111812
66565670519,252,10.111770
4175369893,224,10.111740
98903994317,256,10.111617
54640438121,250,10.111616
98906503079,256,10.111607
81157063177,254,10.111605
54647493041,250,10.111564
81176477947,254,10.111508
66610788809,252,10.111494
98934645707,256,10.111493
66611331473,252,10.111491
54658983059,250,10.111477
66621691093,252,10.111428
36805861439,246,10.111422
44863307941,248,10.111353
36816611659,246,10.111300
36819898139,246,10.111263
99001840073,256,10.111221
7566866917,230,10.111203
20346467081,240,10.111150
24797367583,242,10.111137
66674271263,252,10.111108
1047150073,210,10.111059
99052091189,256,10.111019
30230283563,244,10.111010
81291035311,254,10.110941
99077077349,256,10.110918
20357572691,240,10.110917
66706167551,252,10.110914
9228278513,232,10.110898
54741537827,250,10.110860
11247944371,234,10.110851
20362822133,240,10.110807
36861690389,246,10.110792
36862576753,246,10.110782
81323609671,254,10.110780
30248386967,244,10.110759
36868516963,246,10.110715
4185610591,224,10.110621
54775875221,250,10.110603
44945104651,248,10.110602
44945615047,248,10.110598
66760286023,252,10.110585
36881711039,246,10.110566
7578197119,230,10.110538
11256220813,234,10.110530
99179366753,256,10.110506
54790754441,250,10.110493
66778249649,252,10.110476
66780635003,252,10.110461
99192444539,256,10.110454
66785469463,252,10.110432
5103390389,226,10.110422
66794122501,252,10.110379
54809687393,250,10.110352
81411018223,254,10.110348
66800512211,252,10.110340
30280948457,244,10.110309
81427634203,254,10.110266
20396610709,240,10.110102
36926040247,246,10.110067
81476730427,254,10.110023
81479695393,254,10.110008
99311005667,256,10.109977
36935949697,246,10.109956
36936483769,246,10.109949
1558958171,214,10.109941
81502405087,254,10.109896
99331154753,256,10.109896
66874300709,252,10.109893
11273328043,234,10.109867
66883342703,252,10.109838
36947584523,246,10.109825
45033993391,248,10.109788
36953339177,246,10.109760
66912886199,252,10.109659
66914045161,252,10.109652
54911764139,250,10.109591
99417458369,256,10.109549
11282747191,234,10.109502
66943228459,252,10.109475
36979216699,246,10.109469
36979353473,246,10.109468
54931319249,250,10.109445
16762012877,238,10.109427
5114780207,226,10.109414
36984728779,246,10.109407
20430113189,240,10.109403
20430264467,240,10.109399
45080884507,248,10.109359
81613169527,254,10.109349
99481933979,256,10.109290
81627700897,254,10.109278
24908860399,242,10.109242
66983152529,252,10.109233
81641952241,254,10.109208
66992239729,252,10.109179
66996263813,252,10.109154
9268109171,232,10.109000
4200915421,224,10.108956
81694420987,254,10.108949
81704661697,254,10.108899
81711042157,254,10.108868
320954369,198,10.108844
45137316949,248,10.108843
81717068497,254,10.108838
45139233991,248,10.108826
55016038541,250,10.108815
24937629121,242,10.108755
16789053557,238,10.108736
45149842369,248,10.108729
67068183289,252,10.108719
55029532079,250,10.108715
45152082907,248,10.108708
7610236939,230,10.108664
45162978391,248,10.108609
67087480799,252,10.108602
99664630889,256,10.108558
99667082597,256,10.108548
20471821217,240,10.108534
37063208867,246,10.108526
67100721323,252,10.108522
45172620739,248,10.108521
45173315521,248,10.108515
16797843761,238,10.108511
16798076459,238,10.108505
37065723833,246,10.108499
99679832579,256,10.108497
81788635597,254,10.108485
99686698439,256,10.108469
7613893093,230,10.108450
99698056313,256,10.108424
67118769701,252,10.108413
81810516703,254,10.108377
11312237113,234,10.108362
99719091599,256,10.108339
37084909847,246,10.108284
67141376959,252,10.108276
37086460387,246,10.108266
11315506823,234,10.108236
67154342951,252,10.108198
13792712419,236,10.108190
20490405367,240,10.108148
99768246653,256,10.108143
67171628749,252,10.108093
55121087597,250,10.108035
20495849639,240,10.108034
11321092117,234,10.108021
67195643023,252,10.107949
13801210303,236,10.107923
11324076241,234,10.107905
99832557653,256,10.107885
24993719389,242,10.107807
45255598429,248,10.107765
30470581367,244,10.107694
67249616839,252,10.107623
6259034729,228,10.107596
67261581521,252,10.107552
67261833931,252,10.107550
37152127319,246,10.107532
6260096027,228,10.107520
30489596201,244,10.107432
67283683913,252,10.107418
30492026561,244,10.107399
30493544813,244,10.107378
55209949001,250,10.107377
67292158139,252,10.107367
16843675451,238,10.107341
6262632127,228,10.107339
67297530551,252,10.107334
37172366249,246,10.107306
55223195663,250,10.107279
37177413023,246,10.107249
55227757031,250,10.107245
20535353537,240,10.107215
4217884243,224,10.107118
5141357927,226,10.107071
6267997819,228,10.106956
45345364387,248,10.106949
67398206329,252,10.106729
55297798901,250,10.106728
55299556973,250,10.106714
45371729461,248,10.106709
20563809797,240,10.106626
67418727053,252,10.106606
67419616213,252,10.106600
37238697253,246,10.106565
67428049933,252,10.106549
45391525321,248,10.106529
82192313521,254,10.106505
45399030889,248,10.106462
37248843287,246,10.106452
67451504221,252,10.106408
11365350691,234,10.106318
25082276179,242,10.106314
82234089073,254,10.106301
82238381893,254,10.106280
55360511627,250,10.106264
13855488277,236,10.106224
67483279403,252,10.106217
67484035219,252,10.106213
13856391319,236,10.106195
55370523431,250,10.106191
13858212139,236,10.106138
55379949773,250,10.106121
37281656369,246,10.106087
25096324051,242,10.106077
37284444409,246,10.106055
1915760453,216,10.106029
55395193151,250,10.106009
37290071657,246,10.105992
82302615211,254,10.105966
55401610127,250,10.105961
11376303131,234,10.105897
67544167109,252,10.105852
25110841369,242,10.105833
37307679163,246,10.105797
55424665913,250,10.105791
55425183971,250,10.105787
45473497039,248,10.105786
55431552947,250,10.105741
7661336149,230,10.105691
25120189879,242,10.105677
37319996639,246,10.105659
67581774431,252,10.105626
67585991939,252,10.105601
82378691611,254,10.105595
67602172181,252,10.105504
20621805517,240,10.105427
11388769097,234,10.105419
6289584491,228,10.105415
16920766589,238,10.105382
20624519117,240,10.105371
67630904581,252,10.105331
20626603177,240,10.105328
16922923637,238,10.105327
16924642781,238,10.105283
30653746427,244,10.105185
67656862523,252,10.105176
67661306953,252,10.105149
67663840831,252,10.105134
55514099567,250,10.105133
67668208339,252,10.105108
11399836631,234,10.104995
67688857421,252,10.104984
16936850849,238,10.104974
20645128619,240,10.104946
82512692953,254,10.104941
20646717029,240,10.104914
45570442579,248,10.104910
67702930609,252,10.104900
25167606109,242,10.104880
67711111703,252,10.104852
67713385349,252,10.104837
82535495851,254,10.104830
37396116959,246,10.104814
2853502961,220,10.104809
67718611991,252,10.104807
20654216059,240,10.104759
55568595581,250,10.104732
45596979541,248,10.104670
9360728183,232,10.104623
25184984449,242,10.104589
30698044211,244,10.104581
4241817361,224,10.104538
6302249641,228,10.104514
16956017171,238,10.104488
16956634511,238,10.104473
2343033727,218,10.104423
82622413723,254,10.104407
82626483283,254,10.104387
55621754303,250,10.104342
55624381697,250,10.104322
55637641229,250,10.104225
11420414381,234,10.104208
67819491601,252,10.104203
67826353849,252,10.104162
7689181987,230,10.104081
67844604533,252,10.104053
6309016289,228,10.104033
82727045101,254,10.103898
55684446689,250,10.103881
67881627449,252,10.103832
37486815307,246,10.103808
67892627071,252,10.103766
82759183333,254,10.103742
67909082159,252,10.103668
67909849279,252,10.103664
67915690261,252,10.103629
67938179609,252,10.103495
67938417523,252,10.103494
67939113811,252,10.103490
20716309951,240,10.103482
16995888179,238,10.103481
16996838849,238,10.103457
45735086389,248,10.103425
67962565001,252,10.103350
37529990063,246,10.103331
55759565417,250,10.103331
67967746421,252,10.103319
6319270799,228,10.103307
11444807683,234,10.103277
37541988707,246,10.103198
67995803753,252,10.103151
13954488463,236,10.103144
68002085939,252,10.103114
3491069081,222,10.103090
55794892253,250,10.103072
68014068593,252,10.103043
11451881141,234,10.103007
68023934443,252,10.102984
82919345407,254,10.102965
37563529559,246,10.102960
37574964949,246,10.102834
55830382733,250,10.102813
68053630261,252,10.102807
82952101027,254,10.102806
20749912081,240,10.102793
55833427241,250,10.102791
55834617071,250,10.102781
25301098261,242,10.102649
68083602569,252,10.102629
7714513747,230,10.102621
30842206607,244,10.102620
7714651591,230,10.102613
37599065599,246,10.102568
55864334291,250,10.102565
83011363321,254,10.102519
55871120579,250,10.102515
83014638943,254,10.102504
37605586819,246,10.102496
68107589471,252,10.102487
45841428037,248,10.102469
68117297321,252,10.102428
37614198913,246,10.102401
83039064013,254,10.102386
20770454951,240,10.102372
68132611091,252,10.102338
4264341637,224,10.102124
55926889841,250,10.102108
9414745283,232,10.102091
68178024403,252,10.102068
37644566797,246,10.102066
3498896201,222,10.102061
37648073717,246,10.102027
55939185947,250,10.102017
6337657951,228,10.102006
37654023553,246,10.101962
83130877537,254,10.101941
2871633671,220,10.101870
55960042967,250,10.101866
83161057747,254,10.101795
37670831179,246,10.101777
83178406897,254,10.101711
20802724643,240,10.101711
45927865579,248,10.101694
6342106039,228,10.101692
11486642927,234,10.101686
55989193259,250,10.101653
37682682979,246,10.101646
17068906721,238,10.101643
5203676789,226,10.101628
37685874887,246,10.101611
20809644853,240,10.101570
68262128071,252,10.101568
68272954213,252,10.101504
20813273323,240,10.101496
56015849969,250,10.101459
37700750117,246,10.101447
68283375829,252,10.101442
83235193513,254,10.101438
56020360259,250,10.101426
83239296397,254,10.101418
83240651047,254,10.101411
25377342391,242,10.101380
37708500373,246,10.101362
25381504879,242,10.101311
83266504093,254,10.101286
45977876407,248,10.101246
56045667569,250,10.101242
68319591479,252,10.101228
4273972051,224,10.101097
30958141751,244,10.101051
14026303537,236,10.100924
6353146817,228,10.100913
83354870077,254,10.100861
37755326339,246,10.100847
68384361083,252,10.100844
25410150253,242,10.100836
37761899297,246,10.100775
56111840549,250,10.100760
68404663823,252,10.100724
68407920431,252,10.100704
46041201757,248,10.100680
83396721241,254,10.100658
11513974627,234,10.100650
68417662561,252,10.100647
2362279729,218,10.100593
56136566051,250,10.100580
56139128027,250,10.100562
20859458317,240,10.100554
37786427677,246,10.100506
11517975247,234,10.100498
56151051881,250,10.100475
68448782789,252,10.100463
68450900779,252,10.100451
56157226493,250,10.100430
68454641141,252,10.100429
68457557639,252,10.100411
20866606003,240,10.100409
83452388311,254,10.100390
4280699131,224,10.100381
56165336987,250,10.100371
31009008047,244,10.100365
68473004671,252,10.100320
37809983293,246,10.100247
3513031721,222,10.100208
46096313521,248,10.100188
83499133831,254,10.100165
37817530357,246,10.100164
46100012659,248,10.100155
6364269427,228,10.100131
4283237467,224,10.100111
20881616687,240,10.100102
1591462193,214,10.100096
68518207609,252,10.100053
83522789587,254,10.100052
1071162403,210,10.100034
17133308219,238,10.100028
68523576623,252,10.100020
83547765403,254,10.099932
83552734117,254,10.099908
20892448723,240,10.099882
68559122123,252,10.099811
68566621663,252,10.099767
1941421073,216,10.099742
37859324053,246,10.099707
68576854373,252,10.099707
68583445433,252,10.099668
20905065133,240,10.099626
31067873141,244,10.099572
68606238059,252,10.099533
46172988391,248,10.099504
11544825763,234,10.099483
37881778157,246,10.099461
83647409707,254,10.099453
879843047,208,10.099414
46183578361,248,10.099410
68627758543,252,10.099406
20916052981,240,10.099402
83661650467,254,10.099385
83662064461,254,10.099383
46187800927,248,10.099372
68638330721,252,10.099343
68647703591,252,10.099288
68647947443,252,10.099287
9475478081,232,10.099263
31091350931,244,10.099256
46202518471,248,10.099241
46204385701,248,10.099225
68661617459,252,10.099206
56329658183,250,10.099179
83710571911,254,10.099150
20929129873,240,10.099136
83731426897,254,10.099051
20935464821,240,10.099008
68697379549,252,10.098995
17174708249,238,10.098994
83762171737,254,10.098903
37932967679,246,10.098901
83765297797,254,10.098887
56370484811,250,10.098884
17179427939,238,10.098876
83768924263,254,10.098870
20942705731,240,10.098861
17180803259,238,10.098842
37942831477,246,10.098793
46256433829,248,10.098762
46259604421,248,10.098734
11564868431,234,10.098727
56396574929,250,10.098695
9487756541,232,10.098694
3525011071,222,10.098644
25552769629,242,10.098476
14106461029,236,10.098460
68791285631,252,10.098443
56431983161,250,10.098439
20963843639,240,10.098433
83860929157,254,10.098430
46294580971,248,10.098423
14107850389,236,10.098418
17198277689,238,10.098407
68809869209,252,10.098333
46304957059,248,10.098330
46306829461,248,10.098314
46308039901,248,10.098303
68815316513,252,10.098301
46308860539,248,10.098296
68825521151,252,10.098241
20973505603,240,10.098236
17205661877,238,10.098223
56463138923,250,10.098213
37997598179,246,10.098195
68837098013,252,10.098173
83915956471,254,10.098166
83917022671,254,10.098161
31173468533,244,10.098153
46327181497,248,10.098133
31176069341,244,10.098119
68849130001,252,10.098103
46332994951,248,10.098082
83944877551,254,10.098028
31184593007,244,10.098004
56499519203,250,10.097951
38024178359,246,10.097905
2375901751,218,10.097902
14125136743,236,10.097889
83984727601,254,10.097837
20993659237,240,10.097829
25592893273,242,10.097816
46370137027,248,10.097753
38038534253,246,10.097749
46371816391,248,10.097737
46376468857,248,10.097696
84020805181,254,10.097665
56541602771,250,10.097648
31211566193,244,10.097643
84025848187,254,10.097641
84032947711,254,10.097607
17231207549,238,10.097587
68941436909,252,10.097560
84043939297,254,10.097554
84054133453,254,10.097506
31226251241,244,10.097446
38067777859,246,10.097430
68965574053,252,10.097419
68965817621,252,10.097417
68969567929,252,10.097395
6403524629,228,10.097381
68978969551,252,10.097341
68983360961,252,10.097315
3535240243,222,10.097313
56593583927,250,10.097273
56596526807,250,10.097251
21022471741,240,10.097246
68996006273,252,10.097240
68997274219,252,10.097233
11605537787,234,10.097198
46444602511,248,10.097093
3537091249,222,10.097073
17252262917,238,10.097064
38105405713,246,10.097021
56630045081,250,10.097010
56630308277,250,10.097008
11610891277,234,10.096996
31266086867,244,10.096914
84181439521,254,10.096898
56645688149,250,10.096897
38117369779,246,10.096890
56648225561,250,10.096879
25655579791,242,10.096785
38128907539,246,10.096766
21048493469,240,10.096721
69088230019,252,10.096700
69090159491,252,10.096688
56685407411,250,10.096611
69113887069,252,10.096550
31293685421,244,10.096545
56697672389,250,10.096523
69121533463,252,10.096505
69128491669,252,10.096464
84278835841,254,10.096435
38161622033,246,10.096410
7824652267,230,10.096334
56724459653,250,10.096331
17282795741,238,10.096306
46536476251,248,10.096280
6419466707,228,10.096269
69163754741,252,10.096258
25691065483,242,10.096202
25691299171,242,10.096198
56743923791,250,10.096190
84340677271,254,10.096140
38189446019,246,10.096108
69189452263,252,10.096107
25699435609,242,10.096065
69197428891,252,10.096061
46562235397,248,10.096053
21084149743,240,10.096002
17295810911,238,10.095984
56777849717,250,10.095947
38204718037,246,10.095942
84386011147,254,10.095924
21090558439,240,10.095872
56798982509,250,10.095796
69249131053,252,10.095758
25718397013,242,10.095755
46601830729,248,10.095703
6427595429,228,10.095703
7835849257,230,10.095700
56817896831,250,10.095659
21101616491,240,10.095650
69268876961,252,10.095644
69271062241,252,10.095631
84455827531,254,10.095592
69291995623,252,10.095509
84479858677,254,10.095478
84483033697,254,10.095463
38253514297,246,10.095413
21113417069,240,10.095412
69309574681,252,10.095406
25743035611,242,10.095351
7842216553,230,10.095341
56868314663,250,10.095298
84519428083,254,10.095290
181878293,192,10.095249
5277971843,226,10.095231
38271006707,246,10.095224
38273009563,246,10.095202
7844740129,230,10.095198
31397566391,244,10.095160
69355618853,252,10.095138
38281802099,246,10.095107
69361873109,252,10.095101
38284842097,246,10.095075
21131162827,240,10.095056
56902091087,250,10.095056
69371461153,252,10.095045
56915193539,250,10.094962
56919113399,250,10.094934
38300618383,246,10.094904
69397551073,252,10.094893
38301985343,246,10.094889
69398812199,252,10.094886
56930389937,250,10.094853
38308613177,246,10.094817
17344067177,238,10.094790
31426005011,244,10.094783
84649601527,254,10.094673
31435542497,244,10.094656
84664757491,254,10.094601
31441231391,244,10.094581
21155087573,240,10.094575
31442953193,244,10.094558
38336380409,246,10.094517
38340385169,246,10.094474
56985111497,250,10.094461
25801313281,242,10.094398
2918520497,220,10.094363
46758338689,248,10.094326
38356107577,246,10.094304
69500362901,252,10.094295
46775178001,248,10.094177
6449646559,228,10.094172
17369433251,238,10.094165
69530681501,252,10.094118
38375064187,246,10.094099
38382180997,246,10.094023
84786970651,254,10.094023
21182675573,240,10.094022
84790190377,254,10.094007
84790297831,254,10.094007
69552642349,252,10.093990
84798580987,254,10.093967
57055113653,250,10.093961
57068071253,250,10.093868
69579207553,252,10.093836
7870457323,230,10.093748
69597818701,252,10.093728
11698424053,234,10.093725
25842960019,242,10.093719
69599582053,252,10.093718
17388121337,238,10.093705
84855818101,254,10.093697
57092123831,250,10.093697
84861254197,254,10.093671
69609939569,252,10.093657
84864178111,254,10.093657
69615802979,252,10.093623
69627425281,252,10.093555
69649573723,252,10.093428
57131627921,250,10.093415
69660512059,252,10.093364
69664561843,252,10.093340
21218456249,240,10.093306
14276144227,236,10.093296
7878745801,230,10.093282
14276701723,236,10.093280
21220556437,240,10.093264
57158998889,250,10.093220
31545139697,244,10.093203
21225352987,240,10.093167
84989846311,254,10.093063
46904752981,248,10.093041
69719175671,252,10.093023
69725717143,252,10.092985
57193438763,250,10.092975
85009877677,254,10.092969
46915933021,248,10.092943
17420102417,238,10.092918
69743471851,252,10.092883
69747770753,252,10.092857
4352253247,224,10.092836
38493048227,246,10.092828
14292153289,236,10.092813
46931709997,248,10.092805
7887248353,230,10.092804
57218876009,250,10.092793
38506032079,246,10.092689
38508061967,246,10.092667
11727959801,234,10.092628
69787949159,252,10.092625
17432079047,238,10.092624
17432304221,238,10.092619
69795274249,252,10.092583
21255174601,240,10.092571
14305087057,236,10.092422
21262790707,240,10.092420
38531754977,246,10.092412
46981106509,248,10.092373
69836802979,252,10.092342
85147987417,254,10.092319
69855421189,252,10.092235
9629921333,232,10.092160
69870175511,252,10.092149
25939819519,242,10.092145
38558257967,246,10.092127
1088800561,210,10.092106
69878973869,252,10.092098
14316488623,236,10.092078
85206422953,254,10.092043
69896292671,252,10.091998
57331719659,250,10.091990
223109947,194,10.091986
57335357699,250,10.091965
31642626137,244,10.091914
69916712431,252,10.091880
38585909303,246,10.091830
57354555701,250,10.091828
69925569353,252,10.091828
69932263559,252,10.091790
3578039273,222,10.091789
11750619427,234,10.091787
69942365711,252,10.091732
31657492931,244,10.091719
69947296681,252,10.091703
9640339769,232,10.091685
38599870189,246,10.091681
6485895799,228,10.091668
57392373089,250,10.091559
57394201511,250,10.091547
69974823641,252,10.091544
17476417187,238,10.091537
31672558571,244,10.091520
31675939541,244,10.091475
47084772739,248,10.091468
85331697553,254,10.091455
601654987,204,10.091419
6489881477,228,10.091393
17482428809,238,10.091390
11762115163,234,10.091361
70013354029,252,10.091322
70022868683,252,10.091267
57441255161,250,10.091213
11767350533,234,10.091167
26001163369,242,10.091151
57453135809,250,10.091128
47126084581,248,10.091108
70057370729,252,10.091067
70059640229,252,10.091055
4369470211,224,10.091042
47136434647,248,10.091018
11771672327,234,10.091008
70069971121,252,10.090995
85440947047,254,10.090941
38669310209,246,10.090937
21339276137,240,10.090896
70090541821,252,10.090877
26019739279,242,10.090851
26021885611,242,10.090816
7923252439,230,10.090788
70113557609,252,10.090744
6499413091,228,10.090738
70118610101,252,10.090714
895616957,208,10.090708
47177921677,248,10.090656
57521024003,250,10.090648
21352680451,240,10.090630
70137156839,252,10.090608
85516061557,254,10.090589
85527871633,254,10.090533
47192926201,248,10.090526
85534743607,254,10.090501
21360124939,240,10.090482
21362253541,240,10.090439
85552613737,254,10.090418
38720769649,246,10.090386
70186956673,252,10.090321
4376867221,224,10.090272
47223668917,248,10.090259
21372978499,240,10.090226
85638124543,254,10.090017
70243289113,252,10.089997
57617434031,250,10.089966
21388494929,240,10.089918
38764553389,246,10.089918
21389082677,240,10.089907
38766605419,246,10.089896
57628659113,250,10.089887
70262479411,252,10.089887
70274380591,252,10.089818
603649637,204,10.089767
38779644733,246,10.089757
5342585399,226,10.089747
57650585219,250,10.089731
85709482993,254,10.089684
70298859349,252,10.089678
70300849721,252,10.089666
21401555551,240,10.089660
1626756227,214,10.089650
70304089411,252,10.089647
38796831863,246,10.089574
3595392571,222,10.089570
47303374117,248,10.089566
38800214407,246,10.089538
38802765613,246,10.089511
47316545431,248,10.089452
70345871711,252,10.089407
1335006901,212,10.089375
57704520089,250,10.089351
85795403461,254,10.089282
70368062623,252,10.089280
7950595951,230,10.089262
57719146073,250,10.089248
38831136523,246,10.089209
70383776861,252,10.089190
38839974317,246,10.089114
31856588087,244,10.089103
21432590317,240,10.089045
57753731807,250,10.089004
57754928909,250,10.088995
85858705843,254,10.088986
57757055423,250,10.088981
21437175943,240,10.088954
70430787353,252,10.088920
38858452013,246,10.088917
21439241269,240,10.088913
70432948403,252,10.088907
38866916849,246,10.088827
31878794993,244,10.088812
70450403281,252,10.088808
85905043117,254,10.088770
70464171599,252,10.088729
11836502851,234,10.088618
47417485117,248,10.088577
38896185239,246,10.088515
85963764571,254,10.088496
70509771539,252,10.088468
17602590107,238,10.088460
70512975359,252,10.088449
47434755169,248,10.088428
70519013473,252,10.088414
47436969871,248,10.088408
70535142871,252,10.088322
70536282793,252,10.088316
70537058791,252,10.088311
70544543869,252,10.088268
17610725087,238,10.088263
47457138649,248,10.088234
70563483383,252,10.088160
4397336287,224,10.088152
26187542743,242,10.088146
38933421893,246,10.088120
57883820633,250,10.088088
47474752219,248,10.088082
70583831723,252,10.088043
21484834367,240,10.088013
70589592109,252,10.088011
70590825241,252,10.088003
57899019287,250,10.087981
86074612531,254,10.087979
26202926821,242,10.087899
6541377977,228,10.087865
70620398743,252,10.087834
70620731581,252,10.087832
3609091121,222,10.087827
14459085523,236,10.087803
57925396829,250,10.087795
57926408249,250,10.087789
4401150877,224,10.087758
21497933209,240,10.087754
38972431717,246,10.087706
38972795339,246,10.087702
47521679767,248,10.087677
38979321763,246,10.087632
38980893233,246,10.087616
7981164571,230,10.087564
11865875971,234,10.087541
21509142077,240,10.087533
70673156621,252,10.087533
70677864601,252,10.087505
38991449209,246,10.087503
70679664919,252,10.087496
57971332577,250,10.087473
17643424391,238,10.087469
47558412049,248,10.087359
57998678261,250,10.087281
11873823977,234,10.087250
11873939257,234,10.087245
86240708641,254,10.087208
39020425427,246,10.087196
86250064753,254,10.087164
70754776819,252,10.087067
58035285359,250,10.087024
32017946993,244,10.086995
86288347237,254,10.086987
86291480761,254,10.086971
58044161717,250,10.086962
70773625283,252,10.086959
39046364767,246,10.086922
86302456447,254,10.086921
47612632681,248,10.086892
26267209153,242,10.086869
86321510761,254,10.086832
58065178511,250,10.086814
70809865013,252,10.086752
70812750509,252,10.086736
39064532149,246,10.086729
5378645807,226,10.086718
70818494521,252,10.086703
70823467079,252,10.086675
39071280517,246,10.086658
47641752937,248,10.086641
32048964923,244,10.086592
86380445803,254,10.086559
86388594631,254,10.086521
70860545471,252,10.086464
1997135017,216,10.086398
21568342193,240,10.086368
26298663109,242,10.086366
26299072381,242,10.086359
21569590421,240,10.086343
11899101997,234,10.086325
70886440951,252,10.086316
21571757633,240,10.086301
47682951871,248,10.086287
17694106301,238,10.086243
70904297083,252,10.086214
39114516899,246,10.086201
39118689017,246,10.086156
17704613669,238,10.085989
17704744067,238,10.085986
39134903033,246,10.085985
58184058599,250,10.085982
70951911383,252,10.085943
47728032169,248,10.085899
47730340579,248,10.085879
86529255217,254,10.085870
11911789283,234,10.085861
6570852151,228,10.085858
9769824551,232,10.085832
70982634829,252,10.085769
86553864367,254,10.085755
39157431619,246,10.085747
70987101499,252,10.085743
86563900513,254,10.085710
11917532153,234,10.085652
11917632431,234,10.085649
1345499989,212,10.085618
335766701,198,10.085612
47762850529,248,10.085600
86590136791,254,10.085588
71015815373,252,10.085580
71020480313,252,10.085553
21610763333,240,10.085535
71024851049,252,10.085528
58254212411,250,10.085492
6577180217,228,10.085429
86657701561,254,10.085276
6579900727,228,10.085244
58292655131,250,10.085223
58297196651,250,10.085192
71095659413,252,10.085127
47827054729,248,10.085049
58321891673,250,10.085019
86723346571,254,10.084972
21639833701,240,10.084965
71129747639,252,10.084933
58335193613,250,10.084927
86742392563,254,10.084885
39242442179,246,10.084850
6586149907,228,10.084821
86768569243,254,10.084764
71163024871,252,10.084744
86779306561,254,10.084714
32194081043,244,10.084708
6588525841,228,10.084661
71179483091,252,10.084651
58382913653,250,10.084594
39269177527,246,10.084569
58391155133,250,10.084537
86830882057,254,10.084476
86835576463,254,10.084455
71215563841,252,10.084446
86867277193,254,10.084309
21674400173,240,10.084289
58434616211,250,10.084234
86890922023,254,10.084199
86906128963,254,10.084129
86912873137,254,10.084098
86918286571,254,10.084073
26443951903,242,10.084050
21686957797,240,10.084044
71294466311,252,10.084000
39325406563,246,10.083977
58473904691,250,10.083961
71303613181,252,10.083948
39331905827,246,10.083909
71312728021,252,10.083896
2007836639,216,10.083881
11966972371,234,10.083853
71322263941,252,10.083842
71323208629,252,10.083837
32262443333,244,10.083824
71326809479,252,10.083817
26459181079,242,10.083809
8049425323,230,10.083797
39349216853,246,10.083727
21707094083,240,10.083651
32277560087,244,10.083629
71362615619,252,10.083614
58534657241,250,10.083538
39370424189,246,10.083505
71386748183,252,10.083478
2009682733,216,10.083448
32291562257,244,10.083448
32291619293,244,10.083447
26483448679,242,10.083424
58552526171,250,10.083414
39381215117,246,10.083391
71407417379,252,10.083361
39393211267,246,10.083265
48047459359,248,10.083163
11989540427,234,10.083034
39416856287,246,10.083017
87154660573,254,10.082986
58623541511,250,10.082921
87171498307,254,10.082909
58630746653,250,10.082871
71498499091,252,10.082847
48085586851,248,10.082838
39434878453,246,10.082829
71502209791,252,10.082826
71504103809,252,10.082815
38089453,176,10.082814
48088534999,248,10.082813
21750001067,240,10.082813
26522022469,242,10.082812
39436580783,246,10.082810
71509073483,252,10.082787
39441246983,246,10.082762
87203859571,254,10.082760
48095046787,248,10.082758
17839222277,238,10.082752
71520298319,252,10.082724
71524019041,252,10.082703
11999168231,234,10.082685
11999911867,234,10.082659
39451490543,246,10.082654
32359971401,244,10.082566
87268662601,254,10.082463
71570616899,252,10.082439
39479563847,246,10.082360
87294258847,254,10.082346
1110955067,210,10.082346
21774709127,240,10.082333
48145703779,248,10.082326
58713012389,250,10.082301
87307947271,254,10.082283
21779588669,240,10.082238
48158417371,248,10.082218
71610707923,252,10.082213
8078469667,230,10.082206
58727810681,250,10.082198
71619202121,252,10.082166
58733233217,250,10.082161
9852381689,232,10.082144
39503383489,246,10.082111
71628990703,252,10.082111
21788472703,240,10.082066
613062061,204,10.082052
58752098843,250,10.082030
32409115217,244,10.081934
32409428213,244,10.081930
71662137769,252,10.081924
71664766421,252,10.081909
39524057857,246,10.081895
5436675467,226,10.081889
71671083031,252,10.081874
26586755809,242,10.081788
71706670019,252,10.081674
58806244919,250,10.081656
32434421933,244,10.081609
17888684837,238,10.081570
39556842313,246,10.081553
39559409089,246,10.081526
87476724871,254,10.081510
58830506729,250,10.081488
58834645409,250,10.081459
1113025007,210,10.081445
58840171391,250,10.081421
71753993863,252,10.081408
26611429129,242,10.081398
4463639953,224,10.081357
87512897377,254,10.081345
26616849313,242,10.081313
39584050097,246,10.081268
87530302537,254,10.081264
3661396339,222,10.081236
9873305903,232,10.081214
39593513123,246,10.081169
14684218753,236,10.081145
21836822537,240,10.081126
17907979079,238,10.081110
39601200217,246,10.081089
87569502907,254,10.081086
58890131051,250,10.081077
39604364623,246,10.081057
48295777861,248,10.081051
87579749221,254,10.081039
9877430903,232,10.081032
58900194599,250,10.081007
32481658463,244,10.081003
58903010861,250,10.080987
39619615549,246,10.080897
58928381789,250,10.080812
21854587411,240,10.080782
58935062699,250,10.080767
21855588193,240,10.080763
58947078653,250,10.080684
48340986457,248,10.080667
39643942399,246,10.080644
32511153797,244,10.080625
32513273957,244,10.080598
87677104513,254,10.080594
21865536197,240,10.080570
71903769053,252,10.080566
58972434611,250,10.080508
87699221977,254,10.080494
71919210331,252,10.080481
71919248909,252,10.080480
48364949509,248,10.080464
39670585037,246,10.080366
58996816157,250,10.080340
14713011727,236,10.080301
71956147609,252,10.080273
87754214143,254,10.080243
39689609977,246,10.080168
21888281377,240,10.080130
12070000997,234,10.080129
12070482653,234,10.080112
87786811153,254,10.080094
17951236817,238,10.080079
17953374407,238,10.080029
87803210587,254,10.080020
8118654889,230,10.080013
87806303383,254,10.080006
87821230831,254,10.079937
17958151499,238,10.079915
59059754771,250,10.079907
26708868343,242,10.079864
32572003157,244,10.079846
39721257973,246,10.079839
48441112441,248,10.079820
72043318979,252,10.079785
39729519923,246,10.079753
72060248021,252,10.079690
21911475349,240,10.079681
87886420927,254,10.079640
32588257901,244,10.079638
26725087951,242,10.079609
32596824521,244,10.079529
39751183139,246,10.079528
87916194577,254,10.079505
72096166921,252,10.079490
48483234871,248,10.079464
39757455037,246,10.079463
39758250083,246,10.079454
59130747677,250,10.079419
59140084301,250,10.079355
21931317173,240,10.079298
12093393341,234,10.079288
3015238181,220,10.079286
72138198289,252,10.079254
21934829263,240,10.079230
21934930217,240,10.079228
21936420007,240,10.079200
87983989507,254,10.079197
26753587681,242,10.079162
39787138837,246,10.079154
12098024503,234,10.079122
1118538847,210,10.079054
59195848301,250,10.078972
72190377451,252,10.078963
39806207927,246,10.078957
48545043997,248,10.078941
21952936177,240,10.078881
26772339379,242,10.078867
72222213439,252,10.078785
48564487837,248,10.078777
48567874891,248,10.078749
72235308269,252,10.078712
26782536901,242,10.078708
59237959169,250,10.078683
88101220507,254,10.078664
6678011731,228,10.078646
72249177943,252,10.078634
72251908193,252,10.078619
72252710801,252,10.078615
59248707587,250,10.078609
88115416717,254,10.078600
48586188589,248,10.078595
39842732543,246,10.078578
48589648339,248,10.078566
72267604169,252,10.078532
72270523933,252,10.078516
72271735631,252,10.078508
6680134147,228,10.078505
88144197793,254,10.078469
39853639703,246,10.078465
26800006333,242,10.078434
88176742471,254,10.078321
8150486887,230,10.078285
59296023623,250,10.078285
21984023053,240,10.078282
72312485239,252,10.078281
88197790777,254,10.078226
48634778707,248,10.078185
21989193971,240,10.078183
88209395161,254,10.078174
72352365971,252,10.078059
72361817441,252,10.078007
21999656827,240,10.077981
12131043541,234,10.077939
6688628267,228,10.077938
48665784469,248,10.077925
18042869297,238,10.077907
72382832503,252,10.077889
72383669531,252,10.077885
59355118997,250,10.077880
88282367137,254,10.077843
26839858939,242,10.077810
59368241717,250,10.077790
72403963031,252,10.077772
59371770251,250,10.077766
1668060833,214,10.077736
72411953473,252,10.077727
72413777561,252,10.077718
32746156481,244,10.077626
59397180503,250,10.077593
32751804473,244,10.077555
72446372863,252,10.077536
72447647941,252,10.077529
59420410787,250,10.077434
88374691411,254,10.077425
59429367587,250,10.077373
72486422189,252,10.077313
39965533747,246,10.077307
72490603111,252,10.077291
39968809079,246,10.077273
32774678393,244,10.077264
72504697259,252,10.077211
88422528373,254,10.077209
22042323839,240,10.077162
12153554923,234,10.077134
26888016979,242,10.077058
88466343601,254,10.077010
14827091527,236,10.076977
72547328509,252,10.076975
48779280349,248,10.076970
72555068923,252,10.076932
12159989137,234,10.076904
48788127847,248,10.076896
40005720983,246,10.076892
59507638067,250,10.076838
26903717773,242,10.076813
48798209179,248,10.076812
22060795487,240,10.076807
72579387773,252,10.076797
40015268507,246,10.076794
88519707193,254,10.076770
88525173223,254,10.076745
48806855791,248,10.076739
9974744513,232,10.076738
40025761577,246,10.076686
48813717217,248,10.076681
40028921489,246,10.076653
72608391721,252,10.076636
88549987921,254,10.076632
18097466039,238,10.076617
59544819671,250,10.076584
48828368107,248,10.076558
3699132383,222,10.076544
22074562459,240,10.076543
9979384391,232,10.076535
88574055181,254,10.076524
88577807083,254,10.076508
88580530861,254,10.076495
88598865307,254,10.076412
88605695071,254,10.076382
88609895587,254,10.076363
88610686501,254,10.076359
22086905107,240,10.076306
59586803147,250,10.076298
59589027383,250,10.076283
48861302041,248,10.076283
72684013861,252,10.076217
88646097973,254,10.076200
88650597853,254,10.076179
26944549609,242,10.076177
59605808441,250,10.076168
9988390793,232,10.076140
6715778449,228,10.076135
72710194741,252,10.076072
26957363551,242,10.075977
40095344669,246,10.075969
12186432101,234,10.075962
6718723189,228,10.075939
72737571701,252,10.075920
72741353081,252,10.075899
22108366529,240,10.075896
88716042661,254,10.075884
22109281613,240,10.075878
48914328409,248,10.075838
88726426597,254,10.075837
22115567027,240,10.075758
32895632177,244,10.075730
88753057747,254,10.075717
2043215903,216,10.075665
72794438191,252,10.075604
32906256113,244,10.075597
59700982013,250,10.075521
6725223721,228,10.075508
32917108463,244,10.075459
8203260193,230,10.075436
48962940919,248,10.075432
88817193307,254,10.075428
22133612737,240,10.075413
48968396227,248,10.075386
40155759443,246,10.075347
22140166033,240,10.075288
27005401849,242,10.075230
72876855119,252,10.075149
72879370979,252,10.075135
22148418821,240,10.075130
22148539073,240,10.075128
88908850087,254,10.075016
72903073063,252,10.075005
88913781643,254,10.074994
72905321189,252,10.074992
8211580591,230,10.074988
22161762059,240,10.074876
59801358767,250,10.074839
72950089279,252,10.074744
14905276987,236,10.074715
59820070319,250,10.074711
59826303497,250,10.074669
59837069687,250,10.074595
89006211001,254,10.074579
89007643687,254,10.074573
72985528081,252,10.074549
22178931821,240,10.074548
22180680581,240,10.074514
72994993691,252,10.074496
49078078981,248,10.074471
59857048607,250,10.074460
59858915771,250,10.074448
22185589429,240,10.074421
59871167831,250,10.074365
3716875289,222,10.074355
40255331777,246,10.074326
22190870993,240,10.074321
73031398343,252,10.074296
27065636659,242,10.074296
18196515287,238,10.074289
40260130567,246,10.074276
89074146043,254,10.074274
73037646541,252,10.074262
59887555619,250,10.074253
22194529243,240,10.074251
73042047409,252,10.074237
73045909423,252,10.074216
40269328577,246,10.074183
27073113013,242,10.074180
73064965373,252,10.074111
40276440493,246,10.074109
73067558789,252,10.074097
59913043277,250,10.074080
12239426893,234,10.074080
22205757923,240,10.074037
59921577239,250,10.074023
73084180439,252,10.074005
40287422887,246,10.073997
40292011073,246,10.073950
73107571601,252,10.073876
73119458801,252,10.073811
73122242339,252,10.073795
33049040033,244,10.073795
12248518301,234,10.073757
2051566529,216,10.073749
89205644413,254,10.073685
18222439481,238,10.073682
49174302871,248,10.073669
89224447651,254,10.073601
59984855123,250,10.073594
73160603363,252,10.073584
27112536883,242,10.073569
73169473301,252,10.073535
22233380723,240,10.073511
73181111483,252,10.073471
73189669939,252,10.073424
89264242801,254,10.073422
40344058543,246,10.073418
40344038633,246,10.073418
89268213781,254,10.073404
73193767183,252,10.073401
89269812337,254,10.073398
22239877421,240,10.073388
18235833767,238,10.073369
60022042079,250,10.073343
73210014403,252,10.073312
73220996873,252,10.073252
73231258351,252,10.073195
12264898813,234,10.073178
49236563839,248,10.073152
89333447263,254,10.073112
40378091693,246,10.073070
22260053747,240,10.073005
73273202129,252,10.072965
60081397511,250,10.072942
73278184351,252,10.072937
73281070069,252,10.072922
6764983591,228,10.072885
60090698861,250,10.072879
73290661781,252,10.072868
512021021,202,10.072865
73296005753,252,10.072840
40401075427,246,10.072835
60104478011,250,10.072786
27164735341,242,10.072763
40408126579,246,10.072762
73312075519,252,10.072751
73318888061,252,10.072714
40415320937,246,10.072689
60120951557,250,10.072675
49295488279,248,10.072662
73333564001,252,10.072633
60128749829,250,10.072622
18267957557,238,10.072618
1686172883,214,10.072614
73342489951,252,10.072584
18269697461,238,10.072577
12282587633,234,10.072554
73349744023,252,10.072544
33149539253,244,10.072533
18272080991,238,10.072522
73363598389,252,10.072469
89479527757,254,10.072460
49320681169,248,10.072453
73367404741,252,10.072448
73367351249,252,10.072448
73367491601,252,10.072447
14984351773,236,10.072439
60158655173,250,10.072420
60159994343,250,10.072412
18277900031,238,10.072387
49328835301,248,10.072385
27189263209,242,10.072385
89500041307,254,10.072369
33164004977,244,10.072351
33168523607,244,10.072294
89529545383,254,10.072237
73411905913,252,10.072204
49351273441,248,10.072199
73419287111,252,10.072163
60196929953,250,10.072162
27204441553,242,10.072150
89559778687,254,10.072102
73437884071,252,10.072061
3735632609,222,10.072055
22310217073,240,10.072053
73447293571,252,10.072009
15003462847,236,10.071892
73472181311,252,10.071873
15004309909,236,10.071867
73475760691,252,10.071854
18300900029,238,10.071851
73480701449,252,10.071826
73494377911,252,10.071752
89648845387,254,10.071705
73514063923,252,10.071644
22331798173,240,10.071644
40523202367,246,10.071590
73525012471,252,10.071584
8275568857,230,10.071564
27244249159,242,10.071538
60294235301,250,10.071507
60295248449,250,10.071500
73541477011,252,10.071493
2061498079,216,10.071480
40535640907,246,10.071464
40538935519,246,10.071430
22343217439,240,10.071428
73556947759,252,10.071409
89726417917,254,10.071360
2515379719,218,10.071289
89754305383,254,10.071236
49469569801,248,10.071220
22354389331,240,10.071217
22357665907,240,10.071155
33259918877,244,10.071151
73606525249,252,10.071137
49480269169,248,10.071132
73607782099,252,10.071131
27273043183,242,10.071095
33266113781,244,10.071074
2063340479,216,10.071061
89798657233,254,10.071038
73626604943,252,10.071028
60366786383,250,10.071019
49495901821,248,10.071002
73635492751,252,10.070979
4567023271,224,10.070979
73641352651,252,10.070948
22375109917,240,10.070826
40600864217,246,10.070801
60399219887,250,10.070801
33289339661,244,10.070784
89866946893,254,10.070735
40607567773,246,10.070732
49530810271,248,10.070714
73684381873,252,10.070712
40619107807,246,10.070616
18354202961,238,10.070611
60428517173,250,10.070604
60432230939,250,10.070580
22388986843,240,10.070563
6801295777,228,10.070503
60447036707,250,10.070480
40634204837,246,10.070462
27315631099,242,10.070441
49564007197,248,10.070440
89942859703,254,10.070397
22398902329,240,10.070376
73747488181,252,10.070368
60476269151,250,10.070284
40652261113,246,10.070279
40656243799,246,10.070238
934006751,208,10.070204
4575081937,224,10.070181
49600237387,248,10.070141
73793546369,252,10.070116
90007403461,254,10.070111
5581131503,226,10.070108
73796305801,252,10.070102
12354165991,234,10.070034
73813505221,252,10.070007
40679512157,246,10.070003
73825234661,252,10.069943
22424600993,240,10.069892
49632762937,248,10.069873
22425931849,240,10.069866
73844993041,252,10.069836
22428089603,240,10.069826
22429724489,240,10.069795
73863126269,252,10.069737
40707521923,246,10.069719
60561977939,250,10.069710
73871372741,252,10.069693
22436443019,240,10.069669
40716121247,246,10.069632
73883719939,252,10.069625
73889861321,252,10.069592
40721440183,246,10.069578
73895153081,252,10.069563
49671747397,248,10.069552
27375921541,242,10.069517
27377155693,242,10.069498
90155807383,254,10.069453
40735429103,246,10.069436
5589533039,226,10.069434
73921091731,252,10.069422
40737629707,246,10.069414
73923738191,252,10.069407
15090787483,236,10.069398
49696580917,248,10.069347
73938902291,252,10.069324
6819532921,228,10.069312
8318392321,230,10.069287
40758485773,246,10.069203
6821402129,228,10.069190
40760753197,246,10.069180
1392665611,212,10.069114
22467346303,240,10.069087
40770812087,246,10.069078
22470838913,240,10.069021
90268568197,254,10.068954
74031435259,252,10.068821
22484333933,240,10.068768
60704105123,250,10.068759
74051199239,252,10.068714
60715100777,250,10.068686
74061840043,252,10.068656
22491237991,240,10.068638
22492680713,240,10.068611
33467722157,244,10.068563
40823653729,246,10.068545
33470713901,244,10.068525
6831612341,228,10.068525
22508292479,240,10.068318
74131693003,252,10.068277
10170906233,232,10.068222
60785042567,250,10.068218
90437104903,254,10.068210
40858618243,246,10.068192
27463558459,242,10.068178
74153421379,252,10.068159
49845129937,248,10.068128
74168605613,252,10.068077
8341327339,230,10.068074
74190895873,252,10.067956
22529446691,240,10.067921
74200575199,252,10.067904
40887963679,246,10.067896
60834254531,250,10.067890
22533357001,240,10.067848
18475083929,238,10.067815
60848274563,250,10.067797
60848271359,250,10.067797
90531217027,254,10.067795
1144931399,210,10.067784
22538781541,240,10.067746
40905665357,246,10.067718
2078187653,216,10.067695
60875669219,250,10.067615
74266874119,252,10.067544
49920669391,248,10.067509
3093243467,220,10.067505
6847489339,228,10.067492
74281238351,252,10.067467
74290925959,252,10.067414
49939083811,248,10.067358
74303851663,252,10.067344
40943191109,246,10.067340
40943799917,246,10.067334
74310104459,252,10.067310
8356199623,230,10.067289
74315541199,252,10.067281
22563720593,240,10.067279
90650770543,254,10.067268
90655943011,254,10.067245
22567001027,240,10.067218
90662259307,254,10.067218
90666577273,254,10.067199
90677851087,254,10.067149
90679405027,254,10.067142
90681099331,254,10.067135
3776206571,222,10.067121
74345699891,252,10.067118
40965746519,246,10.067113
90692357797,254,10.067085
49973073019,248,10.067080
5619005669,226,10.067075
12439822891,234,10.067041
74360552171,252,10.067038
74366721389,252,10.067004
74370691463,252,10.066982
18511548131,238,10.066975
74375264233,252,10.066957
33601480301,244,10.066905
8364103843,230,10.066873
74399520841,252,10.066827
60995577131,250,10.066816
22590572581,240,10.066777
50018014909,248,10.066712
74427911189,252,10.066673
27570419179,242,10.066552
10211155943,232,10.066497
15195777409,236,10.066420
6864207569,228,10.066409
22610551501,240,10.066403
74479346311,252,10.066395
22612363303,240,10.066370
61066503287,250,10.066345
74489833489,252,10.066339
74493204173,252,10.066320
74503498799,252,10.066265
74510610991,252,10.066226
10217489453,232,10.066226
18544352069,238,10.066221
61086818297,250,10.066211
33658479677,244,10.066201
61089177491,250,10.066195
18547267841,238,10.066154
74530546759,252,10.066119
61108484387,250,10.066067
27602730751,242,10.066061
22628957033,240,10.066060
61111511453,250,10.066047
61113658469,250,10.066032
8380188247,230,10.066026
74552613613,252,10.066000
74552819563,252,10.065999
41076704489,246,10.065999
74553504799,252,10.065995
74554227893,252,10.065991
90943813957,254,10.065981
33681307301,244,10.065920
90966239041,254,10.065883
33685985873,244,10.065863
8383999993,230,10.065825
61146282773,250,10.065816
74590020473,252,10.065798
90986272801,254,10.065794
27620695633,242,10.065789
22643897623,240,10.065782
41100048503,246,10.065765
18566778311,238,10.065706
22647926069,240,10.065706
74616961079,252,10.065653
61173224423,250,10.065638
3105927689,220,10.065619
3105937199,220,10.065619
50155110871,248,10.065595
18571739609,238,10.065593
41130366989,246,10.065461
61216150967,250,10.065353
519777569,202,10.065319
74689825711,252,10.065261
91110655543,254,10.065249
50198070697,248,10.065245
41153255449,246,10.065232
50211638227,248,10.065134
18594508199,238,10.065071
6884984669,228,10.065066
74730375173,252,10.065042
74731514009,252,10.065036
50229295657,248,10.064990
50232540877,248,10.064964
50233856581,248,10.064954
22688577449,240,10.064949
3794467141,222,10.064919
74755488649,252,10.064907
6887570117,228,10.064899
74767409429,252,10.064843
74773708601,252,10.064809
27690124783,242,10.064738
74789194229,252,10.064726
74789926811,252,10.064722
91234360663,254,10.064709
91236253027,254,10.064700
91237655557,254,10.064694
91251521437,254,10.064633
22705735307,240,10.064631
61326268769,250,10.064626
74813255609,252,10.064597
33789066551,244,10.064593
61331877287,250,10.064589
91263288037,254,10.064582
91270134091,254,10.064552
50283667081,248,10.064548
33793049663,244,10.064545
91273773043,254,10.064536
74839085681,252,10.064458
3113917823,220,10.064436
74845017469,252,10.064426
74851706681,252,10.064390
15268112413,236,10.064382
12517715597,234,10.064339
10262155829,232,10.064322
3801030361,222,10.064130
91382298571,254,10.064062
74915536249,252,10.064048
41272443197,246,10.064041
22737704233,240,10.064036
22738292153,240,10.064026
61424660303,250,10.063975
8419893421,230,10.063944
61438391501,250,10.063886
74956756601,252,10.063827
18649439789,238,10.063816
61451686697,250,10.063798
6905892691,228,10.063719
33861428261,244,10.063705
74981883973,252,10.063692
22756989743,240,10.063679
61469979971,250,10.063677
22757642981,240,10.063666
33865718561,244,10.063653
91479828313,254,10.063637
61489203071,250,10.063550
41324334659,246,10.063524
41324391727,246,10.063523
91508701771,254,10.063511
61501067489,250,10.063472
41329783589,246,10.063470
91518183403,254,10.063470
41332644299,246,10.063441
2558303101,218,10.063422
75036154541,252,10.063401
41338139663,246,10.063387
41341197389,246,10.063356
75045270709,252,10.063353
75046739093,252,10.063344
61520789087,250,10.063342
75053138033,252,10.063310
33894850931,244,10.063296
50439186631,248,10.063288
75057943651,252,10.063284
22778443937,240,10.063281
18675078419,238,10.063231
22781205613,240,10.063230
75074627431,252,10.063195
75088603969,252,10.063120
12554124697,234,10.063082
41369253427,246,10.063077
91610744977,254,10.063066
12555091663,234,10.063048
41374425913,246,10.063025
91624452583,254,10.063007
33921586337,244,10.062969
41380854577,246,10.062962
3810887713,222,10.062949
12558276361,234,10.062938
33925312403,244,10.062923
75134189353,252,10.062877
75136103551,252,10.062866
91666862473,254,10.062822
61609612661,250,10.062757
75164556989,252,10.062714
75170282921,252,10.062683
41410949773,246,10.062662
8444483149,230,10.062660
75186541229,252,10.062596
22817030867,240,10.062567
61639261259,250,10.062563
61645549961,250,10.062522
75213624839,252,10.062451
50545671157,248,10.062427
6926028581,228,10.062426
75219579319,252,10.062420
15340921957,236,10.062340
61677957557,250,10.062309
12579259523,234,10.062216
75272974531,252,10.062135
75286111193,252,10.062065
1724178473,214,10.062057
91856276761,254,10.061999
50600626081,248,10.061983
61734447917,250,10.061938
18733801451,238,10.061895
50614669201,248,10.061870
50617243219,248,10.061849
75330256481,252,10.061830
61753777649,250,10.061811
91902433243,254,10.061799
61755746597,250,10.061798
75341532631,252,10.061769
950376431,208,10.061740
50631704857,248,10.061732
50637493339,248,10.061686
41511796867,246,10.061661
50642428387,248,10.061646
91946424541,254,10.061608
91947651997,254,10.061604
75375395471,252,10.061588
75375473603,252,10.061588
75387091151,252,10.061526
75394233799,252,10.061488
18755915951,238,10.061394
34050987317,244,10.061389
75413879141,252,10.061383
288568967,196,10.061373
50679452041,248,10.061347
41548723127,246,10.061296
75433752271,252,10.061277
75437991311,252,10.061255
75438416839,252,10.061253
4666345753,224,10.061247
22889127049,240,10.061236
92056471147,254,10.061132
61858660637,250,10.061124
41566159163,246,10.061123
92061754021,254,10.061110
75478470409,252,10.061040
34081806911,244,10.061013
22901637923,240,10.061006
92087586193,254,10.060997
75488689681,252,10.060986
75489154813,252,10.060983
12616759541,234,10.060928
15391545553,236,10.060926
75499778423,252,10.060926
34090435811,244,10.060908
12617413421,234,10.060905
92109307813,254,10.060904
75504894859,252,10.060899
22908482521,240,10.060880
22908664787,240,10.060876
92120529793,254,10.060855
61915664033,250,10.060751
75535020983,252,10.060739
61917738611,250,10.060738
41606329469,246,10.060725
61921097639,250,10.060716
18786035399,238,10.060711
92153969701,254,10.060710
75541520921,252,10.060704
3829718173,222,10.060701
92157006133,254,10.060697
12623545673,234,10.060696
1729214507,214,10.060678
75547577213,252,10.060672
6953876207,228,10.060644
75556709633,252,10.060623
61937596613,250,10.060608
50787710227,248,10.060476
61963696859,250,10.060437
18798899759,238,10.060420
92228340613,254,10.060389
61971102803,250,10.060389
50799797617,248,10.060379
18801185189,238,10.060369
12634220491,234,10.060329
781351507,206,10.060296
75622318721,252,10.060275
61988796293,250,10.060273
22941955847,240,10.060264
61991644199,250,10.060255
75628271723,252,10.060244
75651427211,252,10.060121
12641073761,234,10.060095
62021778191,250,10.060058
75663257269,252,10.060058
41675926399,246,10.060038
50845205839,248,10.060015
18816927281,238,10.060012
75672808609,252,10.060007
22958215087,240,10.059965
2112790019,216,10.059952
75683195573,252,10.059952
75683886331,252,10.059948
41688334357,246,10.059915
62047244471,250,10.059892
75707809081,252,10.059821
41698521367,246,10.059814
62059388639,250,10.059813
75712054081,252,10.059798
75723440981,252,10.059738
18830616677,238,10.059703
34190525807,244,10.059692
15435981739,236,10.059690
75733269163,252,10.059686
34191512087,244,10.059681
62081151563,250,10.059670
41714167127,246,10.059660
62095952873,250,10.059574
75765281561,252,10.059516
92430508591,254,10.059516
18839828639,238,10.059495
92435782717,254,10.059494
22987118711,240,10.059435
6973138789,228,10.059416
75797504729,252,10.059345
34220626127,244,10.059328
92484626251,254,10.059283
41752401329,246,10.059283
92493139441,254,10.059246
28056286399,242,10.059242
75818187199,252,10.059237
92497635091,254,10.059227
41762179619,246,10.059187
41768249539,246,10.059127
92529390397,254,10.059091
28068379939,242,10.059062
75852838151,252,10.059052
62193600863,250,10.058938
75884991961,252,10.058883
75886516813,252,10.058874
75887676379,252,10.058868
41795453303,246,10.058859
28082098411,242,10.058858
92587725091,254,10.058839
50993334439,248,10.058827
41799725263,246,10.058817
62215040597,250,10.058799
92599690741,254,10.058787
12680726857,234,10.058741
34270538111,244,10.058723
51008473207,248,10.058706
62233994351,250,10.058676
92627883937,254,10.058666
34275851297,244,10.058659
23030294731,240,10.058643
41820918079,246,10.058609
41820906983,246,10.058609
62246260451,250,10.058596
6986848997,228,10.058544
51029604499,248,10.058537
92665046647,254,10.058507
75958096289,252,10.058496
62262650129,250,10.058489
75965389343,252,10.058457
28109198431,242,10.058455
41838455669,246,10.058436
75971528881,252,10.058425
75971963183,252,10.058423
51046537261,248,10.058402
92696840563,254,10.058371
41849517863,246,10.058328
76018608509,252,10.058176
92742400651,254,10.058174
18898600697,238,10.058171
23057583343,240,10.058145
76024747103,252,10.058144
76027470473,252,10.058129
51083134237,248,10.058110
15494227993,236,10.058075
92769318067,254,10.058059
41878544167,246,10.058043
23064617003,240,10.058016
41882831293,246,10.058001
76058944879,252,10.057963
34333447397,244,10.057962
62345980379,250,10.057948
41896457399,246,10.057867
62362614857,250,10.057840
41900304323,246,10.057829
12707974033,234,10.057813
76090462801,252,10.057796
76092230923,252,10.057788
28158618463,242,10.057720
62382546137,250,10.057711
92869657963,254,10.057629
23086431799,240,10.057617
41921980733,246,10.057616
76126689091,252,10.057606
76136575661,252,10.057553
76137090901,252,10.057551
76141724003,252,10.057527
41932642513,246,10.057511
41932945819,246,10.057508
76159752329,252,10.057431
92919807517,254,10.057413
12722658367,234,10.057314
23103855701,240,10.057300
62450834351,250,10.057268
62453852159,250,10.057248
23108165533,240,10.057220
76201890763,252,10.057210
62462590049,250,10.057192
76205382511,252,10.057191
92986438291,254,10.057128
76221717359,252,10.057105
12728922463,234,10.057101
76239529441,252,10.057012
51221409691,248,10.057007
18950569241,238,10.057004
41985371287,246,10.056995
51233105191,248,10.056914
93036711907,254,10.056912
76258690961,252,10.056911
41996725439,246,10.056884
12736279331,234,10.056851
23133250967,240,10.056764
42012253757,246,10.056732
42018626717,246,10.056669
93103035511,254,10.056629
76313385041,252,10.056623
23141634337,240,10.056611
76318512169,252,10.056596
76320157531,252,10.056587
28236209641,242,10.056570
42029351843,246,10.056564
62559992699,250,10.056561
15549128989,236,10.056560
18971049611,238,10.056545
76328363123,252,10.056544
51282864757,248,10.056519
51285413857,248,10.056498
76337913433,252,10.056494
76350779969,252,10.056426
34464460643,244,10.056384
10450830389,232,10.056374
23156867627,240,10.056334
28253512471,242,10.056314
28256726539,242,10.056267
51321102841,248,10.056214
34481206127,244,10.056183
51325248769,248,10.056181
51331022737,248,10.056135
76408204853,252,10.056125
8571015247,230,10.056117
23169406693,240,10.056106
93234992353,254,10.056065
2130445139,216,10.056055
93238604077,254,10.056049
5759224943,226,10.056034
51351033001,248,10.055977
76439426449,252,10.055961
23177563349,240,10.055957
34500962981,244,10.055945
51355646809,248,10.055940
76443709163,252,10.055938
62659224281,250,10.055921
93275225587,254,10.055893
76467501983,252,10.055813
93309145411,254,10.055748
4723596091,224,10.055739
962189741,208,10.055731
76491382249,252,10.055688
93324411073,254,10.055683
19009774169,238,10.055678
62698719929,250,10.055665
76501704263,252,10.055634
76502968973,252,10.055627
93343864303,254,10.055600
62708979383,250,10.055599
15584115619,236,10.055596
62711247581,250,10.055585
62713730129,250,10.055569
93358560007,254,10.055537
62725112027,250,10.055495
1174565773,210,10.055466
19020835061,238,10.055431
28316981491,242,10.055376
76552772003,252,10.055366
42154533287,246,10.055342
76560426091,252,10.055326
76561988309,252,10.055318
23212957877,240,10.055314
62761119269,250,10.055264
8587931347,230,10.055250
23216704031,240,10.055246
28328021143,242,10.055213
10479518219,232,10.055179
62778929471,250,10.055148
76594464389,252,10.055147
76612089863,252,10.055055
23228934643,240,10.055024
76619135423,252,10.055018
93486251293,254,10.054994
62805385439,250,10.054978
51477360811,248,10.054975
76634766389,252,10.054936
3178964627,220,10.054927
12794261453,234,10.054889
93527126053,254,10.054820
23241713213,240,10.054792
356605157,198,10.054773
76667693983,252,10.054764
3879948389,222,10.054763
62838912779,250,10.054762
2136436663,216,10.054740
23244748937,240,10.054737
76682557223,252,10.054687
23249113289,240,10.054659
93567349867,254,10.054648
34609142417,244,10.054648
62863951979,250,10.054601
28371902173,242,10.054566
93604219393,254,10.054492
8602999903,230,10.054480
76728177511,252,10.054448
76729844579,252,10.054439
28382697289,242,10.054408
62897425823,250,10.054386
93630751051,254,10.054379
76741740073,252,10.054377
76743587563,252,10.054367
28386039739,242,10.054358
28387371403,242,10.054339
76754182499,252,10.054312
790948009,206,10.054302
62913448811,250,10.054283
3884641721,222,10.054213
76773605723,252,10.054211
76774808801,252,10.054204
19076497409,238,10.054190
51577689739,248,10.054181
1177740869,210,10.054166
76784327449,252,10.054154
23278007723,240,10.054135
10505034923,232,10.054119
76797777103,252,10.054084
76800557531,252,10.054070
93706695613,254,10.054056
76812630101,252,10.054007
51605184427,248,10.053964
93738072667,254,10.053923
5786891879,226,10.053890
23293393073,240,10.053857
28421863429,242,10.053832
10513118501,232,10.053783
93774098053,254,10.053770
76870970809,252,10.053701
76872288653,252,10.053695
93793401391,254,10.053688
2141290399,216,10.053679
42328914739,246,10.053645
42329196997,246,10.053643
63013224569,250,10.053642
12835363183,234,10.053503
23313428321,240,10.053494
63038202203,250,10.053482
23316075623,240,10.053447
34710896747,244,10.053432
42352960943,246,10.053412
76928884223,252,10.053400
93862208857,254,10.053396
63054594623,250,10.053377
42357731797,246,10.053366
63057838211,250,10.053356
42358878277,246,10.053355
76941131083,252,10.053336
76941427153,252,10.053334
93896113897,254,10.053252
436403059,200,10.053244
76964416553,252,10.053215
42378772483,246,10.053162
76974800509,252,10.053161
76982364523,252,10.053122
76994686663,252,10.053057
42390776017,246,10.053045
3192050801,220,10.053040
7074654721,228,10.053005
23340670189,240,10.053003
28482890971,242,10.052936
7077587051,228,10.052822
5800728293,226,10.052822
23350843213,240,10.052819
28492058743,242,10.052802
15686138623,236,10.052801
42417992143,246,10.052782
51755251297,248,10.052780
34768890053,244,10.052740
77057083759,252,10.052732
10538691431,232,10.052725
8638657171,230,10.052662
42432190253,246,10.052645
77074121143,252,10.052644
3898229383,222,10.052623
8639706973,230,10.052608
42437588069,246,10.052592
23366395211,240,10.052539
12865248173,234,10.052498
15697798087,236,10.052484
63196606607,250,10.052467
77114525219,252,10.052433
94091213143,254,10.052426
7083926719,228,10.052425
63204185741,250,10.052419
42456525157,246,10.052409
23374251367,240,10.052398
34801527443,244,10.052352
77134254623,252,10.052331
42469326659,246,10.052285
23380486267,240,10.052285
34814454767,244,10.052197
77160508981,252,10.052195
19166636561,238,10.052188
63249294191,250,10.052131
42486406073,246,10.052120
34824609263,244,10.052077
77192093023,252,10.052030
19174357049,238,10.052017
3199409063,220,10.051982
63275277323,250,10.051965
34835027501,244,10.051953
34838342633,244,10.051914
42509086163,246,10.051901
8654443177,230,10.051860
63293370359,250,10.051848
77229741209,252,10.051834
4765120537,224,10.051790
63305406347,250,10.051772
77264058943,252,10.051657
63324029471,250,10.051653
42534798359,246,10.051652
12890594443,234,10.051648
28571728699,242,10.051636
42539600639,246,10.051606
19194950477,238,10.051561
7098260219,228,10.051529
12894214937,234,10.051527
63350887781,250,10.051482
51925104229,248,10.051445
63358433357,250,10.051434
77313484069,252,10.051400
15738308389,236,10.051380
23431381999,240,10.051370
23432691343,240,10.051347
15739669903,236,10.051343
94351860931,254,10.051327
28594231009,242,10.051307
77332073971,252,10.051304
10573580603,232,10.051286
42575934799,246,10.051255
7102688057,228,10.051253
7103310677,228,10.051214
94382786671,254,10.051196
77353560413,252,10.051192
63397023539,250,10.051188
77354530559,252,10.051188
77359839503,252,10.051160
77366328023,252,10.051126
15747936067,236,10.051118
23449946371,240,10.051037
42601920077,246,10.051004
42602247097,246,10.051002
42603825883,246,10.050986
77395873813,252,10.050973
77398187311,252,10.050961
42608024203,246,10.050946
1185664267,210,10.050940
77416676761,252,10.050865
77417189033,252,10.050862
77450318423,252,10.050692
23471098507,240,10.050657
10590150743,232,10.050604
77467181921,252,10.050604
28644119401,242,10.050579
28645480453,242,10.050559
77484970609,252,10.050512
52045891567,248,10.050499
94558476757,254,10.050456
77508164969,252,10.050392
77528865203,252,10.050285
12931423273,234,10.050283
77529405449,252,10.050282
15780238753,236,10.050241
63550139621,250,10.050213
94619837941,254,10.050199
63556049861,250,10.050176
77557414723,252,10.050138
77564166619,252,10.050102
94647930217,254,10.050080
63573762701,250,10.050063
77576808919,252,10.050037
77586173549,252,10.049989
77594986169,252,10.049943
5838204737,226,10.049943
52118219221,248,10.049933
19269845741,238,10.049909
77610349891,252,10.049864
77624187653,252,10.049792
63618747077,250,10.049777
19277968469,238,10.049729
42735392377,246,10.049720
12948855973,234,10.049702
77642679343,252,10.049697
10612906229,232,10.049669
8698624993,230,10.049623
12951242077,234,10.049623
77676327481,252,10.049523
63660571943,250,10.049512
77680488799,252,10.049501
94798176817,254,10.049450
19291388747,238,10.049435
8703076981,230,10.049398
63681167903,250,10.049380
77707196353,252,10.049364
7133399419,228,10.049341
77713045093,252,10.049334
77714236079,252,10.049328
23545389983,240,10.049327
77717874181,252,10.049309
35058927461,244,10.049301
94851519817,254,10.049226
77744440639,252,10.049172
42794957917,246,10.049149
23556125113,240,10.049135
35073628571,244,10.049128
94878261937,254,10.049114
94880568121,254,10.049104
63731867153,250,10.049059
63734587769,250,10.049042
19312978379,238,10.048960
94939914241,254,10.048856
2163609527,216,10.048828
63770209007,250,10.048817
7142307541,228,10.048789
94959755647,254,10.048773
52274092369,248,10.048717
52274901037,248,10.048711
77835026119,252,10.048705
42841505929,246,10.048702
12979086863,234,10.048696
35111035913,244,10.048686
94983464581,254,10.048674
77845139849,252,10.048654
15839212897,236,10.048645
23583885167,240,10.048640
52295200561,248,10.048553
15843601069,236,10.048526
95022063007,254,10.048512
23591649709,240,10.048501
63821660723,250,10.048491
63822558911,250,10.048485
23593030829,240,10.048477
42865214647,246,10.048475
12988095577,234,10.048396
63841415513,250,10.048366
63842105861,250,10.048361
42877170157,246,10.048361
12989933731,234,10.048335
77915430511,252,10.048291
63858170939,250,10.048260
77923362929,252,10.048251
77926340969,252,10.048236
12994577327,234,10.048181
42898641839,246,10.048155
77942189153,252,10.048154
77943837563,252,10.048145
95111721241,254,10.048137
77951759099,252,10.048105
7154085247,228,10.048059
77961277073,252,10.048056
77962335041,252,10.048051
95137684717,254,10.048028
63900726353,250,10.047991
95148807751,254,10.047982
77977714369,252,10.047972
63907114259,250,10.047950
52374035419,248,10.047939
42923314549,246,10.047919
19360535309,238,10.047916
5865028823,226,10.047895
77997053803,252,10.047873
78006816703,252,10.047822
42935146607,246,10.047806
5866774877,226,10.047762
23633183647,240,10.047761
42941620783,246,10.047744
10660825991,232,10.047709
63946400267,250,10.047702
42952964389,246,10.047636
78045371923,252,10.047624
28849104961,242,10.047604
63966354629,250,10.047576
19376869559,238,10.047559
95256933721,254,10.047530
13016143571,234,10.047465
95274960883,254,10.047455
63998340827,250,10.047374
42980474567,246,10.047373
78094715609,252,10.047371
52447508461,248,10.047369
42982859713,246,10.047350
78103490939,252,10.047326
42994760227,246,10.047236
28874918143,242,10.047231
52466987059,248,10.047218
95332006537,254,10.047217
52470720751,248,10.047189
5874654257,226,10.047163
52476607999,248,10.047143
43006502039,246,10.047125
52479692371,248,10.047119
78151709819,252,10.047079
78152932433,252,10.047072
13028429693,234,10.047058
19399863407,238,10.047056
78158411311,252,10.047045
23680336217,240,10.046923
52507534069,248,10.046904
4817602687,224,10.046851
43035182833,246,10.046851
64081412693,250,10.046850
64085410253,250,10.046825
23688459737,240,10.046779
43043042083,246,10.046776
64106266391,250,10.046694
78227514241,252,10.046690
95468848507,254,10.046647
35285227451,244,10.046638
64121756723,250,10.046597
78250131611,252,10.046575
78260277119,252,10.046522
64134486509,250,10.046516
23703403069,240,10.046514
95501033437,254,10.046514
43071527677,246,10.046505
658583473,204,10.046489
23706110803,240,10.046466
35301669233,244,10.046446
52568242141,248,10.046433
95525813701,254,10.046411
78290769169,252,10.046367
95544447877,254,10.046332
4823249947,224,10.046324
78302709799,252,10.046306
43092781843,246,10.046302
35316870257,244,10.046268
52590572101,248,10.046260
64175937389,250,10.046255
78316488473,252,10.046235
78326290241,252,10.046185
5887664117,226,10.046175
13057368193,234,10.046102
78343931023,252,10.046095
64202833523,250,10.046086
78346850011,252,10.046080
78348441713,252,10.046072
134066017,188,10.046040
23734591313,240,10.045960
43133389157,246,10.045916
23737172791,240,10.045915
95652474943,254,10.045884
35354526293,244,10.045827
23742300697,240,10.045824
95672339143,254,10.045801
43146105169,246,10.045794
43146512173,246,10.045791
35365769597,244,10.045695
35365997411,244,10.045692
35366526347,244,10.045687
78424145819,252,10.045685
52665707767,248,10.045679
64274240039,250,10.045637
95712911797,254,10.045633
35372042021,244,10.045622
35372146301,244,10.045621
4830862693,224,10.045613
78449927623,252,10.045553
64288448753,250,10.045548
78460643533,252,10.045499
52689915781,248,10.045492
95748375181,254,10.045485
43178785297,246,10.045485
95748927097,254,10.045484
95755045483,254,10.045458
2659522819,218,10.045429
23764772221,240,10.045426
52700589691,248,10.045410
52700647579,248,10.045409
78478920301,252,10.045405
64312315679,250,10.045399
78487819819,252,10.045360
78488561521,252,10.045356
19479453551,238,10.045320
43196370839,246,10.045318
78502108121,252,10.045287
95805135793,254,10.045250
15966436333,236,10.045223
78516644851,252,10.045213
64342146959,250,10.045211
78522800441,252,10.045181
29017195693,242,10.045180
64353612437,250,10.045139
7201702369,228,10.045122
78539276723,252,10.045097
64365582431,250,10.045064
1464707149,212,10.045051
78568908949,252,10.044947
19497984761,238,10.044916
78576187453,252,10.044909
95889680431,254,10.044900
95891685133,254,10.044891
95896461751,254,10.044871
78584739481,252,10.044866
95899244803,254,10.044860
64414270241,250,10.044759
78608494763,252,10.044744
19506217739,238,10.044738
78617114879,252,10.044701
35451231083,244,10.044698
13100199851,234,10.044689
78622411891,252,10.044674
64430700797,250,10.044656
95949417547,254,10.044652
10736015429,232,10.044651
64437406331,250,10.044614
78635517551,252,10.044607
43272145843,246,10.044599
43272275399,246,10.044598
23811949267,240,10.044593
78639309421,252,10.044588
78639760393,252,10.044585
78671340361,252,10.044425
29070282991,242,10.044418
35476397381,244,10.044404
35476396937,244,10.044404
64471948757,250,10.044397
43294276087,246,10.044389
64475199851,250,10.044377
64483886699,250,10.044323
23827230061,240,10.044323
43303944289,246,10.044297
52845513151,248,10.044292
23830261183,240,10.044270
78706028183,252,10.044249
96054545761,254,10.044217
78720144463,252,10.044176
23836582579,240,10.044158
23837162737,240,10.044147
43321859027,246,10.044127
78733106453,252,10.044110
52871114407,248,10.044096
78744387431,252,10.044053
19538198717,238,10.044043
52878199681,248,10.044041
8811126817,230,10.043983
29101649671,242,10.043969
52895348959,248,10.043909
78779763191,252,10.043874
19546940837,238,10.043854
78786319211,252,10.043840
78786791969,252,10.043838
96148221067,254,10.043830
78792353173,252,10.043810
78800892749,252,10.043766
43360927109,246,10.043757
78805852841,252,10.043741
96172243093,254,10.043731
7224518531,228,10.043722
96176152411,254,10.043715
96178928941,254,10.043703
64584655841,250,10.043693
96188822287,254,10.043663
64596329687,250,10.043620
43377109999,246,10.043605
52937451439,248,10.043586
64605962873,250,10.043560
43385178923,246,10.043529
96225771667,254,10.043510
43388348233,246,10.043499
19564828421,238,10.043466
35557638653,244,10.043458
13138891331,234,10.043417
23878842217,240,10.043413
96249877837,254,10.043410
7230132191,228,10.043379
78880605763,252,10.043362
23882680099,240,10.043345
19570369517,238,10.043345
43406007067,246,10.043332
16037672797,236,10.043320
78890393819,252,10.043312
43409851013,246,10.043296
3979531079,222,10.043236
78906701669,252,10.043229
78906836003,252,10.043228
43423795343,246,10.043164
78925170869,252,10.043136
53002077769,248,10.043089
96350217367,254,10.042996
23904466387,240,10.042962
78962719873,252,10.042945
96365268151,254,10.042934
23907900463,240,10.042902
78971434799,252,10.042901
64717346513,250,10.042865
78985410733,252,10.042830
35611818587,244,10.042829
53048082649,248,10.042736
23917368401,240,10.042736
43469694907,246,10.042730
53051501089,248,10.042710
64744245479,250,10.042697
96427514713,254,10.042679
13164239453,234,10.042586
43489954043,246,10.042540
96464527741,254,10.042526
23930863081,240,10.042499
79050850181,252,10.042499
53083631659,248,10.042464
64783757543,250,10.042451
96488188543,254,10.042429
96503537623,254,10.042365
96505247893,254,10.042358
96505195543,254,10.042358
16075408729,236,10.042315
96519181807,254,10.042301
43516049989,246,10.042294
79096312571,252,10.042269
7248569051,228,10.042253
96540321841,254,10.042214
64830233387,250,10.042162
64830793397,250,10.042158
79122872083,252,10.042134
53128212271,248,10.042123
64837805603,250,10.042115
35674987091,244,10.042096
35676633983,244,10.042077
79141323343,252,10.042041
43544550277,246,10.042026
43546339997,246,10.042008
64861369091,250,10.041968
79157176243,252,10.041961
23963130463,240,10.041932
96611609443,254,10.041922
43556259199,246,10.041915
23964485929,240,10.041908
8853374941,230,10.041885
43561696043,246,10.041864
23967453371,240,10.041857
79179988961,252,10.041845
79187290729,252,10.041808
79202854691,252,10.041730
23976536819,240,10.041698
5947550669,226,10.041657
990558209,208,10.041625
96693857317,254,10.041583
43596071173,246,10.041540
79245843029,252,10.041512
29274050053,242,10.041508
43600419767,246,10.041500
7261411711,228,10.041470
64943342801,250,10.041459
23990500679,240,10.041453
64945717649,250,10.041444
23992174727,240,10.041424
13201196383,234,10.041379
7263122051,228,10.041366
5951498183,226,10.041361
79287543833,252,10.041302
79294294559,252,10.041268
64975860401,250,10.041257
43628987657,246,10.041231
24005869579,240,10.041183
96794823451,254,10.041169
43636199969,246,10.041163
43637881607,246,10.041147
79323019981,252,10.041123
19674053837,238,10.041107
35762682443,244,10.041081
79334423911,252,10.041065
13211895397,234,10.041029
24014985809,240,10.041024
65014179611,250,10.041019
43652288153,246,10.041013
53283302041,248,10.040937
96854790103,254,10.040923
96855936997,254,10.040918
79365715529,252,10.040908
545830001,202,10.040851
19686248051,238,10.040844
79391989739,252,10.040775
1211013031,210,10.040773
24029405033,240,10.040772
43681928183,246,10.040734
43683433147,246,10.040720
24035032579,240,10.040674
96917184451,254,10.040668
29340871111,242,10.040558
79444958993,252,10.040508
24046664099,240,10.040470
3280798061,220,10.040458
79462068269,252,10.040422
96978640567,254,10.040416
43716721457,246,10.040408
35821921097,244,10.040398
13231393477,234,10.040394
79470713293,252,10.040379
43719833737,246,10.040379
43722021587,246,10.040359
24053515357,240,10.040351
65122002359,250,10.040351
7279869211,228,10.040347
96996312727,254,10.040343
79478431301,252,10.040340
16150003537,236,10.040338
97001779741,254,10.040321
35828614223,244,10.040320
35828789153,244,10.040318
65130176393,250,10.040300
43731217213,246,10.040272
35833167707,244,10.040268
65146522913,250,10.040199
7282499027,228,10.040187
79510195909,252,10.040180
65150289359,250,10.040175
8888605777,230,10.040145
993642821,208,10.040118
53394186817,248,10.040092
79528570951,252,10.040088
79528706869,252,10.040087
19721856017,238,10.040079
35849676077,244,10.040078
24069303653,240,10.040075
13241638057,234,10.040061
13242896111,234,10.040020
13243248481,234,10.040009
16163794789,236,10.039973
13244439371,234,10.039969
53411662039,248,10.039960
65188553219,250,10.039939
29385278869,242,10.039927
8893548133,230,10.039901
35866245293,244,10.039887
79569352691,252,10.039883
53423932339,248,10.039866
24082329877,240,10.039848
35871291347,244,10.039829
53428977727,248,10.039827
65207147729,250,10.039824
79587470191,252,10.039792
29395043989,242,10.039789
97138781527,254,10.039762
65218572359,250,10.039753
16172375047,236,10.039746
79607016383,252,10.039694
53446816639,248,10.039692
35886159467,244,10.039658
43800443173,246,10.039624
79622647211,252,10.039615
53460460549,248,10.039588
79633359851,252,10.039561
19746534389,238,10.039549
53465614249,248,10.039549
79641061079,252,10.039522
43814023277,246,10.039497
97203267757,254,10.039497
16181911117,236,10.039495
19750640717,238,10.039461
35904706043,244,10.039444
43823383189,246,10.039410
35909011091,244,10.039394
97233792193,254,10.039373
97238461543,254,10.039354
43829470459,246,10.039352
79682452723,252,10.039314
4899181981,224,10.039290
65295299063,250,10.039279
79691523349,252,10.039269
53503805401,248,10.039259
10870681259,232,10.039233
2695393579,218,10.039231
43842601483,246,10.039229
65308758353,250,10.039196
43852419739,246,10.039138
43853643817,246,10.039126
79720539863,252,10.039124
97307698381,254,10.039072
79732980329,252,10.039061
79739906999,252,10.039026
97323340393,254,10.039008
43867598227,246,10.038997
24132434947,240,10.038975
79761857891,252,10.038917
97362576361,254,10.038848
53562325417,248,10.038815
19781332247,238,10.038803
43891485943,246,10.038774
65388143537,250,10.038707
5987354999,226,10.038682
24151414831,240,10.038645
29476755709,242,10.038633
35975793443,244,10.038628
24156227773,240,10.038562
43923007459,246,10.038479
79856535019,252,10.038442
65433338153,250,10.038428
79859357509,252,10.038427
97466591767,254,10.038424
65434373567,250,10.038422
24164552591,240,10.038417
79862033731,252,10.038414
10891469201,232,10.038404
35997727673,244,10.038376
65443097777,250,10.038368
79871680123,252,10.038366
36001446311,244,10.038333
24169449307,240,10.038332
29499743233,242,10.038308
16226957839,236,10.038307
16227364633,236,10.038297
79901402351,252,10.038218
43951671887,246,10.038212
36012571247,244,10.038205
79905049331,252,10.038199
53647655857,248,10.038168
43957685477,246,10.038156
79919690789,252,10.038126
8929853011,230,10.038116
65484925841,250,10.038111
79923812483,252,10.038105
29514519301,242,10.038100
97547726377,254,10.038095
43967755267,246,10.038062
79932983021,252,10.038059
36026819627,244,10.038042
79937418199,252,10.038037
7318090937,228,10.038033
43974013073,246,10.038004
97572372181,254,10.037994
79946983499,252,10.037990
24189409423,240,10.037985
79949046311,252,10.037979
24197524303,240,10.037845
79977454741,252,10.037837
29534362969,242,10.037820
44003425409,246,10.037730
6000359609,226,10.037715
80008467173,252,10.037682
65561829881,250,10.037638
97670880031,254,10.037594
80033187203,252,10.037559
80034962713,252,10.037549
80038457371,252,10.037532
53735587039,248,10.037502
97702905787,254,10.037464
24220319593,240,10.037449
1219524067,210,10.037413
202951121,192,10.037392
65602111229,250,10.037390
80067947521,252,10.037385
80078253889,252,10.037333
4031792719,222,10.037312
53762135569,248,10.037302
24229874309,240,10.037283
29573547313,242,10.037268
53770709719,248,10.037237
4922078701,224,10.037193
29580163021,242,10.037175
24236361463,240,10.037171
44066000113,246,10.037148
97784674573,254,10.037132
97789856497,254,10.037111
24240980147,240,10.037091
44075726789,246,10.037058
53795631979,248,10.037048
97811323663,254,10.037024
80140674881,252,10.037022
80160426809,252,10.036923
80161878593,252,10.036916
36127377197,244,10.036891
29607197731,242,10.036795
19877277809,238,10.036756
44110109269,246,10.036738
80202995783,252,10.036711
13346283647,234,10.036671
80212305361,252,10.036665
7342525349,228,10.036559
13350585113,234,10.036532
80240848421,252,10.036522
4038818813,222,10.036521
97937163967,254,10.036514
65757434849,250,10.036437
97958510851,254,10.036427
24279373999,240,10.036427
65760833471,250,10.036416
369706811,198,10.036385
97972477567,254,10.036371
53885597851,248,10.036370
80272816891,252,10.036364
80278588639,252,10.036334
24286190143,240,10.036309
98009456371,254,10.036222
80304769553,252,10.036204
16307392567,236,10.036197
24297492929,240,10.036114
98046405817,254,10.036072
80331771731,252,10.036070
65833639967,250,10.035970
44194802929,246,10.035953
80361962393,252,10.035919
80362170901,252,10.035918
44198838487,246,10.035915
13371063187,234,10.035872
80377995031,252,10.035840
53957842297,248,10.035826
80385025559,252,10.035805
44211453677,246,10.035798
24318025357,240,10.035759
80396283421,252,10.035748
1823076383,214,10.035739
80400112501,252,10.035729
19925926859,238,10.035721
80402811319,252,10.035716
36233857853,244,10.035676
36236099951,244,10.035650
8980303693,230,10.035648
98154977983,254,10.035633
98160930211,254,10.035609
13379356883,234,10.035605
53989171657,248,10.035590
36242504183,244,10.035578
65898272771,250,10.035575
65898331517,250,10.035575
2716825801,218,10.035571
19938119627,238,10.035461
19939358051,238,10.035436
10966808639,232,10.035410
24338310193,240,10.035409
65925537791,250,10.035408
98213523157,254,10.035397
80470915493,252,10.035378
65935640711,250,10.035347
44265672817,246,10.035296
65948836361,250,10.035266
80495753461,252,10.035254
65951151377,250,10.035252
44272709927,246,10.035232
98256628411,254,10.035223
65957494439,250,10.035213
36282370997,244,10.035124
29731538761,242,10.035050
54061691881,248,10.035045
54067914931,248,10.034998
6037210007,226,10.034986
80554415759,252,10.034964
44305142759,246,10.034932
80560730543,252,10.034932
24366979271,240,10.034915
66008473733,250,10.034902
98336343241,254,10.034901
44312011609,246,10.034868
80576762939,252,10.034853
13403070881,234,10.034843
98358836413,254,10.034810
44322321997,246,10.034773
66035592449,250,10.034737
36317192297,244,10.034728
80602892263,252,10.034723
44328492049,246,10.034717
80612533501,252,10.034676
44332914733,246,10.034676
24382716209,240,10.034644
98407251751,254,10.034616
80624864609,252,10.034615
54118997659,248,10.034615
24384497101,240,10.034614
2230693099,216,10.034574
44344139759,246,10.034572
66064118543,250,10.034562
66067602077,250,10.034541
98429129917,254,10.034527
44349709163,246,10.034520
80644985483,252,10.034514
24391104151,240,10.034500
80649195883,252,10.034493
98441310943,254,10.034478
80654670713,252,10.034467
24393620507,240,10.034457
24394573813,240,10.034440
80678230499,252,10.034349
13419248611,234,10.034325
3325143191,220,10.034308
24402366733,240,10.034307
54166609267,248,10.034258
66116569229,250,10.034243
36363293237,244,10.034204
24412439663,240,10.034133
66144269963,250,10.034074
7384100209,228,10.034065
98545378837,254,10.034060
36377358203,244,10.034045
66151801841,250,10.034028
80743460011,252,10.034027
80744617181,252,10.034021
80753449703,252,10.033978
80765647121,252,10.033917
9016122523,230,10.033906
98586243781,254,10.033895
80773829299,252,10.033876
13433925457,234,10.033854
24429321461,240,10.033843
24430443281,240,10.033824
29819472583,242,10.033822
66190003631,250,10.033795
66191579747,250,10.033786
80793874339,252,10.033777
11008163603,232,10.033776
98618695057,254,10.033765
44431647119,246,10.033765
7389597301,228,10.033736
66204814307,250,10.033706
80811065141,252,10.033692
3329650211,220,10.033689
80812933879,252,10.033684
24438665137,240,10.033683
36410297801,244,10.033671
80815531523,252,10.033670
13439748947,234,10.033668
66213714893,250,10.033651
44447525399,246,10.033619
80826724753,252,10.033615
98656153693,254,10.033614
98662224247,254,10.033589
66224700257,250,10.033585
20027004077,238,10.033580
44453788969,246,10.033561
80839224281,252,10.033553
29838906943,242,10.033550
98678371321,254,10.033525
16414201477,236,10.033411
36435468743,244,10.033386
54283421359,248,10.033383
24456293131,240,10.033381
98714437147,254,10.033380
66259444883,250,10.033374
98724086653,254,10.033341
98727937657,254,10.033326
3332422493,220,10.033308
24460872791,240,10.033302
44482008833,246,10.033301
54298159717,248,10.033273
44486759617,246,10.033257
9029497639,230,10.033257
98747352883,254,10.033248
98747610757,254,10.033247
54302772817,248,10.033238
98750105161,254,10.033237
98751373873,254,10.033232
44495577923,246,10.033176
20047248491,238,10.033153
98773281787,254,10.033144
54318951301,248,10.033118
20049152237,238,10.033113
66304576277,250,10.033099
80937740263,252,10.033067
44510668577,246,10.033038
29881082059,242,10.032963
80961110513,252,10.032951
13462628857,234,10.032936
13463326091,234,10.032913
44529438379,246,10.032866
29888311351,242,10.032863
44534398919,246,10.032820
66355421339,250,10.032790
16438740793,236,10.032774
3336564467,220,10.032740
44544733537,246,10.032724
3336688997,220,10.032722
36494852747,244,10.032715
7406822099,228,10.032709
36497131721,244,10.032689
81030499339,252,10.032609
54388084357,248,10.032601
81034782401,252,10.032588
44565811903,246,10.032531
29912451253,242,10.032527
44568088597,246,10.032510
16449095389,236,10.032505
13476297017,234,10.032499
1009436159,208,10.032481
44571611137,246,10.032478
44572237399,246,10.032473
24510656717,240,10.032449
98950738177,254,10.032433
98951024593,254,10.032432
24511773661,240,10.032430
66419554151,250,10.032402
81074550563,252,10.032393
44591542907,246,10.032295
81095310349,252,10.032290
66438922763,250,10.032285
44592972253,246,10.032282
3340080533,220,10.032258
44599713233,246,10.032220
9051097183,230,10.032211
81126833119,252,10.032135
29944762273,242,10.032078
81141298151,252,10.032063
81144202033,252,10.032049
99053915581,254,10.032020
81154092911,252,10.032001
81159102449,252,10.031976
99068608231,254,10.031960
13493226203,234,10.031960
24539910119,240,10.031949
99080260927,254,10.031914
81174367921,252,10.031901
81174813943,252,10.031898
99085113013,254,10.031895
44638286377,246,10.031866
81192956839,252,10.031810
81194051941,252,10.031804
99110144083,254,10.031795
7422266281,228,10.031789
99114877867,254,10.031775
99115748287,254,10.031773
44654822239,246,10.031714
13501012897,234,10.031712
4982514781,224,10.031707
66534985901,250,10.031703
24554749451,240,10.031695
44661495287,246,10.031653
9062680723,230,10.031651
20119431509,238,10.031632
66549978623,250,10.031612
81233071811,252,10.031612
54526026679,248,10.031573
81244122283,252,10.031558
11065065779,232,10.031539
81252349853,252,10.031517
81253318919,252,10.031512
81257809043,252,10.031490
44681035013,246,10.031475
36606458201,244,10.031455
54544303969,248,10.031438
24572358709,240,10.031395
9068158117,230,10.031387
44690621719,246,10.031387
54554150251,248,10.031364
99220801993,254,10.031352
20132884271,238,10.031350
99232997917,254,10.031303
44705542859,246,10.031250
99250866457,254,10.031233
24583754081,240,10.031200
99259194241,254,10.031199
54579852931,248,10.031173
99265842283,254,10.031173
30010680103,242,10.031163
13519075211,234,10.031137
81331111559,252,10.031131
24589891477,240,10.031096
99285352471,254,10.031095
44724378493,246,10.031078
99294658117,254,10.031057
30022454731,242,10.031000
24598008289,240,10.030957
66678276659,250,10.030837
66680310197,250,10.030825
81406008311,252,10.030763
4652507,154,10.030689
66702867521,250,10.030688
20168385857,238,10.030605
81439328771,252,10.030600
44777164837,246,10.030596
36683328491,244,10.030590
44778390359,246,10.030584
81445850489,252,10.030568
36686434331,244,10.030555
99421692703,254,10.030551
36692813543,244,10.030483
24630617651,240,10.030402
24630692153,240,10.030401
66752809757,250,10.030387
13543006483,234,10.030375
36704782151,244,10.030349
81492889459,252,10.030337
24636077623,240,10.030309
99486215233,254,10.030294
1237770559,210,10.030293
44810445349,246,10.030292
54703468621,248,10.030255
99498715363,254,10.030245
36714432497,244,10.030240
1014150701,208,10.030227
81519571633,252,10.030207
44819772559,246,10.030207
81521471861,252,10.030197
66793578197,250,10.030142
99528845041,254,10.030125
5000235973,224,10.030112
99556128487,254,10.030016
30093941089,242,10.030011
81559653221,252,10.030010
36737272757,244,10.029984
66821444759,250,10.029974
99571982221,254,10.029953
81572483711,252,10.029947
9098570317,230,10.029922
99581121811,254,10.029917
81590743771,252,10.029858
24663163409,240,10.029849
44860126369,246,10.029839
99602197063,254,10.029833
2253548047,216,10.029824
81604069769,252,10.029793
81625482041,252,10.029688
44881449973,246,10.029644
81637157621,252,10.029631
54788990017,248,10.029622
81654761173,252,10.029545
13569272107,234,10.029543
13569367417,234,10.029540
66894336557,250,10.029535
66895603163,250,10.029528
6111813083,226,10.029516
16566729637,236,10.029467
66910689119,250,10.029436
81689680333,252,10.029374
81692169191,252,10.029362
99735006367,254,10.029305
20232076877,238,10.029272
81710785259,252,10.029271
44924430767,246,10.029253
99749785453,254,10.029246
2256360367,216,10.029243
99752724427,254,10.029235
81729274709,252,10.029181
7466612561,228,10.029160
24707168533,240,10.029101
66968136371,250,10.029091
13584807007,234,10.029051
4106656849,222,10.028969
81781746073,252,10.028925
81787533601,252,10.028896
99841893511,254,10.028881
81793779919,252,10.028866
16590334393,236,10.028860
81802078321,252,10.028826
99860487823,254,10.028808
81807644141,252,10.028798
20255391269,238,10.028786
67020796109,250,10.028775
81819670741,252,10.028740
81826436509,252,10.028707
44984856557,246,10.028704
67037406509,250,10.028675
99900786241,254,10.028647
1516264891,212,10.028612
99912775681,254,10.028600
54927972577,248,10.028594
20265324731,238,10.028579
9126728167,230,10.028571
4110392701,222,10.028557
24739575241,240,10.028552
45003630769,246,10.028533
13602096023,234,10.028504
54940459309,248,10.028502
81869263573,252,10.028498
11143075871,232,10.028493
20269693427,238,10.028487
24745324033,240,10.028455
24745463833,240,10.028452
81891459743,252,10.028390
81895216451,252,10.028372
45022032827,246,10.028366
67090060187,250,10.028359
99974019793,254,10.028358
4112304169,222,10.028346
99976911523,254,10.028346
99982781881,254,10.028322
45029029673,246,10.028302
81924523939,252,10.028229
24759315001,240,10.028218
7482981031,228,10.028194
6130796873,226,10.028136
81950253719,252,10.028103
30232580233,242,10.028101
54999654421,248,10.028066
67147719593,250,10.028014
67153487243,250,10.027980
13618740041,234,10.027979
20295117677,238,10.027958
45070203839,246,10.027928
24778805747,240,10.027888
45077068847,246,10.027866
36927297713,244,10.027858
82010935429,252,10.027808
36934705823,244,10.027775
55042027507,248,10.027753
82025477549,252,10.027738
82026085369,252,10.027734
24788819177,240,10.027719
36942955871,244,10.027682
36943431113,244,10.027678
67206937739,250,10.027659
82044871801,252,10.027643
67212105167,250,10.027629
67214470553,250,10.027615
16639444903,236,10.027600
82056036889,252,10.027589
82059157889,252,10.027574
45109577729,246,10.027572
55070401651,248,10.027544
82074839963,252,10.027497
67244372399,250,10.027435
36965899967,244,10.027427
82091064551,252,10.027418
55089351157,248,10.027405
45128099747,246,10.027404
13639390367,234,10.027328
36977331563,244,10.027299
4121879563,222,10.027293
45142269853,246,10.027275
67271234477,250,10.027275
82122683009,252,10.027265
24819189469,240,10.027205
82146723013,252,10.027148
82152476533,252,10.027120
45159520657,246,10.027120
82159480229,252,10.027086
45166428829,246,10.027057
67308729041,250,10.027051
55140442207,248,10.027029
45170052409,246,10.027024
67327999577,250,10.026936
82196059579,252,10.026908
82197368303,252,10.026902
45184407197,246,10.026895
55158788407,248,10.026894
82207816703,252,10.026852
16669963753,236,10.026820
24842065967,240,10.026820
55174266607,248,10.026780
67357261031,250,10.026761
82230157433,252,10.026743
45201452207,246,10.026740
45201507469,246,10.026739
82232828729,252,10.026730
55182810871,248,10.026717
82254282301,252,10.026626
55195741801,248,10.026623
45214692709,246,10.026620
45217600517,246,10.026594
24857060309,240,10.026567
67399781591,250,10.026507
67402871873,250,10.026488
82282929821,252,10.026486
11195500343,232,10.026459
67410862367,250,10.026441
20368790171,238,10.026427
82298520901,252,10.026411
2270309423,216,10.026374
13669795631,234,10.026371
24870161867,240,10.026346
45246404327,246,10.026334
55236319279,248,10.026324
82321344179,252,10.026300
82322756881,252,10.026294
67440032783,250,10.026267
30370425259,242,10.026211
5044370953,224,10.026167
82356058913,252,10.026133
45270845377,246,10.026114
5045489851,224,10.026068
13680001931,234,10.026051
82376851811,252,10.026031
7519867237,228,10.026026
24889421231,240,10.026022
30384966943,242,10.026012
82385098771,252,10.025991
4134966461,222,10.025857
67509470141,250,10.025853
55301042659,248,10.025850
82436961121,252,10.025741
82453732519,252,10.025660
45321666917,246,10.025655
67542726047,250,10.025655
45323661289,246,10.025637
82459143743,252,10.025634
82469104999,252,10.025585
82472252221,252,10.025570
67562273213,250,10.025538
82485975211,252,10.025504
37142412851,244,10.025464
24922897133,240,10.025459
82497360103,252,10.025449
82500375569,252,10.025434
1024300787,208,10.025413
24926842307,240,10.025393
82511456623,252,10.025380
45352287427,246,10.025378
45356271733,246,10.025343
45366359509,246,10.025252
55394668201,248,10.025165
82557085883,252,10.025160
45383723377,246,10.025096
2276865167,216,10.025032
37185142067,244,10.024990
45396759263,246,10.024979
82596453439,252,10.024970
13714615391,234,10.024964
67671059999,250,10.024892
24957980909,240,10.024870
82619442793,252,10.024858
55439147149,248,10.024839
55439292397,248,10.024838
30471227323,242,10.024835
82625682319,252,10.024829
82637216939,252,10.024774
67691519801,250,10.024771
82637970001,252,10.024770
82642521979,252,10.024748
67695516527,250,10.024747
55453606969,248,10.024734
82662346301,252,10.024652
45434972797,246,10.024634
55468483159,248,10.024625
55472948719,248,10.024592
82684085311,252,10.024547
2279374477,216,10.024520
82689908771,252,10.024519
82701674119,252,10.024462
13732116403,234,10.024417
20469343991,238,10.024347
30511678909,242,10.024284
37255656371,244,10.024210
13739298091,234,10.024193
3399811967,220,10.024156
82767412919,252,10.024145
20482800479,238,10.024070
1254016021,210,10.024050
67816379009,250,10.024030
45504139463,246,10.024014
45504135343,246,10.024014
82797202321,252,10.024002
16781272147,236,10.023986
67829810303,250,10.023951
5069374867,224,10.023949
82810094951,252,10.023940
67832505317,250,10.023934
82813378411,252,10.023924
6189655697,226,10.023887
37294579823,244,10.023780
82854752801,252,10.023725
37300141667,244,10.023719
25030544257,240,10.023655
37307626217,244,10.023636
45550483709,246,10.023598
45550845073,246,10.023594
25034618549,240,10.023586
67891552721,250,10.023584
25037202629,240,10.023543
45559589809,246,10.023516
7563816847,228,10.023458
37327331003,244,10.023418
20516761319,238,10.023371
20519667137,238,10.023311
25051278143,240,10.023308
55653405889,248,10.023276
82958328311,252,10.023227
82968958769,252,10.023175
55671009259,248,10.023149
82985005661,252,10.023099
82987724431,252,10.023086
82989198641,252,10.023078
82995279649,252,10.023049
67991128019,250,10.022996
83008868483,252,10.022984
55696177567,248,10.022965
45625448879,246,10.022925
25076700841,240,10.022883
690915833,204,10.022832
83043514189,252,10.022818
83046731323,252,10.022802
37386224003,244,10.022770
37387139333,244,10.022759
55734836371,248,10.022684
45655113187,246,10.022660
45661701203,246,10.022601
55751076817,248,10.022566
20556435869,238,10.022555
45679372163,246,10.022444
20561958971,238,10.022442
68085455027,250,10.022438
25104726541,240,10.022416
83129503823,252,10.022405
68091344309,250,10.022404
83144116543,252,10.022335
83149712531,252,10.022308
83151936529,252,10.022298
45696599237,246,10.022289
83154098113,252,10.022287
83156537479,252,10.022275
83157989333,252,10.022268
68138262557,250,10.022127
83187817873,252,10.022125
37445444807,244,10.022119
45719925467,246,10.022081
45724304323,246,10.022042
7588189457,228,10.022040
37456087217,244,10.022001
45728824039,246,10.022001
68162376977,250,10.021985
11312256491,232,10.021965
30685249423,242,10.021929
68175940253,250,10.021905
55850286967,248,10.021846
25140591701,240,10.021818
25141155647,240,10.021810
5093839537,224,10.021790
68209503113,250,10.021708
83281656649,252,10.021676
83285543119,252,10.021658
68236634897,250,10.021547
25157445661,240,10.021538
83314706669,252,10.021518
83322691961,252,10.021480
55901635837,248,10.021474
68259120539,250,10.021415
68263941929,250,10.021387
45801226949,246,10.021356
68270169689,250,10.021350
55919572279,248,10.021344
45809506777,246,10.021282
68286022793,250,10.021256
83381427803,252,10.021199
55940972341,248,10.021189
45825208237,246,10.021142
83395240469,252,10.021133
16894510093,236,10.021123
83398530583,252,10.021117
7604397859,228,10.021100
37541982671,244,10.021058
16897827277,236,10.021040
55963286479,248,10.021028
37544806043,244,10.021028
30753243601,242,10.021010
83436208903,252,10.020937
6230981459,226,10.020928
68342082437,250,10.020927
83443971209,252,10.020900
13847315467,234,10.020831
25200648857,240,10.020820
83463938651,252,10.020805
83464710151,252,10.020802
20642691821,238,10.020788
30769933459,242,10.020785
25204128899,240,10.020762
83474094493,252,10.020757
381259961,198,10.020755
56002086571,248,10.020746
2298068603,216,10.020721
25211938183,240,10.020633
56022683329,248,10.020597
56024965501,248,10.020581
83515276463,252,10.020560
68413916687,250,10.020505
7615732907,228,10.020444
3427665203,220,10.020431
37601491517,244,10.020407
83555351129,252,10.020369
83565479731,252,10.020321
56064935389,248,10.020292
16927672513,236,10.020288
20667307607,238,10.020286
11357107361,232,10.020252
56072457691,248,10.020238
56080602181,248,10.020180
45939012199,246,10.020129
5112755503,224,10.020128
13871991467,234,10.020067
20679046859,238,10.020045
7623086521,228,10.020020
45955382437,246,10.019984
7623757807,228,10.019980
11364271901,232,10.019979
68511296801,250,10.019934
83650811071,252,10.019914
56117593237,248,10.019913
83654414509,252,10.019897
20690036819,238,10.019821
83671476013,252,10.019815
56134230637,248,10.019793
13881573773,234,10.019771
83685173119,252,10.019751
11370696671,232,10.019734
83691155663,252,10.019722
25268056843,240,10.019703
56149031947,248,10.019686
45989366477,246,10.019683
68559751157,250,10.019650
83706335639,252,10.019650
37671730517,244,10.019639
83712577243,252,10.019620
83717338303,252,10.019597
37675762961,244,10.019594
25278225419,240,10.019534
46006945669,246,10.019526
37682086223,244,10.019526
83733295661,252,10.019521
83735388161,252,10.019511
56173443841,248,10.019509
20706942779,238,10.019477
83742740429,252,10.019476
30869529133,242,10.019444
83754450041,252,10.019421
37693297913,244,10.019403
83759012993,252,10.019399
37694711693,244,10.019387
83764435109,252,10.019373
37697112413,244,10.019361
46029760027,246,10.019324
83776291229,252,10.019317
25294488391,240,10.019265
83795599309,252,10.019225
1037542391,208,10.019210
25299970679,240,10.019175
83823171623,252,10.019094
83824092223,252,10.019090
1888845017,214,10.019087
20728556729,238,10.019037
46063690279,246,10.019024
46064675143,246,10.019015
46066726477,246,10.018996
83851297399,252,10.018960
46076120549,246,10.018913
46076753483,246,10.018908
68689975691,250,10.018888
16984354027,236,10.018867
68693957201,250,10.018865
13911368113,234,10.018850
13912213013,234,10.018825
83879936813,252,10.018825
83884685231,252,10.018802
83890221761,252,10.018775
37754859521,244,10.018732
37755818753,244,10.018722
37760545217,244,10.018670
7646715457,228,10.018657
83918190791,252,10.018642
68735197523,250,10.018623
1548618109,212,10.018606
25336611103,240,10.018569
6265437947,226,10.018479
46127965237,246,10.018455
83960535551,252,10.018441
68767981223,250,10.018433
46134863263,246,10.018394
25347597631,240,10.018388
25350518989,240,10.018340
83984461591,252,10.018328
20764660619,238,10.018303
30954933733,242,10.018298
46146577259,246,10.018291
56344022887,248,10.018283
13931231747,234,10.018239
30961458589,242,10.018211
68809266257,250,10.018191
84025362193,252,10.018134
25363881161,240,10.018120
5136180961,224,10.018079
84040715729,252,10.018062
68831590433,250,10.018061
46173902023,246,10.018048
68839886861,250,10.018013
37821176711,244,10.018010
56384841829,248,10.017989
46181456647,246,10.017982
84061655653,252,10.017962
68854803263,250,10.017926
25376477911,240,10.017912
25380908621,240,10.017838
56411101909,248,10.017801
37841831891,244,10.017785
3447631097,220,10.017780
84102161839,252,10.017771
84106559429,252,10.017750
1040750609,208,10.017720
56425562989,248,10.017697
25389562241,240,10.017696
46216044983,246,10.017676
84123489509,252,10.017670
25391728247,240,10.017660
25392194357,240,10.017653
68902760513,250,10.017646
25393891801,240,10.017625
20800795787,238,10.017570
84145472953,252,10.017566
13954019207,234,10.017538
56451341461,248,10.017512
37867470671,244,10.017507
25402676191,240,10.017480
84169742429,252,10.017450
56463133171,248,10.017428
20808618977,238,10.017411
68948834993,250,10.017378
1271657617,210,10.017369
9363975553,230,10.017363
46254012839,246,10.017342
84194016581,252,10.017336
84195276293,252,10.017330
84205676771,252,10.017281
31034384299,242,10.017236
13964107403,234,10.017228
13964224007,234,10.017224
84218461493,252,10.017220
25418935021,240,10.017213
84223693189,252,10.017196
383981947,198,10.017148
13966900007,234,10.017142
25425423157,240,10.017106
25425945689,240,10.017097
25428087227,240,10.017062
84258751013,252,10.017030
84261520513,252,10.017016
1553874253,212,10.017002
84265753181,252,10.016996
56530616899,248,10.016945
84289473089,252,10.016885
84290561533,252,10.016879
46310528557,246,10.016843
46310550449,246,10.016843
84298222289,252,10.016843
25446212861,240,10.016765
46320959053,246,10.016751
37938992873,244,10.016730
84324917491,252,10.016717
84328216579,252,10.016702
69070901483,250,10.016668
17072774743,236,10.016659
84348092501,252,10.016607
46338092929,246,10.016601
37951879037,244,10.016591
84354512321,252,10.016578
84355416989,252,10.016573
84362650571,252,10.016539
69095819591,250,10.016523
25460940931,240,10.016522
84369412913,252,10.016507
84375749401,252,10.016478
84380856151,252,10.016453
56601685519,248,10.016437
69120415121,250,10.016380
84402102209,252,10.016353
69126412307,250,10.016346
84403641251,252,10.016346
31103139481,242,10.016318
84411111173,252,10.016311
69137409251,250,10.016282
69141007553,250,10.016261
84435694813,252,10.016194
56635872511,248,10.016192
84436405751,252,10.016191
46389718759,246,10.016147
56644769971,248,10.016129
7691966437,228,10.016060
46400256689,246,10.016054
14002843961,234,10.016040
573729671,202,10.016031
84475354651,252,10.016007
46407161117,246,10.015993
4226196473,222,10.015985
46408966463,246,10.015977
84488923159,252,10.015944
69209901389,250,10.015862
38019380381,244,10.015861
46425864637,246,10.015829
25504959983,240,10.015800
2322701027,216,10.015767
84529850299,252,10.015751
69234701609,250,10.015718
84538622689,252,10.015710
84545142749,252,10.015678
31151464783,242,10.015675
69244414469,250,10.015661
7699385249,228,10.015635
69251041931,250,10.015623
84563509441,252,10.015593
56720495137,248,10.015588
56724119719,248,10.015562
84571366169,252,10.015555
84575660711,252,10.015535
46464571897,246,10.015489
25524556667,240,10.015479
84588476689,252,10.015474
84590133311,252,10.015467
20906492681,238,10.015433
4231409851,222,10.015429
46476411277,246,10.015385
17124603913,236,10.015370
17125723969,236,10.015343
84619475711,252,10.015329
84628015799,252,10.015288
14028076277,234,10.015268
31182187381,242,10.015265
20915363327,238,10.015254
84639008743,252,10.015237
56770972339,248,10.015228
9410408221,230,10.015204
9410612347,230,10.015195
25544279531,240,10.015157
31191146731,242,10.015147
46505828123,246,10.015127
38090515913,244,10.015092
46514522753,246,10.015051
17137598239,236,10.015048
69352481249,250,10.015036
56798245627,248,10.015034
84686917789,252,10.015012
31201381051,242,10.015011
56806541257,248,10.014976
20929297061,238,10.014974
69363460217,250,10.014972
84700908631,252,10.014946
84714183209,252,10.014884
84721317403,252,10.014851
31214045371,242,10.014843
84724005973,252,10.014837
84730191493,252,10.014809
31219299823,242,10.014773
69398270273,250,10.014771
20939477717,238,10.014769
38121110933,244,10.014762
69401410121,250,10.014752
69404156051,250,10.014736
25570881937,240,10.014722
31224819601,242,10.014700
25576671847,240,10.014627
56856309067,248,10.014621
69425799731,250,10.014611
46564827817,246,10.014610
84787449433,252,10.014540
84806791271,252,10.014449
84807430789,252,10.014446
20957431259,238,10.014408
84816707473,252,10.014402
84816796291,252,10.014401
31247347531,242,10.014400
46588756169,246,10.014400
84818958461,252,10.014392
69467423087,250,10.014371
84830700949,252,10.014337
17167833169,236,10.014298
25597794071,240,10.014282
56904568057,248,10.014277
2330211599,216,10.014268
9430842229,230,10.014259
69487190159,250,10.014257
14061408967,234,10.014251
69493903121,250,10.014218
84860731763,252,10.014195
69504578291,250,10.014156
46618434007,246,10.014141
84876939409,252,10.014120
46625456987,246,10.014080
1048645331,208,10.014075
31279837933,242,10.013970
31279890073,242,10.013969
20979463469,238,10.013965
20980087211,238,10.013952
46641496787,246,10.013940
38204324033,244,10.013865
5184779293,224,10.013862
56964689011,248,10.013851
69557773163,250,10.013850
46655174897,246,10.013820
69568111883,250,10.013790
84948687433,252,10.013783
84956975713,252,10.013744
31297814221,242,10.013732
46674036533,246,10.013656
69595575347,250,10.013632
17194879969,236,10.013630
84986466361,252,10.013607
84991336571,252,10.013584
84995053019,252,10.013566
84996861023,252,10.013558
84999727789,252,10.013544
1281986521,210,10.013506
21002606927,238,10.013500
9447913819,230,10.013471
25649531689,240,10.013438
85027505921,252,10.013414
46704740567,246,10.013388
46707132623,246,10.013367
5190900157,224,10.013333
25656032869,240,10.013332
3481483877,220,10.013325
69652940267,250,10.013301
25659925637,240,10.013269
38261757917,244,10.013248
38267768303,244,10.013184
25665337207,240,10.013181
57059353279,248,10.013180
21022138601,238,10.013109
85094992313,252,10.013099
46739502863,246,10.013084
25671953023,240,10.013073
85107610183,252,10.013040
85108066249,252,10.013038
25678196837,240,10.012972
85127769313,252,10.012946
25680959729,240,10.012927
25681575583,240,10.012917
69733654307,250,10.012836
11554741721,232,10.012792
7749589667,228,10.012777
38314206641,244,10.012686
85193893963,252,10.012637
69769951541,250,10.012629
25703301277,240,10.012564
38325866561,244,10.012561
85219876303,252,10.012515
69790308377,250,10.012511
57154816339,248,10.012504
25707294553,240,10.012499
57157095031,248,10.012487
38334149681,244,10.012472
46810389467,246,10.012466
85231689083,252,10.012461
85231911631,252,10.012459
85236944983,252,10.012436
69820209101,250,10.012340
85259626733,252,10.012330
7758007099,228,10.012300
21062574917,238,10.012300
25721874377,240,10.012261
85277582909,252,10.012246
31410572569,242,10.012242
69837299711,250,10.012241
14128761833,234,10.012203
85293419843,252,10.012173
69855857537,250,10.012135
69856625801,250,10.012131
69867555047,250,10.012068
46858885373,246,10.012044
11575308203,232,10.012023
85329688621,252,10.012003
85330318621,252,10.012000
21077724947,238,10.011996
57227028679,248,10.011993
85332614951,252,10.011990
4263913679,222,10.011972
85344519173,252,10.011934
85363187719,252,10.011847
25749587153,240,10.011812
6360821897,226,10.011773
46891402009,246,10.011762
4266003853,222,10.011751
38401555721,244,10.011750
85387564499,252,10.011733
85394858363,252,10.011700
31452645283,242,10.011687
85397951939,252,10.011685
25757928773,240,10.011677
14147798711,234,10.011627
85418264791,252,10.011591
14150585093,234,10.011542
25767120191,240,10.011528
25767464603,240,10.011522
85435397909,252,10.011511
85437432623,252,10.011501
38429265863,244,10.011454
85450141571,252,10.011442
46928157443,246,10.011442
17283847039,236,10.011437
46930157077,246,10.011425
85458441391,252,10.011403
21109184771,238,10.011369
85469427481,252,10.011353
85475732533,252,10.011323
2345104513,216,10.011312
38445128741,244,10.011284
46950708487,246,10.011247
31486307389,242,10.011245
70013998781,250,10.011229
4270965593,222,10.011227
70014376823,250,10.011226
70017342389,250,10.011209
57343109059,248,10.011174
57345606667,248,10.011157
2865106597,218,10.011081
21124219769,238,10.011068
14166317843,234,10.011066
70043435237,250,10.011060
70045869329,250,10.011045
57367120957,248,10.011005
21127813709,238,10.010997
46980151109,246,10.010991
31505778859,242,10.010988
4273272163,222,10.010983
38474157311,244,10.010974
85552581799,252,10.010965
85559702329,252,10.010933
70076806781,250,10.010869
11606270729,232,10.010869
70085882387,250,10.010817
25811462767,240,10.010810
57398439421,248,10.010784
5220715693,224,10.010771
47007381767,246,10.010756
85604438653,252,10.010725
85604417383,252,10.010725
57409024447,248,10.010710
57417669451,248,10.010650
47019925013,246,10.010647
85621091069,252,10.010647
9509472277,230,10.010640
85629013993,252,10.010611
2348698669,216,10.010600
25824417923,240,10.010600
1575065911,212,10.010594
85636946441,252,10.010573
25826853751,240,10.010561
11614659923,232,10.010557
85652433149,252,10.010502
25831278899,240,10.010489
85655155291,252,10.010489
85657355989,252,10.010479
38522749673,244,10.010456
21156350951,238,10.010428
25835142121,240,10.010427
7791428947,228,10.010410
85674358519,252,10.010400
9514767169,230,10.010397
38534124557,244,10.010334
21161346149,238,10.010329
47058022799,246,10.010317
57467818501,248,10.010297
57469309879,248,10.010286
47061837709,246,10.010283
21164029847,238,10.010276
47064504323,246,10.010261
38542667963,244,10.010243
38542904867,244,10.010241
17332900213,236,10.010234
25847934643,240,10.010221
47069695073,246,10.010216
47072184179,246,10.010194
57485885161,248,10.010169
70206660233,250,10.010127
85733971373,252,10.010123
85736853859,252,10.010110
47087036617,246,10.010066
85752190879,252,10.010038
85756138133,252,10.010020
47092669543,246,10.010016
85757837419,252,10.010013
85761968573,252,10.009994
14202549971,234,10.009973
70242606557,250,10.009921
38577707213,244,10.009871
38577946577,244,10.009868
14206784083,234,10.009845
85806940909,252,10.009785
25876005097,240,10.009768
70271145941,250,10.009759
1577852443,212,10.009759
14209980233,234,10.009748
85816131283,252,10.009743
709617283,204,10.009698
85830316123,252,10.009677
85830426883,252,10.009676
57561681427,248,10.009637
85845712409,252,10.009605
70301880827,250,10.009583
70303453529,250,10.009575
319183289,196,10.009562
85861581511,252,10.009532
57577830487,248,10.009523
47150708183,246,10.009515
70321727459,250,10.009470
31621967659,242,10.009464
85880855761,252,10.009442
70327670363,250,10.009437
6394446497,226,10.009436
14220537601,234,10.009431
85887459379,252,10.009412
38623957433,244,10.009378
17368834183,236,10.009355
25902234749,240,10.009344
38628237623,244,10.009333
85908248329,252,10.009315
25904012359,240,10.009315
25906319143,240,10.009278
70355922881,250,10.009275
17376364399,236,10.009171
47191413043,246,10.009164
11653669913,232,10.009109
25924299811,240,10.008988
14236229873,234,10.008959
85989649303,252,10.008940
47220940853,246,10.008909
25930475533,240,10.008889
14238785903,234,10.008882
86016422621,252,10.008816
70438365407,250,10.008806
70442839877,250,10.008780
70451613203,250,10.008731
86042152549,252,10.008697
70458264491,250,10.008693
86046781201,252,10.008676
57699935539,248,10.008668
14246644931,234,10.008645
14248712441,234,10.008583
70483464599,250,10.008550
38703799163,244,10.008531
57719742571,248,10.008530
70494587879,250,10.008487
17405572237,236,10.008458
57730701739,248,10.008452
25958362093,240,10.008441
86109813869,252,10.008385
25962728503,240,10.008370
17409420937,236,10.008364
25963493993,240,10.008358
7828222529,228,10.008340
9560033971,230,10.008330
5249434327,224,10.008317
86128016531,252,10.008300
38728544831,244,10.008268
86147741821,252,10.008209
70559236301,250,10.008120
7832567021,228,10.008096
14265428461,234,10.008081
31728970621,242,10.008066
70568764181,250,10.008065
7833368189,228,10.008051
3522346907,220,10.008010
70581917933,250,10.007991
6415596293,226,10.007972
47331537899,246,10.007957
86212533371,252,10.007911
86220605873,252,10.007874
70603441661,250,10.007869
70603659671,250,10.007867
25995415409,240,10.007845
31746659551,242,10.007835
25997886443,240,10.007806
86238755441,252,10.007790
57826512049,248,10.007783
26004039283,240,10.007707
86265227263,252,10.007668
38787590867,244,10.007643
86273762623,252,10.007628
6422551679,226,10.007492
70677173813,250,10.007450
38806141097,244,10.007446
38807429501,244,10.007433
17448553429,236,10.007411
86322325571,252,10.007404
86327091371,252,10.007382
70702530737,250,10.007306
38819725361,244,10.007302
86367970789,252,10.007195
86369811629,252,10.007186
57913100149,248,10.007178
86372887169,252,10.007172
57915485389,248,10.007162
57918468241,248,10.007141
70734791723,250,10.007124
86384159293,252,10.007120
26041371553,240,10.007109
86392615189,252,10.007081
86404589261,252,10.007026
86405257909,252,10.007023
47449034873,246,10.006948
47449843769,246,10.006940
57948128377,248,10.006934
38855832401,244,10.006921
11712903263,232,10.006920
57953165659,248,10.006900
57958468147,248,10.006863
47460312337,246,10.006850
21337689209,238,10.006836
47466673517,246,10.006796
70798112123,250,10.006765
70800667277,250,10.006751
1300387709,210,10.006705
86476842091,252,10.006694
31837038061,242,10.006659
26075853431,240,10.006557
21352493801,238,10.006544
58005467557,248,10.006536
26078575291,240,10.006513
17486934973,236,10.006479
14319090553,234,10.006474
4316222219,222,10.006470
47508117757,246,10.006440
31854973351,242,10.006426
86536132799,252,10.006422
17491169263,236,10.006376
38912052617,244,10.006328
86565544151,252,10.006287
21367259321,238,10.006253
9605844253,230,10.006248
38922792101,244,10.006214
47537260559,246,10.006191
11733637523,232,10.006157
58064372851,248,10.006125
17501792359,236,10.006119
47546444287,246,10.006112
70915751099,250,10.006101
86607145883,252,10.006096
31881475789,242,10.006082
86615320541,252,10.006058
14333301791,234,10.006050
26107516793,240,10.006050
31889615809,242,10.005976
70944336707,250,10.005939
58095625249,248,10.005908
86652629353,252,10.005887
17511648109,236,10.005879
86660645641,252,10.005851
26120534717,240,10.005842
70967362967,250,10.005809
70968682997,250,10.005801
31903660291,242,10.005794
47586025679,246,10.005774
26127008111,240,10.005738
58120250971,248,10.005737
14344025131,234,10.005730
86692503059,252,10.005704
86715837709,252,10.005597
47608750823,246,10.005579
47609851657,246,10.005570
17524919707,236,10.005558
53231051,178,10.005537
31924838923,242,10.005520
47616329263,246,10.005514
26146937899,240,10.005421
71036592791,250,10.005419
86760024619,252,10.005395
31935777421,242,10.005378
86768240521,252,10.005358
86768912023,252,10.005354
47641451497,246,10.005300
4327575631,222,10.005285
21419038049,238,10.005236
31949509411,242,10.005200
86806981013,252,10.005180
86809504193,252,10.005169
71081762753,250,10.005164
71082876797,250,10.005157
86827982369,252,10.005084
71099141777,250,10.005066
26170795619,240,10.005040
4330010611,222,10.005032
26172067981,240,10.005020
14368186537,234,10.005010
86851395161,252,10.004977
47681441377,246,10.004958
86855592389,252,10.004958
47681951729,246,10.004954
26176461293,240,10.004950
58236073939,248,10.004933
47686415639,246,10.004916
86866781381,252,10.004907
86867004881,252,10.004906
71132645921,250,10.004877
86873174779,252,10.004877
47695185493,246,10.004841
86881455389,252,10.004840
86884975511,252,10.004824
586839971,202,10.004823
5291002267,224,10.004791
86892558733,252,10.004788
39059102321,244,10.004780
14376256717,234,10.004770
26187823813,240,10.004768
71153574299,250,10.004760
1594663171,212,10.004753
58262511481,248,10.004750
86911638379,252,10.004702
47711671327,246,10.004701
47712737029,246,10.004691
71166718517,250,10.004685
7894076087,228,10.004661
21449927969,238,10.004629
71179276193,250,10.004615
31998788803,242,10.004562
9643144087,230,10.004561
26205117187,240,10.004494
4335655031,222,10.004444
39091311533,244,10.004442
1948838627,214,10.004441
26208638413,240,10.004437
47747978393,246,10.004391
58322883799,248,10.004333
7900207457,228,10.004320
86997107081,252,10.004312
71241542051,250,10.004265
47765462483,246,10.004242
58341818599,248,10.004201
71257523591,250,10.004175
87029165141,252,10.004165
47779128497,246,10.004126
32036846263,242,10.004071
26234461609,240,10.004026
26235950369,240,10.004004
71299269539,250,10.003941
71316848063,250,10.003842
47812967039,246,10.003838
58401268561,248,10.003790
6476839769,226,10.003763
87121880821,252,10.003742
26257771207,240,10.003656
87141748481,252,10.003652
481691713,200,10.003594
87155336623,252,10.003590
71367274079,250,10.003559
47847421873,246,10.003545
39178209827,244,10.003531
71376458399,250,10.003508
87175616453,252,10.003497
14419396543,234,10.003489
87177884329,252,10.003487
87178658209,252,10.003483
58447105207,248,10.003474
87180870781,252,10.003473
17611436107,236,10.003469
87191860253,252,10.003423
21515414729,238,10.003347
39198226481,244,10.003322
26279461927,240,10.003312
87216880633,252,10.003309
47876269223,246,10.003300
21518775977,238,10.003282
87223319801,252,10.003280
21520072289,238,10.003257
87229963999,252,10.003249
21520775897,238,10.003242
9672939091,230,10.003220
21523324001,238,10.003193
21523318031,238,10.003193
71439624017,250,10.003154
71440946537,250,10.003146
87255332551,252,10.003134
21526755617,238,10.003126
11816568971,232,10.003118
71454579101,250,10.003070
87274921619,252,10.003045
71460203777,250,10.003038
71465553041,250,10.003008
47921090717,246,10.002919
87309635843,252,10.002887
87317574769,252,10.002851
47932268243,246,10.002824
87323737301,252,10.002823
47934304757,246,10.002807
87330642109,252,10.002791
71508547793,250,10.002768
87343073431,252,10.002735
58557851389,248,10.002710
32143006783,242,10.002703
26318040451,240,10.002701
26318366429,240,10.002695
71522934683,250,10.002687
14446957487,234,10.002672
87362625341,252,10.002646
87364266029,252,10.002639
71533746749,250,10.002626
71534121947,250,10.002625
87369348533,252,10.002616
47958868513,246,10.002599
87377737123,252,10.002578
87379490501,252,10.002569
87387622801,252,10.002533
71555871053,250,10.002502
21559644521,238,10.002484
9690766201,230,10.002419
47980246649,246,10.002418
87417898159,252,10.002395
58604376577,248,10.002390
7936214707,228,10.002324
87433638503,252,10.002323
47993372003,246,10.002306
87438925741,252,10.002299
87439602533,252,10.002296
47996196223,246,10.002282
87454987283,252,10.002227
26348783821,240,10.002213
87458646601,252,10.002210
48009042689,246,10.002173
14463845317,234,10.002172
58636586797,248,10.002168
48011449747,246,10.002152
71629298231,250,10.002092
87487413451,252,10.002080
87487446451,252,10.002079
87491473939,252,10.002061
48022753253,246,10.002057
21581885999,238,10.002050
58654738657,248,10.002043
87495767071,252,10.002042
87502990349,252,10.002008
87502994143,252,10.002008
11847357713,232,10.001996
87516694873,252,10.001946
48036956599,246,10.001937
58674449089,248,10.001907
26368227799,240,10.001906
17676840763,236,10.001898
48042451687,246,10.001890
71666917661,250,10.001883
7944525107,228,10.001864
71671924403,250,10.001854
87537870829,252,10.001850
39340187573,244,10.001840
58685090731,248,10.001835
48050687599,246,10.001821
48053570849,246,10.001796
87559713629,252,10.001752
21597954467,238,10.001738
7947016751,228,10.001727
48061792697,246,10.001726
87567769141,252,10.001715
71699663531,250,10.001699
26382596353,240,10.001679
87576524201,252,10.001676
87583449259,252,10.001644
7948635509,228,10.001638
71711554301,250,10.001634
11857628579,232,10.001622
26387063627,240,10.001609
58718264719,248,10.001606
14483353933,234,10.001596
48081966197,246,10.001556
87608809649,252,10.001529
26392268797,240,10.001527
87609616519,252,10.001525
87610680961,252,10.001520
6509775557,226,10.001517
87613285043,252,10.001509
26394434153,240,10.001493
87631142821,252,10.001428
71762013611,250,10.001351
21617990081,238,10.001348
26404990723,240,10.001326
6513289493,226,10.001279
87668737523,252,10.001258
87671767879,252,10.001244
58772359519,248,10.001235
14495963411,234,10.001225
39403377557,244,10.001182
87689784443,252,10.001163
32265618169,242,10.001129
48133132897,246,10.001123
32267043541,242,10.001111
58792114669,248,10.001100
87708342091,252,10.001079
26421548983,240,10.001064
21633394667,238,10.001049
58800818749,248,10.001040
71820880427,250,10.001023
87724224391,252,10.001006
21636144659,238,10.000996
14504091631,234,10.000984
32283382741,242,10.000901
87754038319,252,10.000872
48164883707,246,10.000855
87770333381,252,10.000798
87778160291,252,10.000763
48175894357,246,10.000762
58841836771,248,10.000758
58845678877,248,10.000732
14513903317,234,10.000695
1078211129,208,10.000688
71883031403,250,10.000678
14514772651,234,10.000669
87799207889,252,10.000668
58856493967,248,10.000658
26447335751,240,10.000658
39454519721,244,10.000649
71889620489,250,10.000641
26449924357,240,10.000617
26451630173,240,10.000590
87827398543,252,10.000540
87828464123,252,10.000535
87829044791,252,10.000532
48206697277,246,10.000503
32315333623,242,10.000493
58883335039,248,10.000474
71921050067,250,10.000466
87854195183,252,10.000419
14524154167,234,10.000394
26464496813,240,10.000387
87875608661,252,10.000322
21671392559,238,10.000312
9737988751,230,10.000304
87887152433,252,10.000270
32332969021,242,10.000267
14528483587,234,10.000266
32339892721,242,10.000178
14535364703,234,10.000064
48262698047,246,10.000031
26487454619,240,10.000027
39515485703,244,10.000017
32352814213,242,10.000013
